backend,threads,nx,topo,r_std,rx0,h_ratio,cfl,solver,iterations,wall_s,wall_mad_s,wall_min_s,n_repeat,residual,l2_vs_ref
fortran_omp,1,128,flat,0.000000,0.000000,1.0000,2,pcg_jacobi,24,4.417900e-03,1.910000e-05,4.338900e-03,5,9.526e-11,1.169e-10
fortran_omp,16,128,flat,0.000000,0.000000,1.0000,2,pcg_jacobi,24,6.651000e-04,7.000000e-06,6.581000e-04,5,9.526e-11,1.169e-10
fortran_serial,1,128,flat,0.000000,0.000000,1.0000,2,pcg_jacobi,24,6.089000e-04,1.200000e-06,6.030000e-04,5,9.526e-11,1.169e-10
openacc,0,128,flat,0.000000,0.000000,1.0000,2,pcg_jacobi,24,2.225000e-03,9.000000e-06,2.211100e-03,5,9.526e-11,1.169e-10
cuda,0,128,flat,0.000000,0.000000,1.0000,2,pcg_jacobi,24,1.079965e-03,1.319100e-05,1.066043e-03,5,9.526e-11,1.169e-10
fortran_omp,1,128,flat,0.000000,0.000000,1.0000,2,pcg_rbgs,12,5.399000e-03,9.390000e-05,5.210900e-03,5,7.621e-11,9.380e-11
fortran_omp,16,128,flat,0.000000,0.000000,1.0000,2,pcg_rbgs,12,6.079000e-04,2.800000e-06,6.051000e-04,5,7.621e-11,9.380e-11
fortran_serial,1,128,flat,0.000000,0.000000,1.0000,2,pcg_rbgs,12,1.732800e-03,2.790000e-05,1.704900e-03,5,7.621e-11,9.380e-11
openacc,0,128,flat,0.000000,0.000000,1.0000,2,pcg_rbgs,12,2.020100e-03,1.068000e-04,1.908100e-03,5,7.621e-11,9.380e-11
cuda,0,128,flat,0.000000,0.000000,1.0000,2,pcg_rbgs,12,7.475220e-04,1.802000e-06,7.452170e-04,5,7.621e-11,9.380e-11
fortran_omp,1,128,flat,0.000000,0.000000,1.0000,2,multigrid,6,3.568900e-03,2.000000e-06,3.564100e-03,5,2.728e-12,4.233e-12
fortran_omp,16,128,flat,0.000000,0.000000,1.0000,2,multigrid,6,8.330000e-04,4.000000e-06,8.290000e-04,5,2.728e-12,4.233e-12
fortran_serial,1,128,flat,0.000000,0.000000,1.0000,2,multigrid,6,2.765900e-03,5.000000e-06,2.758000e-03,5,2.728e-12,4.233e-12
openacc,0,128,flat,0.000000,0.000000,1.0000,2,multigrid,6,7.427200e-03,1.154000e-04,7.236900e-03,5,2.728e-12,4.233e-12
cuda,0,128,flat,0.000000,0.000000,1.0000,2,multigrid,6,1.351846e-03,4.900000e-07,1.350163e-03,5,2.728e-12,4.233e-12
fortran_omp,1,128,flat,0.000000,0.000000,1.0000,8,pcg_jacobi,90,1.224400e-02,1.110000e-05,1.223000e-02,5,9.148e-11,2.447e-10
fortran_omp,16,128,flat,0.000000,0.000000,1.0000,8,pcg_jacobi,90,2.510100e-03,4.880000e-05,2.436800e-03,5,9.148e-11,2.447e-10
fortran_serial,1,128,flat,0.000000,0.000000,1.0000,8,pcg_jacobi,90,2.319100e-03,9.210000e-05,2.208000e-03,5,9.148e-11,2.447e-10
openacc,0,128,flat,0.000000,0.000000,1.0000,8,pcg_jacobi,90,8.216100e-03,3.020000e-05,8.050200e-03,5,9.148e-11,2.447e-10
cuda,0,128,flat,0.000000,0.000000,1.0000,8,pcg_jacobi,90,3.940794e-03,1.350000e-05,3.622902e-03,5,9.148e-11,2.447e-10
fortran_omp,1,128,flat,0.000000,0.000000,1.0000,8,pcg_rbgs,45,1.944310e-02,2.900000e-05,1.927900e-02,5,8.581e-11,2.293e-10
fortran_omp,16,128,flat,0.000000,0.000000,1.0000,8,pcg_rbgs,45,2.261900e-03,1.530000e-05,2.210800e-03,5,8.581e-11,2.293e-10
fortran_serial,1,128,flat,0.000000,0.000000,1.0000,8,pcg_rbgs,45,6.781100e-03,2.030000e-05,6.760800e-03,5,8.581e-11,2.293e-10
openacc,0,128,flat,0.000000,0.000000,1.0000,8,pcg_rbgs,45,7.835800e-03,8.270000e-05,7.683900e-03,5,8.581e-11,2.293e-10
cuda,0,128,flat,0.000000,0.000000,1.0000,8,pcg_rbgs,45,2.703040e-03,9.944000e-06,2.693096e-03,5,8.581e-11,2.293e-10
fortran_omp,1,128,flat,0.000000,0.000000,1.0000,8,multigrid,9,5.351100e-03,4.100000e-06,5.347000e-03,5,8.532e-11,1.804e-10
fortran_omp,16,128,flat,0.000000,0.000000,1.0000,8,multigrid,9,1.353000e-03,9.000000e-07,1.208000e-03,5,8.532e-11,1.804e-10
fortran_serial,1,128,flat,0.000000,0.000000,1.0000,8,multigrid,9,4.242900e-03,9.610000e-05,4.111000e-03,5,8.532e-11,1.804e-10
openacc,0,128,flat,0.000000,0.000000,1.0000,8,multigrid,9,1.114600e-02,6.280000e-05,1.108320e-02,5,8.532e-11,1.804e-10
cuda,0,128,flat,0.000000,0.000000,1.0000,8,multigrid,9,2.018013e-03,1.583000e-06,2.014778e-03,5,8.532e-11,1.804e-10
fortran_omp,1,128,flat,0.000000,0.000000,1.0000,32,pcg_jacobi,241,4.368780e-02,1.690000e-04,3.795690e-02,5,9.452e-11,1.295e-10
fortran_omp,16,128,flat,0.000000,0.000000,1.0000,32,pcg_jacobi,241,6.655900e-03,3.000000e-05,6.608900e-03,5,9.452e-11,1.295e-10
fortran_serial,1,128,flat,0.000000,0.000000,1.0000,32,pcg_jacobi,241,6.038000e-03,2.390000e-05,6.014100e-03,5,9.452e-11,1.295e-10
openacc,0,128,flat,0.000000,0.000000,1.0000,32,pcg_jacobi,241,2.185700e-02,6.000000e-06,2.073290e-02,5,9.452e-11,1.295e-10
cuda,0,128,flat,0.000000,0.000000,1.0000,32,pcg_jacobi,241,1.052421e-02,2.332500e-05,1.050088e-02,5,9.452e-11,1.295e-10
fortran_omp,1,128,flat,0.000000,0.000000,1.0000,32,pcg_rbgs,131,3.902700e-02,3.200000e-05,3.899500e-02,5,8.275e-11,1.043e-10
fortran_omp,16,128,flat,0.000000,0.000000,1.0000,32,pcg_rbgs,131,6.583900e-03,9.700000e-05,6.427800e-03,5,8.275e-11,1.043e-10
fortran_serial,1,128,flat,0.000000,0.000000,1.0000,32,pcg_rbgs,131,1.958010e-02,1.393000e-04,1.935700e-02,5,8.275e-11,1.043e-10
openacc,0,128,flat,0.000000,0.000000,1.0000,32,pcg_rbgs,131,2.277390e-02,5.310000e-05,2.262710e-02,5,8.275e-11,1.043e-10
cuda,0,128,flat,0.000000,0.000000,1.0000,32,pcg_rbgs,131,7.822197e-03,2.128200e-05,7.786183e-03,5,8.275e-11,1.043e-10
fortran_omp,1,128,flat,0.000000,0.000000,1.0000,32,multigrid,10,9.358900e-03,8.800000e-05,9.270900e-03,5,8.015e-11,1.485e-10
fortran_omp,16,128,flat,0.000000,0.000000,1.0000,32,multigrid,10,1.371000e-03,1.390000e-05,1.354000e-03,5,8.015e-11,1.485e-10
fortran_serial,1,128,flat,0.000000,0.000000,1.0000,32,multigrid,10,4.850900e-03,2.000000e-06,4.848900e-03,5,8.015e-11,1.485e-10
openacc,0,128,flat,0.000000,0.000000,1.0000,32,multigrid,10,1.244000e-02,1.100000e-05,1.233820e-02,5,8.015e-11,1.485e-10
cuda,0,128,flat,0.000000,0.000000,1.0000,32,multigrid,10,2.240881e-03,1.713000e-06,2.238918e-03,5,8.015e-11,1.485e-10
fortran_omp,1,128,flat,0.000000,0.000000,1.0000,128,pcg_jacobi,285,4.396900e-02,4.488100e-03,3.888320e-02,5,8.605e-11,4.222e-11
fortran_omp,16,128,flat,0.000000,0.000000,1.0000,128,pcg_jacobi,285,8.389000e-03,3.600000e-05,8.018900e-03,5,8.605e-11,4.222e-11
fortran_serial,1,128,flat,0.000000,0.000000,1.0000,128,pcg_jacobi,285,7.334000e-03,5.790000e-05,7.200900e-03,5,8.605e-11,4.222e-11
openacc,0,128,flat,0.000000,0.000000,1.0000,128,pcg_jacobi,285,2.602290e-02,2.190000e-05,2.585510e-02,5,8.605e-11,4.222e-11
cuda,0,128,flat,0.000000,0.000000,1.0000,128,pcg_jacobi,285,1.255083e-02,5.081600e-05,1.250002e-02,5,8.605e-11,4.222e-11
fortran_omp,1,128,flat,0.000000,0.000000,1.0000,128,pcg_rbgs,159,4.702810e-02,1.162000e-04,4.684900e-02,5,6.034e-11,3.020e-11
fortran_omp,16,128,flat,0.000000,0.000000,1.0000,128,pcg_rbgs,159,1.013080e-02,4.980000e-05,9.948000e-03,5,6.034e-11,3.020e-11
fortran_serial,1,128,flat,0.000000,0.000000,1.0000,128,pcg_rbgs,159,2.315590e-02,4.670000e-05,2.310920e-02,5,6.034e-11,3.020e-11
openacc,0,128,flat,0.000000,0.000000,1.0000,128,pcg_rbgs,159,2.765990e-02,5.990000e-05,2.686090e-02,5,6.034e-11,3.020e-11
cuda,0,128,flat,0.000000,0.000000,1.0000,128,pcg_rbgs,159,9.454977e-03,2.731100e-05,9.408197e-03,5,6.034e-11,3.020e-11
fortran_omp,1,128,flat,0.000000,0.000000,1.0000,128,multigrid,29,2.730300e-02,7.410000e-05,2.689500e-02,5,9.018e-11,2.351e-08
fortran_omp,16,128,flat,0.000000,0.000000,1.0000,128,multigrid,29,3.874000e-03,3.900000e-06,3.857900e-03,5,9.018e-11,2.351e-08
fortran_serial,1,128,flat,0.000000,0.000000,1.0000,128,multigrid,29,1.332400e-02,5.510000e-05,1.325200e-02,5,9.018e-11,2.351e-08
openacc,0,128,flat,0.000000,0.000000,1.0000,128,multigrid,29,3.566910e-02,1.631000e-04,3.517890e-02,5,9.018e-11,2.351e-08
cuda,0,128,flat,0.000000,0.000000,1.0000,128,multigrid,29,6.465093e-03,3.525000e-06,6.461418e-03,5,9.018e-11,2.351e-08
fortran_omp,1,128,rough0.05,0.050000,0.024500,1.3724,2,pcg_jacobi,24,4.388100e-03,1.880000e-05,4.329900e-03,5,4.623e-11,5.623e-11
fortran_omp,16,128,rough0.05,0.050000,0.024500,1.3724,2,pcg_jacobi,24,6.800000e-04,7.000000e-06,6.668000e-04,5,4.623e-11,5.623e-11
fortran_serial,1,128,rough0.05,0.050000,0.024500,1.3724,2,pcg_jacobi,24,6.202000e-04,1.300000e-06,6.189000e-04,5,4.623e-11,5.623e-11
openacc,0,128,rough0.05,0.050000,0.024500,1.3724,2,pcg_jacobi,24,2.216800e-03,1.120000e-05,2.203000e-03,5,4.623e-11,5.623e-11
cuda,0,128,rough0.05,0.050000,0.024500,1.3724,2,pcg_jacobi,24,1.079995e-03,1.428200e-05,1.065713e-03,5,4.623e-11,5.623e-11
fortran_omp,1,128,rough0.05,0.050000,0.024500,1.3724,2,pcg_rbgs,12,5.470000e-03,4.200000e-05,5.282900e-03,5,3.671e-11,4.475e-11
fortran_omp,16,128,rough0.05,0.050000,0.024500,1.3724,2,pcg_rbgs,12,5.842000e-04,2.200000e-06,5.820000e-04,5,3.671e-11,4.475e-11
fortran_serial,1,128,rough0.05,0.050000,0.024500,1.3724,2,pcg_rbgs,12,1.735900e-03,1.500000e-05,1.712100e-03,5,3.671e-11,4.475e-11
openacc,0,128,rough0.05,0.050000,0.024500,1.3724,2,pcg_rbgs,12,2.126900e-03,5.300000e-06,1.924000e-03,5,3.671e-11,4.475e-11
cuda,0,128,rough0.05,0.050000,0.024500,1.3724,2,pcg_rbgs,12,7.457380e-04,6.010000e-07,7.429240e-04,5,3.671e-11,4.475e-11
fortran_omp,1,128,rough0.05,0.050000,0.024500,1.3724,2,multigrid,5,2.990000e-03,4.000000e-06,2.986000e-03,5,7.267e-11,1.086e-10
fortran_omp,16,128,rough0.05,0.050000,0.024500,1.3724,2,multigrid,5,7.219000e-04,5.100000e-06,7.030000e-04,5,7.267e-11,1.086e-10
fortran_serial,1,128,rough0.05,0.050000,0.024500,1.3724,2,multigrid,5,2.302800e-03,5.000000e-06,2.288200e-03,5,7.267e-11,1.086e-10
openacc,0,128,rough0.05,0.050000,0.024500,1.3724,2,multigrid,5,6.254900e-03,2.280000e-05,6.232100e-03,5,7.267e-11,1.086e-10
cuda,0,128,rough0.05,0.050000,0.024500,1.3724,2,multigrid,5,1.129710e-03,3.810000e-07,1.127015e-03,5,7.267e-11,1.086e-10
fortran_omp,1,128,rough0.05,0.050000,0.024500,1.3724,8,pcg_jacobi,87,1.206400e-02,3.600000e-05,1.196500e-02,5,7.969e-11,1.930e-10
fortran_omp,16,128,rough0.05,0.050000,0.024500,1.3724,8,pcg_jacobi,87,2.351900e-03,5.900000e-06,2.346000e-03,5,7.969e-11,1.930e-10
fortran_serial,1,128,rough0.05,0.050000,0.024500,1.3724,8,pcg_jacobi,87,2.218000e-03,3.100000e-05,2.183000e-03,5,7.969e-11,1.930e-10
openacc,0,128,rough0.05,0.050000,0.024500,1.3724,8,pcg_jacobi,87,7.946000e-03,1.090000e-05,7.935100e-03,5,7.969e-11,1.930e-10
cuda,0,128,rough0.05,0.050000,0.024500,1.3724,8,pcg_jacobi,87,3.818558e-03,4.536000e-06,3.811167e-03,5,7.969e-11,1.930e-10
fortran_omp,1,128,rough0.05,0.050000,0.024500,1.3724,8,pcg_rbgs,43,1.268010e-02,1.320000e-05,1.266690e-02,5,9.641e-11,2.287e-10
fortran_omp,16,128,rough0.05,0.050000,0.024500,1.3724,8,pcg_rbgs,43,2.165000e-03,1.390000e-05,2.003000e-03,5,9.641e-11,2.287e-10
fortran_serial,1,128,rough0.05,0.050000,0.024500,1.3724,8,pcg_rbgs,43,6.220100e-03,1.200000e-05,6.167100e-03,5,9.641e-11,2.287e-10
openacc,0,128,rough0.05,0.050000,0.024500,1.3724,8,pcg_rbgs,43,7.528000e-03,8.900000e-06,7.516900e-03,5,9.641e-11,2.287e-10
cuda,0,128,rough0.05,0.050000,0.024500,1.3724,8,pcg_rbgs,43,2.593685e-03,1.225800e-05,2.581427e-03,5,9.641e-11,2.287e-10
fortran_omp,1,128,rough0.05,0.050000,0.024500,1.3724,8,multigrid,9,8.381800e-03,8.240000e-04,5.396100e-03,5,7.054e-11,1.449e-10
fortran_omp,16,128,rough0.05,0.050000,0.024500,1.3724,8,multigrid,9,1.224000e-03,6.900000e-06,1.165200e-03,5,7.054e-11,1.449e-10
fortran_serial,1,128,rough0.05,0.050000,0.024500,1.3724,8,multigrid,9,4.116000e-03,7.000000e-06,4.103200e-03,5,7.054e-11,1.449e-10
openacc,0,128,rough0.05,0.050000,0.024500,1.3724,8,multigrid,9,1.118180e-02,4.270000e-05,1.111700e-02,5,7.054e-11,1.449e-10
cuda,0,128,rough0.05,0.050000,0.024500,1.3724,8,multigrid,9,2.017203e-03,9.810000e-07,2.014999e-03,5,7.054e-11,1.449e-10
fortran_omp,1,128,rough0.05,0.050000,0.024500,1.3724,32,pcg_jacobi,299,4.082420e-02,7.480000e-05,4.066080e-02,5,9.820e-11,2.829e-10
fortran_omp,16,128,rough0.05,0.050000,0.024500,1.3724,32,pcg_jacobi,299,8.037000e-03,2.800000e-05,8.009000e-03,5,9.820e-11,2.829e-10
fortran_serial,1,128,rough0.05,0.050000,0.024500,1.3724,32,pcg_jacobi,299,7.706000e-03,6.900000e-05,7.637000e-03,5,9.820e-11,2.829e-10
openacc,0,128,rough0.05,0.050000,0.024500,1.3724,32,pcg_jacobi,299,2.668810e-02,3.698000e-04,2.594990e-02,5,9.820e-11,2.829e-10
cuda,0,128,rough0.05,0.050000,0.024500,1.3724,32,pcg_jacobi,299,1.299229e-02,2.016100e-05,1.297213e-02,5,9.820e-11,2.829e-10
fortran_omp,1,128,rough0.05,0.050000,0.024500,1.3724,32,pcg_rbgs,150,4.437490e-02,6.190000e-05,4.431300e-02,5,8.819e-11,2.439e-10
fortran_omp,16,128,rough0.05,0.050000,0.024500,1.3724,32,pcg_rbgs,150,6.732900e-03,8.880000e-05,6.644100e-03,5,8.819e-11,2.439e-10
fortran_serial,1,128,rough0.05,0.050000,0.024500,1.3724,32,pcg_rbgs,150,2.192590e-02,9.100000e-06,2.190900e-02,5,8.819e-11,2.439e-10
openacc,0,128,rough0.05,0.050000,0.024500,1.3724,32,pcg_rbgs,150,2.589490e-02,4.251000e-04,2.530500e-02,5,8.819e-11,2.439e-10
cuda,0,128,rough0.05,0.050000,0.024500,1.3724,32,pcg_rbgs,150,8.962312e-03,1.483300e-05,8.930284e-03,5,8.819e-11,2.439e-10
fortran_omp,1,128,rough0.05,0.050000,0.024500,1.3724,32,multigrid,10,9.429000e-03,5.980000e-05,9.362000e-03,5,7.816e-11,1.465e-10
fortran_omp,16,128,rough0.05,0.050000,0.024500,1.3724,32,multigrid,10,1.445000e-03,2.510000e-05,1.329800e-03,5,7.816e-11,1.465e-10
fortran_serial,1,128,rough0.05,0.050000,0.024500,1.3724,32,multigrid,10,4.637900e-03,2.100000e-05,4.616900e-03,5,7.816e-11,1.465e-10
openacc,0,128,rough0.05,0.050000,0.024500,1.3724,32,multigrid,10,1.231600e-02,2.510000e-05,1.229090e-02,5,7.816e-11,1.465e-10
cuda,0,128,rough0.05,0.050000,0.024500,1.3724,32,multigrid,10,2.239839e-03,4.720000e-07,2.238076e-03,5,7.816e-11,1.465e-10
fortran_omp,1,128,rough0.05,0.050000,0.024500,1.3724,128,pcg_jacobi,531,9.080790e-02,5.838100e-03,8.168980e-02,5,9.822e-11,1.545e-10
fortran_omp,16,128,rough0.05,0.050000,0.024500,1.3724,128,pcg_jacobi,531,1.554200e-02,5.910000e-05,1.539110e-02,5,9.822e-11,1.545e-10
fortran_serial,1,128,rough0.05,0.050000,0.024500,1.3724,128,pcg_jacobi,531,1.323100e-02,1.950000e-04,1.303600e-02,5,9.822e-11,1.545e-10
openacc,0,128,rough0.05,0.050000,0.024500,1.3724,128,pcg_jacobi,531,4.815500e-02,2.830000e-04,4.719900e-02,5,9.822e-11,1.545e-10
cuda,0,128,rough0.05,0.050000,0.024500,1.3724,128,pcg_jacobi,531,2.310645e-02,6.875300e-05,2.303769e-02,5,9.822e-11,1.545e-10
fortran_omp,1,128,rough0.05,0.050000,0.024500,1.3724,128,pcg_rbgs,266,7.887000e-02,5.109000e-04,7.835910e-02,5,7.935e-11,1.387e-10
fortran_omp,16,128,rough0.05,0.050000,0.024500,1.3724,128,pcg_rbgs,266,1.351410e-02,1.782000e-04,1.318590e-02,5,7.935e-11,1.387e-10
fortran_serial,1,128,rough0.05,0.050000,0.024500,1.3724,128,pcg_rbgs,266,3.867790e-02,4.600000e-05,3.858590e-02,5,7.935e-11,1.387e-10
openacc,0,128,rough0.05,0.050000,0.024500,1.3724,128,pcg_rbgs,266,4.593300e-02,2.370000e-04,4.473110e-02,5,7.935e-11,1.387e-10
cuda,0,128,rough0.05,0.050000,0.024500,1.3724,128,pcg_rbgs,266,1.586082e-02,6.570000e-05,1.578085e-02,5,7.935e-11,1.387e-10
fortran_omp,1,128,rough0.05,0.050000,0.024500,1.3724,128,multigrid,41,2.438310e-02,1.071000e-04,2.427600e-02,5,7.873e-11,1.829e-08
fortran_omp,16,128,rough0.05,0.050000,0.024500,1.3724,128,multigrid,41,6.430100e-03,7.200000e-06,6.299000e-03,5,7.873e-11,1.829e-08
fortran_serial,1,128,rough0.05,0.050000,0.024500,1.3724,128,multigrid,41,1.895600e-02,8.700000e-05,1.880220e-02,5,7.873e-11,1.829e-08
openacc,0,128,rough0.05,0.050000,0.024500,1.3724,128,multigrid,41,5.020190e-02,2.152000e-04,4.953290e-02,5,7.873e-11,1.829e-08
cuda,0,128,rough0.05,0.050000,0.024500,1.3724,128,multigrid,41,9.131659e-03,2.925000e-06,9.125199e-03,5,7.873e-11,1.829e-08
fortran_omp,1,128,rough0.20,0.200000,0.162596,5.7723,2,pcg_jacobi,23,3.185900e-03,1.230000e-05,3.155000e-03,5,3.813e-11,4.493e-11
fortran_omp,16,128,rough0.20,0.200000,0.162596,5.7723,2,pcg_jacobi,23,6.299000e-04,2.000000e-06,6.279000e-04,5,3.813e-11,4.493e-11
fortran_serial,1,128,rough0.20,0.200000,0.162596,5.7723,2,pcg_jacobi,23,5.898000e-04,3.400000e-06,5.861000e-04,5,3.813e-11,4.493e-11
openacc,0,128,rough0.20,0.200000,0.162596,5.7723,2,pcg_jacobi,23,2.133200e-03,6.300000e-06,2.125000e-03,5,3.813e-11,4.493e-11
cuda,0,128,rough0.20,0.200000,0.162596,5.7723,2,pcg_jacobi,23,1.051972e-03,2.419700e-05,1.027775e-03,5,3.813e-11,4.493e-11
fortran_omp,1,128,rough0.20,0.200000,0.162596,5.7723,2,pcg_rbgs,11,3.264200e-03,2.600000e-06,3.253900e-03,5,8.548e-11,1.006e-10
fortran_omp,16,128,rough0.20,0.200000,0.162596,5.7723,2,pcg_rbgs,11,5.501000e-04,2.000000e-06,5.481000e-04,5,8.548e-11,1.006e-10
fortran_serial,1,128,rough0.20,0.200000,0.162596,5.7723,2,pcg_rbgs,11,1.652000e-03,9.000000e-07,1.651100e-03,5,8.548e-11,1.006e-10
openacc,0,128,rough0.20,0.200000,0.162596,5.7723,2,pcg_rbgs,11,1.946000e-03,1.600000e-05,1.775000e-03,5,8.548e-11,1.006e-10
cuda,0,128,rough0.20,0.200000,0.162596,5.7723,2,pcg_rbgs,11,6.973950e-04,1.900000e-07,6.854570e-04,5,8.548e-11,1.006e-10
fortran_omp,1,128,rough0.20,0.200000,0.162596,5.7723,2,multigrid,5,2.965000e-03,1.100000e-06,2.961900e-03,5,1.639e-11,2.168e-11
fortran_omp,16,128,rough0.20,0.200000,0.162596,5.7723,2,multigrid,5,7.870000e-04,2.100000e-06,7.849000e-04,5,1.639e-11,2.168e-11
fortran_serial,1,128,rough0.20,0.200000,0.162596,5.7723,2,multigrid,5,2.299100e-03,1.620000e-05,2.279000e-03,5,1.639e-11,2.168e-11
openacc,0,128,rough0.20,0.200000,0.162596,5.7723,2,multigrid,5,6.374100e-03,7.080000e-05,5.935900e-03,5,1.639e-11,2.168e-11
cuda,0,128,rough0.20,0.200000,0.162596,5.7723,2,multigrid,5,1.128728e-03,1.362000e-06,1.126985e-03,5,1.639e-11,2.168e-11
fortran_omp,1,128,rough0.20,0.200000,0.162596,5.7723,8,pcg_jacobi,81,1.101900e-02,2.100000e-06,1.101690e-02,5,8.763e-11,1.987e-10
fortran_omp,16,128,rough0.20,0.200000,0.162596,5.7723,8,pcg_jacobi,81,2.234000e-03,1.880000e-05,2.215200e-03,5,8.763e-11,1.987e-10
fortran_serial,1,128,rough0.20,0.200000,0.162596,5.7723,8,pcg_jacobi,81,2.012000e-03,5.000000e-06,2.007000e-03,5,8.763e-11,1.987e-10
openacc,0,128,rough0.20,0.200000,0.162596,5.7723,8,pcg_jacobi,81,7.403100e-03,1.310000e-05,7.371900e-03,5,8.763e-11,1.987e-10
cuda,0,128,rough0.20,0.200000,0.162596,5.7723,8,pcg_jacobi,81,3.602712e-03,4.297500e-05,3.266553e-03,5,8.763e-11,1.987e-10
fortran_omp,1,128,rough0.20,0.200000,0.162596,5.7723,8,pcg_rbgs,41,1.209210e-02,3.410000e-05,1.205800e-02,5,6.236e-11,1.390e-10
fortran_omp,16,128,rough0.20,0.200000,0.162596,5.7723,8,pcg_rbgs,41,1.963200e-03,1.820000e-05,1.928800e-03,5,6.236e-11,1.390e-10
fortran_serial,1,128,rough0.20,0.200000,0.162596,5.7723,8,pcg_rbgs,41,6.004100e-03,4.700000e-05,5.834100e-03,5,6.236e-11,1.390e-10
openacc,0,128,rough0.20,0.200000,0.162596,5.7723,8,pcg_rbgs,41,7.165000e-03,1.600000e-05,7.149000e-03,5,6.236e-11,1.390e-10
cuda,0,128,rough0.20,0.200000,0.162596,5.7723,8,pcg_rbgs,41,2.480103e-03,1.898900e-05,2.460513e-03,5,6.236e-11,1.390e-10
fortran_omp,1,128,rough0.20,0.200000,0.162596,5.7723,8,multigrid,9,8.337000e-03,7.800000e-06,8.329200e-03,5,4.390e-11,8.118e-11
fortran_omp,16,128,rough0.20,0.200000,0.162596,5.7723,8,multigrid,9,1.213100e-03,1.030000e-05,1.192100e-03,5,4.390e-11,8.118e-11
fortran_serial,1,128,rough0.20,0.200000,0.162596,5.7723,8,multigrid,9,4.156800e-03,2.380000e-05,4.109200e-03,5,4.390e-11,8.118e-11
openacc,0,128,rough0.20,0.200000,0.162596,5.7723,8,multigrid,9,1.133200e-02,6.900000e-05,1.113610e-02,5,4.390e-11,8.118e-11
cuda,0,128,rough0.20,0.200000,0.162596,5.7723,8,multigrid,9,2.018134e-03,9.210000e-07,2.014728e-03,5,4.390e-11,8.118e-11
fortran_omp,1,128,rough0.20,0.200000,0.162596,5.7723,32,pcg_jacobi,283,4.007290e-02,1.576900e-03,3.849600e-02,5,9.886e-11,3.718e-10
fortran_omp,16,128,rough0.20,0.200000,0.162596,5.7723,32,pcg_jacobi,283,7.765000e-03,3.500000e-05,7.716900e-03,5,9.886e-11,3.718e-10
fortran_serial,1,128,rough0.20,0.200000,0.162596,5.7723,32,pcg_jacobi,283,7.306800e-03,5.720000e-05,7.097900e-03,5,9.886e-11,3.718e-10
openacc,0,128,rough0.20,0.200000,0.162596,5.7723,32,pcg_jacobi,283,2.559000e-02,2.390000e-05,2.438490e-02,5,9.886e-11,3.718e-10
cuda,0,128,rough0.20,0.200000,0.162596,5.7723,32,pcg_jacobi,283,1.232688e-02,9.485000e-06,1.231433e-02,5,9.886e-11,3.718e-10
fortran_omp,1,128,rough0.20,0.200000,0.162596,5.7723,32,pcg_rbgs,142,4.607890e-02,4.241900e-03,4.183700e-02,5,8.539e-11,3.382e-10
fortran_omp,16,128,rough0.20,0.200000,0.162596,5.7723,32,pcg_rbgs,142,7.003000e-03,1.120000e-04,6.891000e-03,5,8.539e-11,3.382e-10
fortran_serial,1,128,rough0.20,0.200000,0.162596,5.7723,32,pcg_rbgs,142,2.109410e-02,4.740000e-04,2.062010e-02,5,8.539e-11,3.382e-10
openacc,0,128,rough0.20,0.200000,0.162596,5.7723,32,pcg_rbgs,142,2.460690e-02,3.410000e-05,2.385180e-02,5,8.539e-11,3.382e-10
cuda,0,128,rough0.20,0.200000,0.162596,5.7723,32,pcg_rbgs,142,8.524660e-03,5.028000e-06,8.499482e-03,5,8.539e-11,3.382e-10
fortran_omp,1,128,rough0.20,0.200000,0.162596,5.7723,32,multigrid,10,9.467100e-03,8.110000e-05,9.386000e-03,5,7.399e-11,1.429e-10
fortran_omp,16,128,rough0.20,0.200000,0.162596,5.7723,32,multigrid,10,1.372100e-03,4.000000e-06,1.338900e-03,5,7.399e-11,1.429e-10
fortran_serial,1,128,rough0.20,0.200000,0.162596,5.7723,32,multigrid,10,4.595000e-03,3.090000e-05,4.564100e-03,5,7.399e-11,1.429e-10
openacc,0,128,rough0.20,0.200000,0.162596,5.7723,32,multigrid,10,1.232690e-02,1.190000e-05,1.231500e-02,5,7.399e-11,1.429e-10
cuda,0,128,rough0.20,0.200000,0.162596,5.7723,32,multigrid,10,2.240610e-03,6.420000e-07,2.237766e-03,5,7.399e-11,1.429e-10
fortran_omp,1,128,rough0.20,0.200000,0.162596,5.7723,128,pcg_jacobi,561,9.977910e-02,1.937900e-03,7.603190e-02,5,9.690e-11,2.988e-10
fortran_omp,16,128,rough0.20,0.200000,0.162596,5.7723,128,pcg_jacobi,561,1.595000e-02,3.820000e-05,1.562090e-02,5,9.690e-11,2.988e-10
fortran_serial,1,128,rough0.20,0.200000,0.162596,5.7723,128,pcg_jacobi,561,1.393800e-02,4.099000e-04,1.349590e-02,5,9.690e-11,2.988e-10
openacc,0,128,rough0.20,0.200000,0.162596,5.7723,128,pcg_jacobi,561,5.053110e-02,4.237000e-04,4.934290e-02,5,9.690e-11,2.988e-10
cuda,0,128,rough0.20,0.200000,0.162596,5.7723,128,pcg_jacobi,561,2.442525e-02,4.986500e-05,2.403852e-02,5,9.690e-11,2.988e-10
fortran_omp,1,128,rough0.20,0.200000,0.162596,5.7723,128,pcg_rbgs,281,8.320590e-02,3.241000e-04,8.284100e-02,5,8.714e-11,2.764e-10
fortran_omp,16,128,rough0.20,0.200000,0.162596,5.7723,128,pcg_rbgs,281,1.417010e-02,1.620000e-04,1.400810e-02,5,8.714e-11,2.764e-10
fortran_serial,1,128,rough0.20,0.200000,0.162596,5.7723,128,pcg_rbgs,281,4.084000e-02,5.110000e-05,4.070900e-02,5,8.714e-11,2.764e-10
openacc,0,128,rough0.20,0.200000,0.162596,5.7723,128,pcg_rbgs,281,4.864090e-02,8.790000e-05,4.798010e-02,5,8.714e-11,2.764e-10
cuda,0,128,rough0.20,0.200000,0.162596,5.7723,128,pcg_rbgs,281,1.671629e-02,3.287000e-05,1.667078e-02,5,8.714e-11,2.764e-10
fortran_omp,1,128,rough0.20,0.200000,0.162596,5.7723,128,multigrid,36,2.159210e-02,5.020000e-05,2.151100e-02,5,9.158e-11,1.504e-08
fortran_omp,16,128,rough0.20,0.200000,0.162596,5.7723,128,multigrid,36,4.960000e-03,1.810000e-05,4.936000e-03,5,9.158e-11,1.504e-08
fortran_serial,1,128,rough0.20,0.200000,0.162596,5.7723,128,multigrid,36,1.647120e-02,6.040000e-05,1.641080e-02,5,9.158e-11,1.504e-08
openacc,0,128,rough0.20,0.200000,0.162596,5.7723,128,multigrid,36,4.404590e-02,2.050000e-04,4.364200e-02,5,9.158e-11,1.504e-08
cuda,0,128,rough0.20,0.200000,0.162596,5.7723,128,multigrid,36,8.018534e-03,1.800000e-07,8.016811e-03,5,9.158e-11,1.504e-08
fortran_omp,1,128,seamount,0.112374,0.106837,9.7331,2,pcg_jacobi,24,4.380000e-03,5.490000e-05,4.323000e-03,5,9.219e-11,1.119e-10
fortran_omp,16,128,seamount,0.112374,0.106837,9.7331,2,pcg_jacobi,24,6.439000e-04,2.100000e-06,6.418000e-04,5,9.219e-11,1.119e-10
fortran_serial,1,128,seamount,0.112374,0.106837,9.7331,2,pcg_jacobi,24,6.161000e-04,2.200000e-06,6.139000e-04,5,9.219e-11,1.119e-10
openacc,0,128,seamount,0.112374,0.106837,9.7331,2,pcg_jacobi,24,2.220800e-03,8.200000e-06,2.212000e-03,5,9.219e-11,1.119e-10
cuda,0,128,seamount,0.112374,0.106837,9.7331,2,pcg_jacobi,24,1.094977e-03,1.287000e-05,1.043589e-03,5,9.219e-11,1.119e-10
fortran_omp,1,128,seamount,0.112374,0.106837,9.7331,2,pcg_rbgs,12,5.432900e-03,9.590000e-05,5.292100e-03,5,7.340e-11,8.942e-11
fortran_omp,16,128,seamount,0.112374,0.106837,9.7331,2,pcg_rbgs,12,5.650000e-04,4.000000e-06,5.610000e-04,5,7.340e-11,8.942e-11
fortran_serial,1,128,seamount,0.112374,0.106837,9.7331,2,pcg_rbgs,12,1.700000e-03,5.100000e-06,1.694900e-03,5,7.340e-11,8.942e-11
openacc,0,128,seamount,0.112374,0.106837,9.7331,2,pcg_rbgs,12,2.131000e-03,1.510000e-05,2.115000e-03,5,7.340e-11,8.942e-11
cuda,0,128,seamount,0.112374,0.106837,9.7331,2,pcg_rbgs,12,7.449570e-04,1.732000e-06,7.432250e-04,5,7.340e-11,8.942e-11
fortran_omp,1,128,seamount,0.112374,0.106837,9.7331,2,multigrid,6,5.800000e-03,5.510000e-05,5.744900e-03,5,2.472e-12,3.740e-12
fortran_omp,16,128,seamount,0.112374,0.106837,9.7331,2,multigrid,6,8.211000e-04,3.100000e-06,8.180000e-04,5,2.472e-12,3.740e-12
fortran_serial,1,128,seamount,0.112374,0.106837,9.7331,2,multigrid,6,2.759900e-03,5.000000e-06,2.738000e-03,5,2.472e-12,3.740e-12
openacc,0,128,seamount,0.112374,0.106837,9.7331,2,multigrid,6,7.458000e-03,2.090000e-05,7.433000e-03,5,2.472e-12,3.740e-12
cuda,0,128,seamount,0.112374,0.106837,9.7331,2,multigrid,6,1.352256e-03,9.010000e-07,1.350424e-03,5,2.472e-12,3.740e-12
fortran_omp,1,128,seamount,0.112374,0.106837,9.7331,8,pcg_jacobi,90,1.220580e-02,5.480000e-05,1.215100e-02,5,9.250e-11,2.337e-10
fortran_omp,16,128,seamount,0.112374,0.106837,9.7331,8,pcg_jacobi,90,2.442100e-03,8.100000e-06,2.434000e-03,5,9.250e-11,2.337e-10
fortran_serial,1,128,seamount,0.112374,0.106837,9.7331,8,pcg_jacobi,90,2.293900e-03,1.280000e-05,2.281100e-03,5,9.250e-11,2.337e-10
openacc,0,128,seamount,0.112374,0.106837,9.7331,8,pcg_jacobi,90,8.184900e-03,9.800000e-06,8.175100e-03,5,9.250e-11,2.337e-10
cuda,0,128,seamount,0.112374,0.106837,9.7331,8,pcg_jacobi,90,3.941935e-03,1.177800e-05,3.930157e-03,5,9.250e-11,2.337e-10
fortran_omp,1,128,seamount,0.112374,0.106837,9.7331,8,pcg_rbgs,45,1.367710e-02,4.561000e-04,1.322100e-02,5,8.718e-11,2.198e-10
fortran_omp,16,128,seamount,0.112374,0.106837,9.7331,8,pcg_rbgs,45,3.115900e-03,2.511000e-04,2.337000e-03,5,8.718e-11,2.198e-10
fortran_serial,1,128,seamount,0.112374,0.106837,9.7331,8,pcg_rbgs,45,6.591100e-03,1.190000e-05,6.536900e-03,5,8.718e-11,2.198e-10
openacc,0,128,seamount,0.112374,0.106837,9.7331,8,pcg_rbgs,45,7.835200e-03,5.670000e-05,7.119200e-03,5,8.718e-11,2.198e-10
cuda,0,128,seamount,0.112374,0.106837,9.7331,8,pcg_rbgs,45,2.709460e-03,7.361000e-06,2.702099e-03,5,8.718e-11,2.198e-10
fortran_omp,1,128,seamount,0.112374,0.106837,9.7331,8,multigrid,9,8.348900e-03,4.721000e-04,5.372000e-03,5,8.072e-11,1.614e-10
fortran_omp,16,128,seamount,0.112374,0.106837,9.7331,8,multigrid,9,1.276900e-03,2.610000e-05,1.199000e-03,5,8.072e-11,1.614e-10
fortran_serial,1,128,seamount,0.112374,0.106837,9.7331,8,multigrid,9,4.162000e-03,3.300000e-05,4.122000e-03,5,8.072e-11,1.614e-10
openacc,0,128,seamount,0.112374,0.106837,9.7331,8,multigrid,9,1.128910e-02,2.080000e-05,1.111600e-02,5,8.072e-11,1.614e-10
cuda,0,128,seamount,0.112374,0.106837,9.7331,8,multigrid,9,2.017383e-03,6.810000e-07,2.016662e-03,5,8.072e-11,1.614e-10
fortran_omp,1,128,seamount,0.112374,0.106837,9.7331,32,pcg_jacobi,308,4.632120e-02,4.562200e-03,4.175900e-02,5,9.276e-11,2.830e-10
fortran_omp,16,128,seamount,0.112374,0.106837,9.7331,32,pcg_jacobi,308,8.633900e-03,2.020000e-05,8.550800e-03,5,9.276e-11,2.830e-10
fortran_serial,1,128,seamount,0.112374,0.106837,9.7331,32,pcg_jacobi,308,7.691100e-03,7.690000e-05,7.584000e-03,5,9.276e-11,2.830e-10
openacc,0,128,seamount,0.112374,0.106837,9.7331,32,pcg_jacobi,308,2.778500e-02,7.200000e-05,2.770710e-02,5,9.276e-11,2.830e-10
cuda,0,128,seamount,0.112374,0.106837,9.7331,32,pcg_jacobi,308,1.339948e-02,2.984500e-05,1.332732e-02,5,9.276e-11,2.830e-10
fortran_omp,1,128,seamount,0.112374,0.106837,9.7331,32,pcg_rbgs,154,4.567010e-02,2.903000e-04,4.533600e-02,5,9.116e-11,2.759e-10
fortran_omp,16,128,seamount,0.112374,0.106837,9.7331,32,pcg_rbgs,154,7.860800e-03,3.680000e-05,7.626000e-03,5,9.116e-11,2.759e-10
fortran_serial,1,128,seamount,0.112374,0.106837,9.7331,32,pcg_rbgs,154,2.252480e-02,4.130000e-05,2.227680e-02,5,9.116e-11,2.759e-10
openacc,0,128,seamount,0.112374,0.106837,9.7331,32,pcg_rbgs,154,2.673290e-02,6.700000e-05,2.656600e-02,5,9.116e-11,2.759e-10
cuda,0,128,seamount,0.112374,0.106837,9.7331,32,pcg_rbgs,154,9.203378e-03,1.314100e-05,9.177047e-03,5,9.116e-11,2.759e-10
fortran_omp,1,128,seamount,0.112374,0.106837,9.7331,32,multigrid,10,9.639100e-03,1.432000e-04,9.495900e-03,5,7.999e-11,1.504e-10
fortran_omp,16,128,seamount,0.112374,0.106837,9.7331,32,multigrid,10,1.410900e-03,1.280000e-05,1.314800e-03,5,7.999e-11,1.504e-10
fortran_serial,1,128,seamount,0.112374,0.106837,9.7331,32,multigrid,10,4.642900e-03,3.000000e-05,4.571000e-03,5,7.999e-11,1.504e-10
openacc,0,128,seamount,0.112374,0.106837,9.7331,32,multigrid,10,1.231810e-02,3.310000e-05,1.228500e-02,5,7.999e-11,1.504e-10
cuda,0,128,seamount,0.112374,0.106837,9.7331,32,multigrid,10,2.241082e-03,3.410000e-07,2.240561e-03,5,7.999e-11,1.504e-10
fortran_omp,1,128,seamount,0.112374,0.106837,9.7331,128,pcg_jacobi,517,9.330390e-02,2.482000e-04,7.387990e-02,5,9.643e-11,2.101e-10
fortran_omp,16,128,seamount,0.112374,0.106837,9.7331,128,pcg_jacobi,517,1.485500e-02,1.010000e-05,1.484110e-02,5,9.643e-11,2.101e-10
fortran_serial,1,128,seamount,0.112374,0.106837,9.7331,128,pcg_jacobi,517,1.288800e-02,1.112000e-04,1.277680e-02,5,9.643e-11,2.101e-10
openacc,0,128,seamount,0.112374,0.106837,9.7331,128,pcg_jacobi,517,4.678200e-02,5.372000e-04,4.570610e-02,5,9.643e-11,2.101e-10
cuda,0,128,seamount,0.112374,0.106837,9.7331,128,pcg_jacobi,517,2.247858e-02,1.068620e-04,2.192467e-02,5,9.643e-11,2.101e-10
fortran_omp,1,128,seamount,0.112374,0.106837,9.7331,128,pcg_rbgs,259,7.685590e-02,4.200000e-05,7.681390e-02,5,8.434e-11,1.969e-10
fortran_omp,16,128,seamount,0.112374,0.106837,9.7331,128,pcg_rbgs,259,1.203290e-02,1.210000e-05,1.159310e-02,5,8.434e-11,1.969e-10
fortran_serial,1,128,seamount,0.112374,0.106837,9.7331,128,pcg_rbgs,259,3.864710e-02,5.628000e-04,3.737500e-02,5,8.434e-11,1.969e-10
openacc,0,128,seamount,0.112374,0.106837,9.7331,128,pcg_rbgs,259,4.483510e-02,5.202000e-04,4.404620e-02,5,8.434e-11,1.969e-10
cuda,0,128,seamount,0.112374,0.106837,9.7331,128,pcg_rbgs,259,1.543053e-02,2.495700e-05,1.530825e-02,5,8.434e-11,1.969e-10
fortran_omp,1,128,seamount,0.112374,0.106837,9.7331,128,multigrid,52,4.867100e-02,4.261000e-04,3.093380e-02,5,9.681e-11,2.292e-08
fortran_omp,16,128,seamount,0.112374,0.106837,9.7331,128,multigrid,52,7.197900e-03,6.100000e-05,7.125100e-03,5,9.681e-11,2.292e-08
fortran_serial,1,128,seamount,0.112374,0.106837,9.7331,128,multigrid,52,2.407880e-02,1.370000e-05,2.406510e-02,5,9.681e-11,2.292e-08
openacc,0,128,seamount,0.112374,0.106837,9.7331,128,multigrid,52,6.417200e-02,4.590000e-04,6.366800e-02,5,9.681e-11,2.292e-08
cuda,0,128,seamount,0.112374,0.106837,9.7331,128,multigrid,52,1.157290e-02,1.863000e-06,1.157084e-02,5,9.681e-11,2.292e-08
fortran_omp,1,256,flat,0.000000,0.000000,1.0000,2,pcg_jacobi,24,1.786620e-02,1.578000e-04,1.761700e-02,5,9.684e-11,1.201e-10
fortran_omp,16,256,flat,0.000000,0.000000,1.0000,2,pcg_jacobi,24,1.542100e-03,9.300000e-06,1.495800e-03,5,9.684e-11,1.201e-10
fortran_serial,1,256,flat,0.000000,0.000000,1.0000,2,pcg_jacobi,24,2.693900e-03,1.810000e-05,2.638100e-03,5,9.684e-11,1.201e-10
openacc,0,256,flat,0.000000,0.000000,1.0000,2,pcg_jacobi,24,2.317900e-03,2.380000e-05,2.294100e-03,5,9.684e-11,1.201e-10
cuda,0,256,flat,0.000000,0.000000,1.0000,2,pcg_jacobi,24,1.133525e-03,9.464000e-06,1.124061e-03,5,9.684e-11,1.201e-10
fortran_omp,1,256,flat,0.000000,0.000000,1.0000,2,pcg_rbgs,12,1.444190e-02,7.100000e-06,1.443480e-02,5,7.831e-11,9.712e-11
fortran_omp,16,256,flat,0.000000,0.000000,1.0000,2,pcg_rbgs,12,1.778200e-03,7.170000e-05,1.649100e-03,5,7.831e-11,9.712e-11
fortran_serial,1,256,flat,0.000000,0.000000,1.0000,2,pcg_rbgs,12,6.984900e-03,2.500000e-05,6.927000e-03,5,7.831e-11,9.712e-11
openacc,0,256,flat,0.000000,0.000000,1.0000,2,pcg_rbgs,12,2.230900e-03,9.100000e-06,2.191100e-03,5,7.831e-11,9.712e-11
cuda,0,256,flat,0.000000,0.000000,1.0000,2,pcg_rbgs,12,7.913880e-04,1.872000e-06,7.822240e-04,5,7.831e-11,9.712e-11
fortran_omp,1,256,flat,0.000000,0.000000,1.0000,2,multigrid,6,1.446990e-02,8.310000e-05,1.438680e-02,5,2.694e-12,4.179e-12
fortran_omp,16,256,flat,0.000000,0.000000,1.0000,2,multigrid,6,2.296000e-03,2.510000e-05,2.261200e-03,5,2.694e-12,4.179e-12
fortran_serial,1,256,flat,0.000000,0.000000,1.0000,2,multigrid,6,1.235200e-02,9.361000e-04,1.128410e-02,5,2.694e-12,4.179e-12
openacc,0,256,flat,0.000000,0.000000,1.0000,2,multigrid,6,1.005390e-02,4.100000e-05,9.765100e-03,5,2.694e-12,4.179e-12
cuda,0,256,flat,0.000000,0.000000,1.0000,2,multigrid,6,1.649366e-03,2.644000e-06,1.645340e-03,5,2.694e-12,4.179e-12
fortran_omp,1,256,flat,0.000000,0.000000,1.0000,8,pcg_jacobi,91,5.074190e-02,2.549000e-04,4.999300e-02,5,9.309e-11,2.195e-10
fortran_omp,16,256,flat,0.000000,0.000000,1.0000,8,pcg_jacobi,91,5.451000e-03,2.220000e-05,5.428800e-03,5,9.309e-11,2.195e-10
fortran_serial,1,256,flat,0.000000,0.000000,1.0000,8,pcg_jacobi,91,1.044890e-02,3.500000e-05,1.037690e-02,5,9.309e-11,2.195e-10
openacc,0,256,flat,0.000000,0.000000,1.0000,8,pcg_jacobi,91,8.697000e-03,6.910000e-05,8.627900e-03,5,9.309e-11,2.195e-10
cuda,0,256,flat,0.000000,0.000000,1.0000,8,pcg_jacobi,91,4.272205e-03,1.823700e-05,4.230942e-03,5,9.309e-11,2.195e-10
fortran_omp,1,256,flat,0.000000,0.000000,1.0000,8,pcg_rbgs,46,7.583500e-02,6.165000e-03,5.458690e-02,5,6.703e-11,1.593e-10
fortran_omp,16,256,flat,0.000000,0.000000,1.0000,8,pcg_rbgs,46,6.832800e-03,2.313000e-04,6.121200e-03,5,6.703e-11,1.593e-10
fortran_serial,1,256,flat,0.000000,0.000000,1.0000,8,pcg_rbgs,46,2.785210e-02,1.510000e-05,2.782490e-02,5,6.703e-11,1.593e-10
openacc,0,256,flat,0.000000,0.000000,1.0000,8,pcg_rbgs,46,8.369300e-03,7.570000e-05,7.843000e-03,5,6.703e-11,1.593e-10
cuda,0,256,flat,0.000000,0.000000,1.0000,8,pcg_rbgs,46,2.956834e-03,9.104000e-06,2.935682e-03,5,6.703e-11,1.593e-10
fortran_omp,1,256,flat,0.000000,0.000000,1.0000,8,multigrid,9,2.176190e-02,1.988000e-04,2.156310e-02,5,8.236e-11,1.690e-10
fortran_omp,16,256,flat,0.000000,0.000000,1.0000,8,multigrid,9,3.020100e-03,1.370000e-05,2.853100e-03,5,8.236e-11,1.690e-10
fortran_serial,1,256,flat,0.000000,0.000000,1.0000,8,multigrid,9,1.695520e-02,3.820000e-05,1.690190e-02,5,8.236e-11,1.690e-10
openacc,0,256,flat,0.000000,0.000000,1.0000,8,multigrid,9,1.449300e-02,9.710000e-05,1.424600e-02,5,8.236e-11,1.690e-10
cuda,0,256,flat,0.000000,0.000000,1.0000,8,multigrid,9,2.461525e-03,1.222000e-06,2.460192e-03,5,8.236e-11,1.690e-10
fortran_omp,1,256,flat,0.000000,0.000000,1.0000,32,pcg_jacobi,333,1.840470e-01,4.521000e-04,1.835949e-01,5,9.423e-11,3.211e-10
fortran_omp,16,256,flat,0.000000,0.000000,1.0000,32,pcg_jacobi,333,2.137210e-02,2.761000e-04,2.104910e-02,5,9.423e-11,3.211e-10
fortran_serial,1,256,flat,0.000000,0.000000,1.0000,32,pcg_jacobi,333,3.793310e-02,1.530000e-05,3.791780e-02,5,9.423e-11,3.211e-10
openacc,0,256,flat,0.000000,0.000000,1.0000,32,pcg_jacobi,333,3.138800e-02,7.420000e-05,3.130820e-02,5,9.423e-11,3.211e-10
cuda,0,256,flat,0.000000,0.000000,1.0000,32,pcg_jacobi,333,1.532992e-02,5.401100e-05,1.527449e-02,5,9.423e-11,3.211e-10
fortran_omp,1,256,flat,0.000000,0.000000,1.0000,32,pcg_rbgs,166,2.132730e-01,1.254100e-03,2.120189e-01,5,9.924e-11,3.524e-10
fortran_omp,16,256,flat,0.000000,0.000000,1.0000,32,pcg_rbgs,166,2.247900e-02,1.119100e-03,2.082300e-02,5,9.924e-11,3.524e-10
fortran_serial,1,256,flat,0.000000,0.000000,1.0000,32,pcg_rbgs,166,1.005969e-01,1.869000e-04,1.004100e-01,5,9.924e-11,3.524e-10
openacc,0,256,flat,0.000000,0.000000,1.0000,32,pcg_rbgs,166,2.985910e-02,6.690000e-05,2.928300e-02,5,9.924e-11,3.524e-10
cuda,0,256,flat,0.000000,0.000000,1.0000,32,pcg_rbgs,166,1.054785e-02,1.095700e-05,1.052444e-02,5,9.924e-11,3.524e-10
fortran_omp,1,256,flat,0.000000,0.000000,1.0000,32,multigrid,10,2.389790e-02,1.752000e-04,2.369910e-02,5,7.261e-11,1.508e-10
fortran_omp,16,256,flat,0.000000,0.000000,1.0000,32,multigrid,10,3.238900e-03,1.410000e-05,3.129000e-03,5,7.261e-11,1.508e-10
fortran_serial,1,256,flat,0.000000,0.000000,1.0000,32,multigrid,10,1.851200e-02,3.000000e-05,1.839700e-02,5,7.261e-11,1.508e-10
openacc,0,256,flat,0.000000,0.000000,1.0000,32,multigrid,10,1.594310e-02,1.339000e-04,1.569010e-02,5,7.261e-11,1.508e-10
cuda,0,256,flat,0.000000,0.000000,1.0000,32,multigrid,10,2.730963e-03,4.510000e-07,2.729650e-03,5,7.261e-11,1.508e-10
fortran_omp,1,256,flat,0.000000,0.000000,1.0000,128,pcg_jacobi,546,3.641040e-01,9.569000e-04,3.631471e-01,5,9.426e-11,5.991e-11
fortran_omp,16,256,flat,0.000000,0.000000,1.0000,128,pcg_jacobi,546,3.635280e-02,2.934000e-03,3.341880e-02,5,9.426e-11,5.991e-11
fortran_serial,1,256,flat,0.000000,0.000000,1.0000,128,pcg_jacobi,546,6.271510e-02,1.842000e-04,6.223490e-02,5,9.426e-11,5.991e-11
openacc,0,256,flat,0.000000,0.000000,1.0000,128,pcg_jacobi,546,5.114980e-02,3.078000e-04,5.044200e-02,5,9.426e-11,5.991e-11
cuda,0,256,flat,0.000000,0.000000,1.0000,128,pcg_jacobi,546,2.506157e-02,6.220500e-05,2.435084e-02,5,9.426e-11,5.991e-11
fortran_omp,1,256,flat,0.000000,0.000000,1.0000,128,pcg_rbgs,300,4.584649e-01,1.057400e-02,3.576942e-01,5,9.790e-11,4.605e-11
fortran_omp,16,256,flat,0.000000,0.000000,1.0000,128,pcg_rbgs,300,4.521800e-02,7.751000e-04,3.817700e-02,5,9.790e-11,4.605e-11
fortran_serial,1,256,flat,0.000000,0.000000,1.0000,128,pcg_rbgs,300,1.827400e-01,6.000000e-05,1.821799e-01,5,9.790e-11,4.605e-11
openacc,0,256,flat,0.000000,0.000000,1.0000,128,pcg_rbgs,300,5.427400e-02,2.869000e-04,5.377600e-02,5,9.790e-11,4.605e-11
cuda,0,256,flat,0.000000,0.000000,1.0000,128,pcg_rbgs,300,1.905568e-02,2.905500e-05,1.901897e-02,5,9.790e-11,4.605e-11
fortran_omp,1,256,flat,0.000000,0.000000,1.0000,128,multigrid,11,2.627090e-02,1.710000e-05,2.619600e-02,5,1.789e-11,1.082e-09
fortran_omp,16,256,flat,0.000000,0.000000,1.0000,128,multigrid,11,4.131100e-03,2.910000e-05,4.102000e-03,5,1.789e-11,1.082e-09
fortran_serial,1,256,flat,0.000000,0.000000,1.0000,128,multigrid,11,2.059510e-02,8.010000e-05,2.051500e-02,5,1.789e-11,1.082e-09
openacc,0,256,flat,0.000000,0.000000,1.0000,128,multigrid,11,1.773900e-02,4.110000e-05,1.763110e-02,5,1.789e-11,1.082e-09
cuda,0,256,flat,0.000000,0.000000,1.0000,128,multigrid,11,3.007331e-03,8.510000e-07,3.000922e-03,5,1.789e-11,1.082e-09
fortran_omp,1,256,rough0.05,0.050000,0.018475,1.3640,2,pcg_jacobi,24,1.737500e-02,1.310000e-05,1.736190e-02,5,4.199e-11,5.210e-11
fortran_omp,16,256,rough0.05,0.050000,0.018475,1.3640,2,pcg_jacobi,24,1.444100e-03,2.200000e-06,1.441900e-03,5,4.199e-11,5.210e-11
fortran_serial,1,256,rough0.05,0.050000,0.018475,1.3640,2,pcg_jacobi,24,2.845000e-03,9.500000e-05,2.526000e-03,5,4.199e-11,5.210e-11
openacc,0,256,rough0.05,0.050000,0.018475,1.3640,2,pcg_jacobi,24,2.318200e-03,6.200000e-06,2.306900e-03,5,4.199e-11,5.210e-11
cuda,0,256,rough0.05,0.050000,0.018475,1.3640,2,pcg_jacobi,24,1.131182e-03,8.063000e-06,1.123119e-03,5,4.199e-11,5.210e-11
fortran_omp,1,256,rough0.05,0.050000,0.018475,1.3640,2,pcg_rbgs,12,1.442100e-02,5.990000e-05,1.436110e-02,5,3.132e-11,3.866e-11
fortran_omp,16,256,rough0.05,0.050000,0.018475,1.3640,2,pcg_rbgs,12,1.561900e-03,5.200000e-06,1.553000e-03,5,3.132e-11,3.866e-11
fortran_serial,1,256,rough0.05,0.050000,0.018475,1.3640,2,pcg_rbgs,12,7.268900e-03,1.470000e-05,7.254200e-03,5,3.132e-11,3.866e-11
openacc,0,256,rough0.05,0.050000,0.018475,1.3640,2,pcg_rbgs,12,2.218000e-03,5.000000e-06,2.206100e-03,5,3.132e-11,3.866e-11
cuda,0,256,rough0.05,0.050000,0.018475,1.3640,2,pcg_rbgs,12,7.898750e-04,6.000000e-07,7.833850e-04,5,3.132e-11,3.866e-11
fortran_omp,1,256,rough0.05,0.050000,0.018475,1.3640,2,multigrid,5,1.930400e-02,1.212000e-04,1.885290e-02,5,5.427e-11,8.008e-11
fortran_omp,16,256,rough0.05,0.050000,0.018475,1.3640,2,multigrid,5,1.565000e-03,1.100000e-05,1.531800e-03,5,5.427e-11,8.008e-11
fortran_serial,1,256,rough0.05,0.050000,0.018475,1.3640,2,multigrid,5,9.382900e-03,3.690000e-05,9.287100e-03,5,5.427e-11,8.008e-11
openacc,0,256,rough0.05,0.050000,0.018475,1.3640,2,multigrid,5,8.474100e-03,1.721000e-04,7.989900e-03,5,5.427e-11,8.008e-11
cuda,0,256,rough0.05,0.050000,0.018475,1.3640,2,multigrid,5,1.375041e-03,2.734000e-06,1.371705e-03,5,5.427e-11,8.008e-11
fortran_omp,1,256,rough0.05,0.050000,0.018475,1.3640,8,pcg_jacobi,87,4.831600e-02,8.010000e-05,4.817790e-02,5,8.084e-11,1.957e-10
fortran_omp,16,256,rough0.05,0.050000,0.018475,1.3640,8,pcg_jacobi,87,5.789900e-03,1.210000e-04,5.668900e-03,5,8.084e-11,1.957e-10
fortran_serial,1,256,rough0.05,0.050000,0.018475,1.3640,8,pcg_jacobi,87,9.705800e-03,2.930000e-05,9.669100e-03,5,8.084e-11,1.957e-10
openacc,0,256,rough0.05,0.050000,0.018475,1.3640,8,pcg_jacobi,87,8.252100e-03,1.410000e-05,8.191800e-03,5,8.084e-11,1.957e-10
cuda,0,256,rough0.05,0.050000,0.018475,1.3640,8,pcg_jacobi,87,4.061546e-03,1.376100e-05,4.047785e-03,5,8.084e-11,1.957e-10
fortran_omp,1,256,rough0.05,0.050000,0.018475,1.3640,8,pcg_rbgs,43,6.429810e-02,9.776900e-03,5.099700e-02,5,9.756e-11,2.365e-10
fortran_omp,16,256,rough0.05,0.050000,0.018475,1.3640,8,pcg_rbgs,43,6.393900e-03,1.093000e-04,6.119000e-03,5,9.756e-11,2.365e-10
fortran_serial,1,256,rough0.05,0.050000,0.018475,1.3640,8,pcg_rbgs,43,2.593110e-02,2.290000e-05,2.588980e-02,5,9.756e-11,2.365e-10
openacc,0,256,rough0.05,0.050000,0.018475,1.3640,8,pcg_rbgs,43,7.838900e-03,2.200000e-05,7.739100e-03,5,9.756e-11,2.365e-10
cuda,0,256,rough0.05,0.050000,0.018475,1.3640,8,pcg_rbgs,43,2.764203e-03,5.618000e-06,2.758585e-03,5,9.756e-11,2.365e-10
fortran_omp,1,256,rough0.05,0.050000,0.018475,1.3640,8,multigrid,9,3.380010e-02,7.739000e-04,2.179700e-02,5,6.498e-11,1.301e-10
fortran_omp,16,256,rough0.05,0.050000,0.018475,1.3640,8,multigrid,9,2.824000e-03,1.600000e-05,2.778000e-03,5,6.498e-11,1.301e-10
fortran_serial,1,256,rough0.05,0.050000,0.018475,1.3640,8,multigrid,9,1.699400e-02,3.020000e-04,1.669200e-02,5,6.498e-11,1.301e-10
openacc,0,256,rough0.05,0.050000,0.018475,1.3640,8,multigrid,9,1.461010e-02,5.590000e-05,1.416990e-02,5,6.498e-11,1.301e-10
cuda,0,256,rough0.05,0.050000,0.018475,1.3640,8,multigrid,9,2.460434e-03,1.101000e-06,2.458640e-03,5,6.498e-11,1.301e-10
fortran_omp,1,256,rough0.05,0.050000,0.018475,1.3640,32,pcg_jacobi,327,1.816199e-01,1.090000e-04,1.815109e-01,5,9.869e-11,4.314e-10
fortran_omp,16,256,rough0.05,0.050000,0.018475,1.3640,32,pcg_jacobi,327,2.057910e-02,8.990000e-05,1.978610e-02,5,9.869e-11,4.314e-10
fortran_serial,1,256,rough0.05,0.050000,0.018475,1.3640,32,pcg_jacobi,327,3.671400e-02,2.528000e-04,3.634900e-02,5,9.869e-11,4.314e-10
openacc,0,256,rough0.05,0.050000,0.018475,1.3640,32,pcg_jacobi,327,3.083010e-02,1.259000e-04,2.978300e-02,5,9.869e-11,4.314e-10
cuda,0,256,rough0.05,0.050000,0.018475,1.3640,32,pcg_jacobi,327,1.502884e-02,2.391500e-05,1.498229e-02,5,9.869e-11,4.314e-10
fortran_omp,1,256,rough0.05,0.050000,0.018475,1.3640,32,pcg_rbgs,164,2.495191e-01,1.538390e-02,2.341352e-01,5,9.161e-11,3.952e-10
fortran_omp,16,256,rough0.05,0.050000,0.018475,1.3640,32,pcg_rbgs,164,2.168320e-02,7.801000e-04,2.090310e-02,5,9.161e-11,3.952e-10
fortran_serial,1,256,rough0.05,0.050000,0.018475,1.3640,32,pcg_rbgs,164,9.898090e-02,7.820000e-05,9.878710e-02,5,9.161e-11,3.952e-10
openacc,0,256,rough0.05,0.050000,0.018475,1.3640,32,pcg_rbgs,164,2.956290e-02,3.410000e-05,2.925900e-02,5,9.161e-11,3.952e-10
cuda,0,256,rough0.05,0.050000,0.018475,1.3640,32,pcg_rbgs,164,1.046280e-02,1.755600e-05,1.041287e-02,5,9.161e-11,3.952e-10
fortran_omp,1,256,rough0.05,0.050000,0.018475,1.3640,32,multigrid,10,2.409300e-02,4.391000e-04,2.365390e-02,5,6.954e-11,1.448e-10
fortran_omp,16,256,rough0.05,0.050000,0.018475,1.3640,32,multigrid,10,3.665200e-03,6.180000e-05,3.587000e-03,5,6.954e-11,1.448e-10
fortran_serial,1,256,rough0.05,0.050000,0.018475,1.3640,32,multigrid,10,1.874710e-02,1.143000e-04,1.863280e-02,5,6.954e-11,1.448e-10
openacc,0,256,rough0.05,0.050000,0.018475,1.3640,32,multigrid,10,1.625610e-02,7.790000e-05,1.602800e-02,5,6.954e-11,1.448e-10
cuda,0,256,rough0.05,0.050000,0.018475,1.3640,32,multigrid,10,2.733487e-03,6.310000e-07,2.729991e-03,5,6.954e-11,1.448e-10
fortran_omp,1,256,rough0.05,0.050000,0.018475,1.3640,128,pcg_jacobi,832,5.416619e-01,3.002720e-02,4.662580e-01,5,9.813e-11,4.626e-10
fortran_omp,16,256,rough0.05,0.050000,0.018475,1.3640,128,pcg_jacobi,832,5.394600e-02,2.284900e-03,5.000210e-02,5,9.813e-11,4.626e-10
fortran_serial,1,256,rough0.05,0.050000,0.018475,1.3640,128,pcg_jacobi,832,9.622090e-02,8.481000e-04,9.409900e-02,5,9.813e-11,4.626e-10
openacc,0,256,rough0.05,0.050000,0.018475,1.3640,128,pcg_jacobi,832,7.767900e-02,3.031000e-04,7.737590e-02,5,9.813e-11,4.626e-10
cuda,0,256,rough0.05,0.050000,0.018475,1.3640,128,pcg_jacobi,832,3.809030e-02,1.226760e-04,3.743601e-02,5,9.813e-11,4.626e-10
fortran_omp,1,256,rough0.05,0.050000,0.018475,1.3640,128,pcg_rbgs,416,6.675601e-01,5.627800e-03,6.220288e-01,5,9.729e-11,4.612e-10
fortran_omp,16,256,rough0.05,0.050000,0.018475,1.3640,128,pcg_rbgs,416,6.009110e-02,7.326300e-03,5.239390e-02,5,9.729e-11,4.612e-10
fortran_serial,1,256,rough0.05,0.050000,0.018475,1.3640,128,pcg_rbgs,416,2.468970e-01,1.780000e-04,2.459970e-01,5,9.729e-11,4.612e-10
openacc,0,256,rough0.05,0.050000,0.018475,1.3640,128,pcg_rbgs,416,7.424100e-02,2.520000e-05,7.421580e-02,5,9.729e-11,4.612e-10
cuda,0,256,rough0.05,0.050000,0.018475,1.3640,128,pcg_rbgs,416,2.644593e-02,4.615100e-05,2.604634e-02,5,9.729e-11,4.612e-10
fortran_omp,1,256,rough0.05,0.050000,0.018475,1.3640,128,multigrid,12,4.481220e-02,7.900000e-06,4.475870e-02,5,4.241e-11,3.592e-09
fortran_omp,16,256,rough0.05,0.050000,0.018475,1.3640,128,multigrid,12,3.830200e-03,1.220000e-05,3.801800e-03,5,4.241e-11,3.592e-09
fortran_serial,1,256,rough0.05,0.050000,0.018475,1.3640,128,multigrid,12,2.281790e-02,3.090000e-05,2.278090e-02,5,4.241e-11,3.592e-09
openacc,0,256,rough0.05,0.050000,0.018475,1.3640,128,multigrid,12,1.903890e-02,1.910000e-04,1.884790e-02,5,4.241e-11,3.592e-09
cuda,0,256,rough0.05,0.050000,0.018475,1.3640,128,multigrid,12,3.276498e-03,3.735000e-06,3.272162e-03,5,4.241e-11,3.592e-09
fortran_omp,1,256,rough0.20,0.200000,0.100884,3.9806,2,pcg_jacobi,23,1.699300e-02,1.120000e-05,1.698180e-02,5,4.214e-11,4.923e-11
fortran_omp,16,256,rough0.20,0.200000,0.100884,3.9806,2,pcg_jacobi,23,1.389000e-03,4.000000e-06,1.371200e-03,5,4.214e-11,4.923e-11
fortran_serial,1,256,rough0.20,0.200000,0.100884,3.9806,2,pcg_jacobi,23,2.620000e-03,3.590000e-05,2.511000e-03,5,4.214e-11,4.923e-11
openacc,0,256,rough0.20,0.200000,0.100884,3.9806,2,pcg_jacobi,23,2.216100e-03,1.290000e-05,2.194900e-03,5,4.214e-11,4.923e-11
cuda,0,256,rough0.20,0.200000,0.100884,3.9806,2,pcg_jacobi,23,1.092273e-03,1.437100e-05,1.073855e-03,5,4.214e-11,4.923e-11
fortran_omp,1,256,rough0.20,0.200000,0.100884,3.9806,2,pcg_rbgs,11,1.919110e-02,2.300000e-05,1.914380e-02,5,9.163e-11,1.075e-10
fortran_omp,16,256,rough0.20,0.200000,0.100884,3.9806,2,pcg_rbgs,11,1.585000e-03,1.720000e-05,1.561200e-03,5,9.163e-11,1.075e-10
fortran_serial,1,256,rough0.20,0.200000,0.100884,3.9806,2,pcg_rbgs,11,6.692100e-03,1.700000e-05,6.448000e-03,5,9.163e-11,1.075e-10
openacc,0,256,rough0.20,0.200000,0.100884,3.9806,2,pcg_rbgs,11,2.047100e-03,1.010000e-05,2.037000e-03,5,9.163e-11,1.075e-10
cuda,0,256,rough0.20,0.200000,0.100884,3.9806,2,pcg_rbgs,11,7.238260e-04,1.353000e-06,7.224730e-04,5,9.163e-11,1.075e-10
fortran_omp,1,256,rough0.20,0.200000,0.100884,3.9806,2,multigrid,5,1.927400e-02,4.190000e-05,1.920700e-02,5,9.975e-12,1.264e-11
fortran_omp,16,256,rough0.20,0.200000,0.100884,3.9806,2,multigrid,5,1.799100e-03,3.200000e-05,1.738000e-03,5,9.975e-12,1.264e-11
fortran_serial,1,256,rough0.20,0.200000,0.100884,3.9806,2,multigrid,5,9.659100e-03,1.393000e-04,9.519800e-03,5,9.975e-12,1.264e-11
openacc,0,256,rough0.20,0.200000,0.100884,3.9806,2,multigrid,5,8.305000e-03,7.310000e-05,8.231900e-03,5,9.975e-12,1.264e-11
cuda,0,256,rough0.20,0.200000,0.100884,3.9806,2,multigrid,5,1.375241e-03,1.653000e-06,1.372868e-03,5,9.975e-12,1.264e-11
fortran_omp,1,256,rough0.20,0.200000,0.100884,3.9806,8,pcg_jacobi,81,5.907890e-02,9.590000e-05,5.898300e-02,5,8.709e-11,2.053e-10
fortran_omp,16,256,rough0.20,0.200000,0.100884,3.9806,8,pcg_jacobi,81,5.428100e-03,1.991000e-04,5.219000e-03,5,8.709e-11,2.053e-10
fortran_serial,1,256,rough0.20,0.200000,0.100884,3.9806,8,pcg_jacobi,81,9.418900e-03,2.420000e-05,9.240200e-03,5,8.709e-11,2.053e-10
openacc,0,256,rough0.20,0.200000,0.100884,3.9806,8,pcg_jacobi,81,7.714000e-03,5.000000e-06,7.644900e-03,5,8.709e-11,2.053e-10
cuda,0,256,rough0.20,0.200000,0.100884,3.9806,8,pcg_jacobi,81,3.743995e-03,1.776600e-05,3.726229e-03,5,8.709e-11,2.053e-10
fortran_omp,1,256,rough0.20,0.200000,0.100884,3.9806,8,pcg_rbgs,41,7.010700e-02,4.290000e-05,6.997200e-02,5,6.141e-11,1.448e-10
fortran_omp,16,256,rough0.20,0.200000,0.100884,3.9806,8,pcg_rbgs,41,5.928900e-03,1.961000e-04,5.249000e-03,5,6.141e-11,1.448e-10
fortran_serial,1,256,rough0.20,0.200000,0.100884,3.9806,8,pcg_rbgs,41,2.471280e-02,8.800000e-06,2.470400e-02,5,6.141e-11,1.448e-10
openacc,0,256,rough0.20,0.200000,0.100884,3.9806,8,pcg_rbgs,41,7.452900e-03,6.700000e-05,6.840000e-03,5,6.141e-11,1.448e-10
cuda,0,256,rough0.20,0.200000,0.100884,3.9806,8,pcg_rbgs,41,2.631582e-03,1.029500e-05,2.621287e-03,5,6.141e-11,1.448e-10
fortran_omp,1,256,rough0.20,0.200000,0.100884,3.9806,8,multigrid,9,2.190900e-02,7.580000e-05,2.167890e-02,5,3.630e-11,6.641e-11
fortran_omp,16,256,rough0.20,0.200000,0.100884,3.9806,8,multigrid,9,3.265100e-03,8.180000e-05,3.141900e-03,5,3.630e-11,6.641e-11
fortran_serial,1,256,rough0.20,0.200000,0.100884,3.9806,8,multigrid,9,1.696110e-02,1.410000e-05,1.686780e-02,5,3.630e-11,6.641e-11
openacc,0,256,rough0.20,0.200000,0.100884,3.9806,8,multigrid,9,1.462610e-02,7.830000e-05,1.454780e-02,5,3.630e-11,6.641e-11
cuda,0,256,rough0.20,0.200000,0.100884,3.9806,8,multigrid,9,2.463978e-03,3.410000e-07,2.461565e-03,5,3.630e-11,6.641e-11
fortran_omp,1,256,rough0.20,0.200000,0.100884,3.9806,32,pcg_jacobi,295,1.615751e-01,6.317000e-04,1.605010e-01,5,9.714e-11,3.738e-10
fortran_omp,16,256,rough0.20,0.200000,0.100884,3.9806,32,pcg_jacobi,295,1.904490e-02,5.608000e-04,1.841710e-02,5,9.714e-11,3.738e-10
fortran_serial,1,256,rough0.20,0.200000,0.100884,3.9806,32,pcg_jacobi,295,3.375100e-02,7.041000e-04,3.268600e-02,5,9.714e-11,3.738e-10
openacc,0,256,rough0.20,0.200000,0.100884,3.9806,32,pcg_jacobi,295,2.794000e-02,1.560000e-04,2.747390e-02,5,9.714e-11,3.738e-10
cuda,0,256,rough0.20,0.200000,0.100884,3.9806,32,pcg_jacobi,295,1.333548e-02,2.163680e-04,1.305576e-02,5,9.714e-11,3.738e-10
fortran_omp,1,256,rough0.20,0.200000,0.100884,3.9806,32,pcg_rbgs,148,1.777670e-01,1.859000e-04,1.775811e-01,5,8.773e-11,3.369e-10
fortran_omp,16,256,rough0.20,0.200000,0.100884,3.9806,32,pcg_rbgs,148,1.895210e-02,2.050000e-04,1.857400e-02,5,8.773e-11,3.369e-10
fortran_serial,1,256,rough0.20,0.200000,0.100884,3.9806,32,pcg_rbgs,148,9.056090e-02,3.228000e-04,9.023810e-02,5,8.773e-11,3.369e-10
openacc,0,256,rough0.20,0.200000,0.100884,3.9806,32,pcg_rbgs,148,2.673790e-02,1.470000e-05,2.672320e-02,5,8.773e-11,3.369e-10
cuda,0,256,rough0.20,0.200000,0.100884,3.9806,32,pcg_rbgs,148,9.461088e-03,1.178900e-05,9.430441e-03,5,8.773e-11,3.369e-10
fortran_omp,1,256,rough0.20,0.200000,0.100884,3.9806,32,multigrid,10,3.790000e-02,7.992000e-04,3.702090e-02,5,6.265e-11,1.282e-10
fortran_omp,16,256,rough0.20,0.200000,0.100884,3.9806,32,multigrid,10,3.228900e-03,1.630000e-05,3.208800e-03,5,6.265e-11,1.282e-10
fortran_serial,1,256,rough0.20,0.200000,0.100884,3.9806,32,multigrid,10,1.858400e-02,4.610000e-05,1.851410e-02,5,6.265e-11,1.282e-10
openacc,0,256,rough0.20,0.200000,0.100884,3.9806,32,multigrid,10,1.621510e-02,5.790000e-05,1.614310e-02,5,6.265e-11,1.282e-10
cuda,0,256,rough0.20,0.200000,0.100884,3.9806,32,multigrid,10,2.731844e-03,4.300000e-07,2.729841e-03,5,6.265e-11,1.282e-10
fortran_omp,1,256,rough0.20,0.200000,0.100884,3.9806,128,pcg_jacobi,855,4.734129e-01,1.348000e-04,4.731121e-01,5,9.826e-11,4.097e-10
fortran_omp,16,256,rough0.20,0.200000,0.100884,3.9806,128,pcg_jacobi,855,5.673600e-02,3.438000e-03,5.242890e-02,5,9.826e-11,4.097e-10
fortran_serial,1,256,rough0.20,0.200000,0.100884,3.9806,128,pcg_jacobi,855,9.850810e-02,1.262000e-04,9.838190e-02,5,9.826e-11,4.097e-10
openacc,0,256,rough0.20,0.200000,0.100884,3.9806,128,pcg_jacobi,855,8.026000e-02,6.010000e-05,7.879310e-02,5,9.826e-11,4.097e-10
cuda,0,256,rough0.20,0.200000,0.100884,3.9806,128,pcg_jacobi,855,3.914926e-02,6.068100e-05,3.862083e-02,5,9.826e-11,4.097e-10
fortran_omp,1,256,rough0.20,0.200000,0.100884,3.9806,128,pcg_rbgs,428,5.163970e-01,5.300000e-04,5.154350e-01,5,9.517e-11,3.952e-10
fortran_omp,16,256,rough0.20,0.200000,0.100884,3.9806,128,pcg_rbgs,428,5.979700e-02,5.512100e-03,5.428490e-02,5,9.517e-11,3.952e-10
fortran_serial,1,256,rough0.20,0.200000,0.100884,3.9806,128,pcg_rbgs,428,2.639329e-01,4.349000e-04,2.623870e-01,5,9.517e-11,3.952e-10
openacc,0,256,rough0.20,0.200000,0.100884,3.9806,128,pcg_rbgs,428,7.720090e-02,2.241000e-04,7.655310e-02,5,9.517e-11,3.952e-10
cuda,0,256,rough0.20,0.200000,0.100884,3.9806,128,pcg_rbgs,428,2.718235e-02,1.645600e-05,2.716590e-02,5,9.517e-11,3.952e-10
fortran_omp,1,256,rough0.20,0.200000,0.100884,3.9806,128,multigrid,11,2.643400e-02,7.800000e-05,2.631300e-02,5,1.719e-11,5.903e-10
fortran_omp,16,256,rough0.20,0.200000,0.100884,3.9806,128,multigrid,11,4.138900e-03,1.480000e-05,4.108000e-03,5,1.719e-11,5.903e-10
fortran_serial,1,256,rough0.20,0.200000,0.100884,3.9806,128,multigrid,11,2.040100e-02,3.910000e-05,2.032900e-02,5,1.719e-11,5.903e-10
openacc,0,256,rough0.20,0.200000,0.100884,3.9806,128,multigrid,11,1.941990e-02,3.378000e-04,1.837700e-02,5,1.719e-11,5.903e-10
cuda,0,256,rough0.20,0.200000,0.100884,3.9806,128,multigrid,11,3.005288e-03,2.023000e-06,3.003265e-03,5,1.719e-11,5.903e-10
fortran_omp,1,256,seamount,0.112374,0.054026,9.9318,2,pcg_jacobi,24,1.322790e-02,1.100000e-05,1.321000e-02,5,9.498e-11,1.171e-10
fortran_omp,16,256,seamount,0.112374,0.054026,9.9318,2,pcg_jacobi,24,1.487000e-03,1.410000e-05,1.438100e-03,5,9.498e-11,1.171e-10
fortran_serial,1,256,seamount,0.112374,0.054026,9.9318,2,pcg_jacobi,24,2.681900e-03,1.341000e-04,2.429100e-03,5,9.498e-11,1.171e-10
openacc,0,256,seamount,0.112374,0.054026,9.9318,2,pcg_jacobi,24,2.321900e-03,1.300000e-05,2.299000e-03,5,9.498e-11,1.171e-10
cuda,0,256,seamount,0.112374,0.054026,9.9318,2,pcg_jacobi,24,1.117141e-03,2.014000e-05,1.092914e-03,5,9.498e-11,1.171e-10
fortran_omp,1,256,seamount,0.112374,0.054026,9.9318,2,pcg_rbgs,12,1.421810e-02,1.080000e-05,1.418080e-02,5,7.685e-11,9.458e-11
fortran_omp,16,256,seamount,0.112374,0.054026,9.9318,2,pcg_rbgs,12,1.524000e-03,3.880000e-05,1.470000e-03,5,7.685e-11,9.458e-11
fortran_serial,1,256,seamount,0.112374,0.054026,9.9318,2,pcg_rbgs,12,7.282900e-03,3.100000e-05,7.067000e-03,5,7.685e-11,9.458e-11
openacc,0,256,seamount,0.112374,0.054026,9.9318,2,pcg_rbgs,12,2.221100e-03,1.000000e-05,2.206100e-03,5,7.685e-11,9.458e-11
cuda,0,256,seamount,0.112374,0.054026,9.9318,2,pcg_rbgs,12,7.841270e-04,1.092000e-06,7.812320e-04,5,7.685e-11,9.458e-11
fortran_omp,1,256,seamount,0.112374,0.054026,9.9318,2,multigrid,6,1.421490e-02,1.080000e-05,1.418990e-02,5,2.524e-12,3.832e-12
fortran_omp,16,256,seamount,0.112374,0.054026,9.9318,2,multigrid,6,2.268100e-03,1.343000e-04,2.133800e-03,5,2.524e-12,3.832e-12
fortran_serial,1,256,seamount,0.112374,0.054026,9.9318,2,multigrid,6,1.108880e-02,2.100000e-05,1.106780e-02,5,2.524e-12,3.832e-12
openacc,0,256,seamount,0.112374,0.054026,9.9318,2,multigrid,6,9.970900e-03,3.500000e-05,9.700100e-03,5,2.524e-12,3.832e-12
cuda,0,256,seamount,0.112374,0.054026,9.9318,2,multigrid,6,1.644268e-03,7.200000e-07,1.643548e-03,5,2.524e-12,3.832e-12
fortran_omp,1,256,seamount,0.112374,0.054026,9.9318,8,pcg_jacobi,91,5.038000e-02,8.300000e-05,5.029700e-02,5,9.111e-11,2.138e-10
fortran_omp,16,256,seamount,0.112374,0.054026,9.9318,8,pcg_jacobi,91,5.939000e-03,6.790000e-05,5.836000e-03,5,9.111e-11,2.138e-10
fortran_serial,1,256,seamount,0.112374,0.054026,9.9318,8,pcg_jacobi,91,1.006200e-02,2.320000e-05,1.003880e-02,5,9.111e-11,2.138e-10
openacc,0,256,seamount,0.112374,0.054026,9.9318,8,pcg_jacobi,91,8.641000e-03,2.820000e-05,8.552000e-03,5,9.111e-11,2.138e-10
cuda,0,256,seamount,0.112374,0.054026,9.9318,8,pcg_jacobi,91,4.222640e-03,1.300000e-05,4.207237e-03,5,9.111e-11,2.138e-10
fortran_omp,1,256,seamount,0.112374,0.054026,9.9318,8,pcg_rbgs,46,7.491900e-02,6.360900e-03,5.478720e-02,5,6.573e-11,1.551e-10
fortran_omp,16,256,seamount,0.112374,0.054026,9.9318,8,pcg_rbgs,46,5.791100e-03,2.820000e-05,5.715100e-03,5,6.573e-11,1.551e-10
fortran_serial,1,256,seamount,0.112374,0.054026,9.9318,8,pcg_rbgs,46,2.780110e-02,3.220000e-05,2.776890e-02,5,6.573e-11,1.551e-10
openacc,0,256,seamount,0.112374,0.054026,9.9318,8,pcg_rbgs,46,8.424000e-03,1.090000e-05,8.413100e-03,5,6.573e-11,1.551e-10
cuda,0,256,seamount,0.112374,0.054026,9.9318,8,pcg_rbgs,46,2.948982e-03,3.965000e-06,2.945017e-03,5,6.573e-11,1.551e-10
fortran_omp,1,256,seamount,0.112374,0.054026,9.9318,8,multigrid,9,3.386800e-02,1.042900e-03,2.170690e-02,5,7.984e-11,1.588e-10
fortran_omp,16,256,seamount,0.112374,0.054026,9.9318,8,multigrid,9,2.856000e-03,2.120000e-05,2.834800e-03,5,7.984e-11,1.588e-10
fortran_serial,1,256,seamount,0.112374,0.054026,9.9318,8,multigrid,9,1.729790e-02,7.020000e-05,1.679110e-02,5,7.984e-11,1.588e-10
openacc,0,256,seamount,0.112374,0.054026,9.9318,8,multigrid,9,1.448510e-02,2.600000e-05,1.444800e-02,5,7.984e-11,1.588e-10
cuda,0,256,seamount,0.112374,0.054026,9.9318,8,multigrid,9,2.463177e-03,1.463000e-06,2.461044e-03,5,7.984e-11,1.588e-10
fortran_omp,1,256,seamount,0.112374,0.054026,9.9318,32,pcg_jacobi,341,2.401750e-01,1.021980e-02,2.109730e-01,5,9.567e-11,3.616e-10
fortran_omp,16,256,seamount,0.112374,0.054026,9.9318,32,pcg_jacobi,341,2.118300e-02,4.211000e-04,2.076190e-02,5,9.567e-11,3.616e-10
fortran_serial,1,256,seamount,0.112374,0.054026,9.9318,32,pcg_jacobi,341,3.915880e-02,1.693000e-04,3.898090e-02,5,9.567e-11,3.616e-10
openacc,0,256,seamount,0.112374,0.054026,9.9318,32,pcg_jacobi,341,3.210900e-02,9.110000e-05,3.122210e-02,5,9.567e-11,3.616e-10
cuda,0,256,seamount,0.112374,0.054026,9.9318,32,pcg_jacobi,341,1.562671e-02,2.815300e-05,1.558427e-02,5,9.567e-11,3.616e-10
fortran_omp,1,256,seamount,0.112374,0.054026,9.9318,32,pcg_rbgs,171,2.055668e-01,4.780000e-05,2.050910e-01,5,8.834e-11,3.306e-10
fortran_omp,16,256,seamount,0.112374,0.054026,9.9318,32,pcg_rbgs,171,2.369190e-02,7.239000e-04,2.296800e-02,5,8.834e-11,3.306e-10
fortran_serial,1,256,seamount,0.112374,0.054026,9.9318,32,pcg_rbgs,171,1.034880e-01,8.000000e-04,1.026880e-01,5,8.834e-11,3.306e-10
openacc,0,256,seamount,0.112374,0.054026,9.9318,32,pcg_rbgs,171,3.092500e-02,3.100000e-05,3.050810e-02,5,8.834e-11,3.306e-10
cuda,0,256,seamount,0.112374,0.054026,9.9318,32,pcg_rbgs,171,1.088397e-02,1.465200e-05,1.083779e-02,5,8.834e-11,3.306e-10
fortran_omp,1,256,seamount,0.112374,0.054026,9.9318,32,multigrid,10,3.760390e-02,9.712000e-04,2.415900e-02,5,7.143e-11,1.491e-10
fortran_omp,16,256,seamount,0.112374,0.054026,9.9318,32,multigrid,10,3.591100e-03,1.149000e-04,3.465800e-03,5,7.143e-11,1.491e-10
fortran_serial,1,256,seamount,0.112374,0.054026,9.9318,32,multigrid,10,1.920700e-02,1.478000e-04,1.905920e-02,5,7.143e-11,1.491e-10
openacc,0,256,seamount,0.112374,0.054026,9.9318,32,multigrid,10,1.629110e-02,2.093000e-04,1.601100e-02,5,7.143e-11,1.491e-10
cuda,0,256,seamount,0.112374,0.054026,9.9318,32,multigrid,10,2.731854e-03,8.510000e-07,2.731003e-03,5,7.143e-11,1.491e-10
fortran_omp,1,256,seamount,0.112374,0.054026,9.9318,128,pcg_jacobi,864,5.725432e-01,1.545920e-02,5.570840e-01,5,9.767e-11,3.199e-10
fortran_omp,16,256,seamount,0.112374,0.054026,9.9318,128,pcg_jacobi,864,5.593390e-02,1.649000e-04,5.232600e-02,5,9.767e-11,3.199e-10
fortran_serial,1,256,seamount,0.112374,0.054026,9.9318,128,pcg_jacobi,864,9.600310e-02,1.509000e-04,9.557700e-02,5,9.767e-11,3.199e-10
openacc,0,256,seamount,0.112374,0.054026,9.9318,128,pcg_jacobi,864,8.050300e-02,3.300000e-04,8.017300e-02,5,9.767e-11,3.199e-10
cuda,0,256,seamount,0.112374,0.054026,9.9318,128,pcg_jacobi,864,3.954272e-02,4.284690e-04,3.896455e-02,5,9.767e-11,3.199e-10
fortran_omp,1,256,seamount,0.112374,0.054026,9.9318,128,pcg_rbgs,432,5.196619e-01,7.592000e-04,5.182960e-01,5,9.621e-11,3.179e-10
fortran_omp,16,256,seamount,0.112374,0.054026,9.9318,128,pcg_rbgs,432,6.319410e-02,2.058000e-03,5.419020e-02,5,9.621e-11,3.179e-10
fortran_serial,1,256,seamount,0.112374,0.054026,9.9318,128,pcg_rbgs,432,2.638252e-01,8.512000e-04,2.628009e-01,5,9.621e-11,3.179e-10
openacc,0,256,seamount,0.112374,0.054026,9.9318,128,pcg_rbgs,432,7.734200e-02,2.501000e-04,7.709190e-02,5,9.621e-11,3.179e-10
cuda,0,256,seamount,0.112374,0.054026,9.9318,128,pcg_rbgs,432,2.746068e-02,3.315100e-05,2.710508e-02,5,9.621e-11,3.179e-10
fortran_omp,1,256,seamount,0.112374,0.054026,9.9318,128,multigrid,13,3.091000e-02,7.700000e-05,3.083300e-02,5,8.527e-11,7.807e-09
fortran_omp,16,256,seamount,0.112374,0.054026,9.9318,128,multigrid,13,4.298000e-03,7.510000e-05,4.222900e-03,5,8.527e-11,7.807e-09
fortran_serial,1,256,seamount,0.112374,0.054026,9.9318,128,multigrid,13,2.415610e-02,2.290000e-05,2.403400e-02,5,8.527e-11,7.807e-09
openacc,0,256,seamount,0.112374,0.054026,9.9318,128,multigrid,13,2.079890e-02,9.990000e-05,2.032800e-02,5,8.527e-11,7.807e-09
cuda,0,256,seamount,0.112374,0.054026,9.9318,128,multigrid,13,3.546487e-03,5.500000e-07,3.545745e-03,5,8.527e-11,7.807e-09
fortran_omp,1,512,flat,0.000000,0.000000,1.0000,2,pcg_jacobi,24,5.309000e-02,5.000000e-05,5.279700e-02,5,9.618e-11,1.187e-10
fortran_omp,16,512,flat,0.000000,0.000000,1.0000,2,pcg_jacobi,24,4.969800e-03,3.110000e-05,4.913100e-03,5,9.618e-11,1.187e-10
fortran_serial,1,512,flat,0.000000,0.000000,1.0000,2,pcg_jacobi,24,1.175310e-02,4.781000e-04,1.018190e-02,5,9.618e-11,1.187e-10
openacc,0,512,flat,0.000000,0.000000,1.0000,2,pcg_jacobi,24,2.618100e-03,1.320000e-05,2.604900e-03,5,9.618e-11,1.187e-10
cuda,0,512,flat,0.000000,0.000000,1.0000,2,pcg_jacobi,24,1.556355e-03,6.920000e-06,1.546210e-03,5,9.618e-11,1.187e-10
fortran_omp,1,512,flat,0.000000,0.000000,1.0000,2,pcg_rbgs,12,5.800790e-02,1.302000e-04,5.779690e-02,5,7.742e-11,9.552e-11
fortran_omp,16,512,flat,0.000000,0.000000,1.0000,2,pcg_rbgs,12,6.666800e-03,2.267000e-04,6.379900e-03,5,7.742e-11,9.552e-11
fortran_serial,1,512,flat,0.000000,0.000000,1.0000,2,pcg_rbgs,12,2.846390e-02,2.680000e-05,2.822490e-02,5,7.742e-11,9.552e-11
openacc,0,512,flat,0.000000,0.000000,1.0000,2,pcg_rbgs,12,2.519100e-03,3.100000e-06,2.512900e-03,5,7.742e-11,9.552e-11
cuda,0,512,flat,0.000000,0.000000,1.0000,2,pcg_rbgs,12,1.357945e-03,4.236000e-06,1.353709e-03,5,7.742e-11,9.552e-11
fortran_omp,1,512,flat,0.000000,0.000000,1.0000,2,multigrid,6,5.846600e-02,1.240000e-04,5.834200e-02,5,2.651e-12,4.126e-12
fortran_omp,16,512,flat,0.000000,0.000000,1.0000,2,multigrid,6,7.739700e-03,2.166000e-04,7.523100e-03,5,2.651e-12,4.126e-12
fortran_serial,1,512,flat,0.000000,0.000000,1.0000,2,multigrid,6,4.587880e-02,6.670000e-05,4.581210e-02,5,2.651e-12,4.126e-12
openacc,0,512,flat,0.000000,0.000000,1.0000,2,multigrid,6,1.484100e-02,3.329000e-04,1.449090e-02,5,2.651e-12,4.126e-12
cuda,0,512,flat,0.000000,0.000000,1.0000,2,multigrid,6,2.404348e-03,1.773000e-06,2.402486e-03,5,2.651e-12,4.126e-12
fortran_omp,1,512,flat,0.000000,0.000000,1.0000,8,pcg_jacobi,91,2.002530e-01,2.039000e-04,1.980350e-01,5,9.293e-11,2.260e-10
fortran_omp,16,512,flat,0.000000,0.000000,1.0000,8,pcg_jacobi,91,1.880380e-02,6.390000e-05,1.873990e-02,5,9.293e-11,2.260e-10
fortran_serial,1,512,flat,0.000000,0.000000,1.0000,8,pcg_jacobi,91,3.740810e-02,1.010000e-05,3.723380e-02,5,9.293e-11,2.260e-10
openacc,0,512,flat,0.000000,0.000000,1.0000,8,pcg_jacobi,91,9.765900e-03,4.700000e-05,9.718900e-03,5,9.293e-11,2.260e-10
cuda,0,512,flat,0.000000,0.000000,1.0000,8,pcg_jacobi,91,5.696290e-03,2.161300e-05,5.648788e-03,5,9.293e-11,2.260e-10
fortran_omp,1,512,flat,0.000000,0.000000,1.0000,8,pcg_rbgs,46,2.402179e-01,1.307020e-02,2.189219e-01,5,6.762e-11,1.639e-10
fortran_omp,16,512,flat,0.000000,0.000000,1.0000,8,pcg_rbgs,46,2.470710e-02,3.709000e-04,2.140590e-02,5,6.762e-11,1.639e-10
fortran_serial,1,512,flat,0.000000,0.000000,1.0000,8,pcg_rbgs,46,1.107258e-01,3.340000e-04,1.091251e-01,5,6.762e-11,1.639e-10
openacc,0,512,flat,0.000000,0.000000,1.0000,8,pcg_rbgs,46,9.415100e-03,4.690000e-05,9.358000e-03,5,6.762e-11,1.639e-10
cuda,0,512,flat,0.000000,0.000000,1.0000,8,pcg_rbgs,46,5.037062e-03,6.303500e-05,4.867335e-03,5,6.762e-11,1.639e-10
fortran_omp,1,512,flat,0.000000,0.000000,1.0000,8,multigrid,9,1.207489e-01,1.872390e-02,8.686690e-02,5,7.926e-11,1.627e-10
fortran_omp,16,512,flat,0.000000,0.000000,1.0000,8,multigrid,9,1.193310e-02,3.450000e-04,1.120900e-02,5,7.926e-11,1.627e-10
fortran_serial,1,512,flat,0.000000,0.000000,1.0000,8,multigrid,9,6.809500e-02,1.060000e-04,6.782890e-02,5,7.926e-11,1.627e-10
openacc,0,512,flat,0.000000,0.000000,1.0000,8,multigrid,9,2.202910e-02,1.449000e-04,2.127880e-02,5,7.926e-11,1.627e-10
cuda,0,512,flat,0.000000,0.000000,1.0000,8,multigrid,9,3.598896e-03,4.300000e-07,3.598345e-03,5,7.926e-11,1.627e-10
fortran_omp,1,512,flat,0.000000,0.000000,1.0000,32,pcg_jacobi,348,9.379179e-01,3.341200e-03,9.195909e-01,5,9.933e-11,4.778e-10
fortran_omp,16,512,flat,0.000000,0.000000,1.0000,32,pcg_jacobi,348,7.541790e-02,2.816800e-03,7.011390e-02,5,9.933e-11,4.778e-10
fortran_serial,1,512,flat,0.000000,0.000000,1.0000,32,pcg_jacobi,348,1.461239e-01,3.002900e-03,1.431210e-01,5,9.933e-11,4.778e-10
openacc,0,512,flat,0.000000,0.000000,1.0000,32,pcg_jacobi,348,3.702180e-02,3.150000e-04,3.639510e-02,5,9.933e-11,4.778e-10
cuda,0,512,flat,0.000000,0.000000,1.0000,32,pcg_jacobi,348,2.184996e-02,8.197500e-05,2.176799e-02,5,9.933e-11,4.778e-10
fortran_omp,1,512,flat,0.000000,0.000000,1.0000,32,pcg_rbgs,174,1.054299e+00,5.122490e-02,9.769330e-01,5,9.738e-11,4.699e-10
fortran_omp,16,512,flat,0.000000,0.000000,1.0000,32,pcg_rbgs,174,9.210800e-02,9.066900e-03,8.109290e-02,5,9.738e-11,4.699e-10
fortran_serial,1,512,flat,0.000000,0.000000,1.0000,32,pcg_rbgs,174,4.159281e-01,7.978000e-04,4.139111e-01,5,9.738e-11,4.699e-10
openacc,0,512,flat,0.000000,0.000000,1.0000,32,pcg_rbgs,174,3.536700e-02,5.600000e-05,3.471390e-02,5,9.738e-11,4.699e-10
cuda,0,512,flat,0.000000,0.000000,1.0000,32,pcg_rbgs,174,1.901966e-02,1.439100e-05,1.894895e-02,5,9.738e-11,4.699e-10
fortran_omp,1,512,flat,0.000000,0.000000,1.0000,32,multigrid,10,9.674880e-02,1.900600e-03,9.484820e-02,5,6.961e-11,1.630e-10
fortran_omp,16,512,flat,0.000000,0.000000,1.0000,32,multigrid,10,1.082400e-02,1.559000e-04,1.066810e-02,5,6.961e-11,1.630e-10
fortran_serial,1,512,flat,0.000000,0.000000,1.0000,32,multigrid,10,7.556390e-02,4.290000e-05,7.552100e-02,5,6.961e-11,1.630e-10
openacc,0,512,flat,0.000000,0.000000,1.0000,32,multigrid,10,2.471590e-02,1.300000e-04,2.372000e-02,5,6.961e-11,1.630e-10
cuda,0,512,flat,0.000000,0.000000,1.0000,32,multigrid,10,3.997809e-03,4.390000e-07,3.996297e-03,5,6.961e-11,1.630e-10
fortran_omp,1,512,flat,0.000000,0.000000,1.0000,128,pcg_jacobi,948,2.082399e+00,2.166200e-03,2.079008e+00,5,9.949e-11,2.258e-10
fortran_omp,16,512,flat,0.000000,0.000000,1.0000,128,pcg_jacobi,948,2.015979e-01,9.460000e-04,1.965961e-01,5,9.949e-11,2.258e-10
fortran_serial,1,512,flat,0.000000,0.000000,1.0000,128,pcg_jacobi,948,4.023800e-01,1.333900e-03,3.902819e-01,5,9.949e-11,2.258e-10
openacc,0,512,flat,0.000000,0.000000,1.0000,128,pcg_jacobi,948,1.006610e-01,5.621000e-04,9.967390e-02,5,9.949e-11,2.258e-10
cuda,0,512,flat,0.000000,0.000000,1.0000,128,pcg_jacobi,948,5.967051e-02,1.599930e-04,5.924587e-02,5,9.949e-11,2.258e-10
fortran_omp,1,512,flat,0.000000,0.000000,1.0000,128,pcg_rbgs,515,2.675307e+00,2.126000e-03,2.581879e+00,5,9.575e-11,2.340e-10
fortran_omp,16,512,flat,0.000000,0.000000,1.0000,128,pcg_rbgs,515,2.623529e-01,1.906800e-03,2.604461e-01,5,9.575e-11,2.340e-10
fortran_serial,1,512,flat,0.000000,0.000000,1.0000,128,pcg_rbgs,515,1.215615e+00,1.476000e-03,1.214139e+00,5,9.575e-11,2.340e-10
openacc,0,512,flat,0.000000,0.000000,1.0000,128,pcg_rbgs,515,1.046541e-01,6.038000e-04,1.036789e-01,5,9.575e-11,2.340e-10
cuda,0,512,flat,0.000000,0.000000,1.0000,128,pcg_rbgs,515,5.613219e-02,1.576090e-04,5.590967e-02,5,9.575e-11,2.340e-10
fortran_omp,1,512,flat,0.000000,0.000000,1.0000,128,multigrid,11,1.056860e-01,4.288000e-04,1.051750e-01,5,1.289e-11,3.270e-11
fortran_omp,16,512,flat,0.000000,0.000000,1.0000,128,multigrid,11,1.204010e-02,3.200000e-05,1.177190e-02,5,1.289e-11,3.270e-11
fortran_serial,1,512,flat,0.000000,0.000000,1.0000,128,multigrid,11,8.315700e-02,6.400000e-05,8.306810e-02,5,1.289e-11,3.270e-11
openacc,0,512,flat,0.000000,0.000000,1.0000,128,multigrid,11,2.595800e-02,3.258000e-04,2.563220e-02,5,1.289e-11,3.270e-11
cuda,0,512,flat,0.000000,0.000000,1.0000,128,multigrid,11,4.391815e-03,1.081000e-06,4.390734e-03,5,1.289e-11,3.270e-11
fortran_omp,1,512,rough0.05,0.050000,0.012420,1.3525,2,pcg_jacobi,24,5.300210e-02,4.041000e-04,5.252500e-02,5,4.244e-11,5.243e-11
fortran_omp,16,512,rough0.05,0.050000,0.012420,1.3525,2,pcg_jacobi,24,4.795100e-03,1.070000e-05,4.730900e-03,5,4.244e-11,5.243e-11
fortran_serial,1,512,rough0.05,0.050000,0.012420,1.3525,2,pcg_jacobi,24,1.020510e-02,1.988000e-04,9.883100e-03,5,4.244e-11,5.243e-11
openacc,0,512,rough0.05,0.050000,0.012420,1.3525,2,pcg_jacobi,24,2.612100e-03,4.000000e-06,2.608100e-03,5,4.244e-11,5.243e-11
cuda,0,512,rough0.05,0.050000,0.012420,1.3525,2,pcg_jacobi,24,1.538668e-03,1.462000e-06,1.534933e-03,5,4.244e-11,5.243e-11
fortran_omp,1,512,rough0.05,0.050000,0.012420,1.3525,2,pcg_rbgs,12,7.500000e-02,1.045590e-02,5.709600e-02,5,3.441e-11,4.262e-11
fortran_omp,16,512,rough0.05,0.050000,0.012420,1.3525,2,pcg_rbgs,12,6.370100e-03,9.890000e-05,5.912000e-03,5,3.441e-11,4.262e-11
fortran_serial,1,512,rough0.05,0.050000,0.012420,1.3525,2,pcg_rbgs,12,2.803300e-02,1.011000e-04,2.793190e-02,5,3.441e-11,4.262e-11
openacc,0,512,rough0.05,0.050000,0.012420,1.3525,2,pcg_rbgs,12,2.485000e-03,1.300000e-05,2.263000e-03,5,3.441e-11,4.262e-11
cuda,0,512,rough0.05,0.050000,0.012420,1.3525,2,pcg_rbgs,12,1.357685e-03,7.091000e-06,1.350594e-03,5,3.441e-11,4.262e-11
fortran_omp,1,512,rough0.05,0.050000,0.012420,1.3525,2,multigrid,5,4.795600e-02,3.300000e-04,4.762600e-02,5,5.122e-11,7.568e-11
fortran_omp,16,512,rough0.05,0.050000,0.012420,1.3525,2,multigrid,5,6.215000e-03,1.141000e-04,6.019800e-03,5,5.122e-11,7.568e-11
fortran_serial,1,512,rough0.05,0.050000,0.012420,1.3525,2,multigrid,5,3.890210e-02,3.440000e-04,3.850000e-02,5,5.122e-11,7.568e-11
openacc,0,512,rough0.05,0.050000,0.012420,1.3525,2,multigrid,5,1.271320e-02,3.202000e-04,1.239300e-02,5,5.122e-11,7.568e-11
cuda,0,512,rough0.05,0.050000,0.012420,1.3525,2,multigrid,5,2.009030e-03,1.162000e-06,2.006757e-03,5,5.122e-11,7.568e-11
fortran_omp,1,512,rough0.05,0.050000,0.012420,1.3525,8,pcg_jacobi,87,1.911790e-01,1.700000e-04,1.902029e-01,5,9.845e-11,2.403e-10
fortran_omp,16,512,rough0.05,0.050000,0.012420,1.3525,8,pcg_jacobi,87,1.991010e-02,1.430100e-03,1.793510e-02,5,9.845e-11,2.403e-10
fortran_serial,1,512,rough0.05,0.050000,0.012420,1.3525,8,pcg_jacobi,87,3.579680e-02,1.768000e-04,3.562000e-02,5,9.845e-11,2.403e-10
openacc,0,512,rough0.05,0.050000,0.012420,1.3525,8,pcg_jacobi,87,9.305000e-03,1.600000e-05,9.289000e-03,5,9.845e-11,2.403e-10
cuda,0,512,rough0.05,0.050000,0.012420,1.3525,8,pcg_jacobi,87,5.474143e-03,1.935800e-05,5.454785e-03,5,9.845e-11,2.403e-10
fortran_omp,1,512,rough0.05,0.050000,0.012420,1.3525,8,pcg_rbgs,44,2.782061e-01,2.394480e-02,2.500360e-01,5,7.060e-11,1.724e-10
fortran_omp,16,512,rough0.05,0.050000,0.012420,1.3525,8,pcg_rbgs,44,2.477210e-02,2.635000e-03,2.105600e-02,5,7.060e-11,1.724e-10
fortran_serial,1,512,rough0.05,0.050000,0.012420,1.3525,8,pcg_rbgs,44,1.056599e-01,6.780000e-04,1.049590e-01,5,7.060e-11,1.724e-10
openacc,0,512,rough0.05,0.050000,0.012420,1.3525,8,pcg_rbgs,44,8.972900e-03,1.600000e-05,8.928000e-03,5,7.060e-11,1.724e-10
cuda,0,512,rough0.05,0.050000,0.012420,1.3525,8,pcg_rbgs,44,4.826063e-03,1.031500e-05,4.815748e-03,5,7.060e-11,1.724e-10
fortran_omp,1,512,rough0.05,0.050000,0.012420,1.3525,8,multigrid,9,1.266082e-01,1.181470e-02,9.113280e-02,5,6.166e-11,1.230e-10
fortran_omp,16,512,rough0.05,0.050000,0.012420,1.3525,8,multigrid,9,9.618000e-03,4.800000e-05,9.503100e-03,5,6.166e-11,1.230e-10
fortran_serial,1,512,rough0.05,0.050000,0.012420,1.3525,8,multigrid,9,6.871890e-02,8.410000e-05,6.854700e-02,5,6.166e-11,1.230e-10
openacc,0,512,rough0.05,0.050000,0.012420,1.3525,8,multigrid,9,2.157600e-02,1.350000e-04,2.144100e-02,5,6.166e-11,1.230e-10
cuda,0,512,rough0.05,0.050000,0.012420,1.3525,8,multigrid,9,3.599938e-03,2.153000e-06,3.595160e-03,5,6.166e-11,1.230e-10
fortran_omp,1,512,rough0.05,0.050000,0.012420,1.3525,32,pcg_jacobi,336,7.364061e-01,8.747000e-04,7.351430e-01,5,9.513e-11,4.476e-10
fortran_omp,16,512,rough0.05,0.050000,0.012420,1.3525,32,pcg_jacobi,336,6.968710e-02,3.244100e-03,6.644300e-02,5,9.513e-11,4.476e-10
fortran_serial,1,512,rough0.05,0.050000,0.012420,1.3525,32,pcg_jacobi,336,1.421959e-01,8.662000e-04,1.391191e-01,5,9.513e-11,4.476e-10
openacc,0,512,rough0.05,0.050000,0.012420,1.3525,32,pcg_jacobi,336,3.575200e-02,2.840000e-04,3.461010e-02,5,9.513e-11,4.476e-10
cuda,0,512,rough0.05,0.050000,0.012420,1.3525,32,pcg_jacobi,336,2.106977e-02,8.251600e-05,2.080951e-02,5,9.513e-11,4.476e-10
fortran_omp,1,512,rough0.05,0.050000,0.012420,1.3525,32,pcg_rbgs,168,7.990420e-01,4.551000e-04,7.957949e-01,5,9.349e-11,4.386e-10
fortran_omp,16,512,rough0.05,0.050000,0.012420,1.3525,32,pcg_rbgs,168,8.763000e-02,6.270200e-03,8.036610e-02,5,9.349e-11,4.386e-10
fortran_serial,1,512,rough0.05,0.050000,0.012420,1.3525,32,pcg_rbgs,168,4.013660e-01,3.910000e-04,4.004659e-01,5,9.349e-11,4.386e-10
openacc,0,512,rough0.05,0.050000,0.012420,1.3525,32,pcg_rbgs,168,3.412420e-02,4.420000e-05,3.346490e-02,5,9.349e-11,4.386e-10
cuda,0,512,rough0.05,0.050000,0.012420,1.3525,32,pcg_rbgs,168,1.867074e-02,1.962470e-04,1.835853e-02,5,9.349e-11,4.386e-10
fortran_omp,1,512,rough0.05,0.050000,0.012420,1.3525,32,multigrid,10,9.708310e-02,1.862000e-04,9.616490e-02,5,6.627e-11,1.550e-10
fortran_omp,16,512,rough0.05,0.050000,0.012420,1.3525,32,multigrid,10,1.097590e-02,1.198000e-04,1.080680e-02,5,6.627e-11,1.550e-10
fortran_serial,1,512,rough0.05,0.050000,0.012420,1.3525,32,multigrid,10,7.574200e-02,4.010000e-05,7.555980e-02,5,6.627e-11,1.550e-10
openacc,0,512,rough0.05,0.050000,0.012420,1.3525,32,multigrid,10,2.460880e-02,3.297000e-04,2.427910e-02,5,6.627e-11,1.550e-10
cuda,0,512,rough0.05,0.050000,0.012420,1.3525,32,multigrid,10,3.999863e-03,9.510000e-07,3.998671e-03,5,6.627e-11,1.550e-10
fortran_omp,1,512,rough0.05,0.050000,0.012420,1.3525,128,pcg_jacobi,1138,2.498764e+00,1.072900e-03,2.496692e+00,5,9.826e-11,6.511e-10
fortran_omp,16,512,rough0.05,0.050000,0.012420,1.3525,128,pcg_jacobi,1138,2.410472e-01,2.765200e-03,2.374320e-01,5,9.826e-11,6.511e-10
fortran_serial,1,512,rough0.05,0.050000,0.012420,1.3525,128,pcg_jacobi,1138,4.815040e-01,7.502000e-04,4.805648e-01,5,9.826e-11,6.511e-10
openacc,0,512,rough0.05,0.050000,0.012420,1.3525,128,pcg_jacobi,1138,1.203192e-01,7.929000e-04,1.192110e-01,5,9.826e-11,6.511e-10
cuda,0,512,rough0.05,0.050000,0.012420,1.3525,128,pcg_jacobi,1138,7.158049e-02,1.249090e-04,7.094074e-02,5,9.826e-11,6.511e-10
fortran_omp,1,512,rough0.05,0.050000,0.012420,1.3525,128,pcg_rbgs,569,2.716361e+00,1.150000e-03,2.707324e+00,5,9.684e-11,6.486e-10
fortran_omp,16,512,rough0.05,0.050000,0.012420,1.3525,128,pcg_rbgs,569,2.989650e-01,2.202100e-03,2.908859e-01,5,9.684e-11,6.486e-10
fortran_serial,1,512,rough0.05,0.050000,0.012420,1.3525,128,pcg_rbgs,569,1.358413e+00,1.064100e-03,1.356647e+00,5,9.684e-11,6.486e-10
openacc,0,512,rough0.05,0.050000,0.012420,1.3525,128,pcg_rbgs,569,1.150510e-01,1.560000e-04,1.144169e-01,5,9.684e-11,6.486e-10
cuda,0,512,rough0.05,0.050000,0.012420,1.3525,128,pcg_rbgs,569,6.198971e-02,4.275500e-05,6.170557e-02,5,9.684e-11,6.486e-10
fortran_omp,1,512,rough0.05,0.050000,0.012420,1.3525,128,multigrid,10,9.690400e-02,1.519000e-04,9.619990e-02,5,9.983e-11,2.497e-10
fortran_omp,16,512,rough0.05,0.050000,0.012420,1.3525,128,multigrid,10,1.074710e-02,1.520000e-05,1.057010e-02,5,9.983e-11,2.497e-10
fortran_serial,1,512,rough0.05,0.050000,0.012420,1.3525,128,multigrid,10,7.648800e-02,3.910000e-05,7.644890e-02,5,9.983e-11,2.497e-10
openacc,0,512,rough0.05,0.050000,0.012420,1.3525,128,multigrid,10,2.380510e-02,2.200000e-04,2.358510e-02,5,9.983e-11,2.497e-10
cuda,0,512,rough0.05,0.050000,0.012420,1.3525,128,multigrid,10,3.999593e-03,2.342000e-06,3.992912e-03,5,9.983e-11,2.497e-10
fortran_omp,1,512,rough0.20,0.200000,0.057918,3.5754,2,pcg_jacobi,23,5.078000e-02,1.370000e-04,5.064300e-02,5,4.752e-11,5.645e-11
fortran_omp,16,512,rough0.20,0.200000,0.057918,3.5754,2,pcg_jacobi,23,5.065000e-03,6.000000e-06,5.059000e-03,5,4.752e-11,5.645e-11
fortran_serial,1,512,rough0.20,0.200000,0.057918,3.5754,2,pcg_jacobi,23,1.018620e-02,3.380000e-05,1.006890e-02,5,4.752e-11,5.645e-11
openacc,0,512,rough0.20,0.200000,0.057918,3.5754,2,pcg_jacobi,23,2.500000e-03,8.000000e-06,2.492000e-03,5,4.752e-11,5.645e-11
cuda,0,512,rough0.20,0.200000,0.057918,3.5754,2,pcg_jacobi,23,1.473239e-03,6.330000e-06,1.466319e-03,5,4.752e-11,5.645e-11
fortran_omp,1,512,rough0.20,0.200000,0.057918,3.5754,2,pcg_rbgs,12,7.450200e-02,9.939100e-03,5.647090e-02,5,1.462e-11,1.725e-11
fortran_omp,16,512,rough0.20,0.200000,0.057918,3.5754,2,pcg_rbgs,12,6.366000e-03,4.580000e-04,5.474800e-03,5,1.462e-11,1.725e-11
fortran_serial,1,512,rough0.20,0.200000,0.057918,3.5754,2,pcg_rbgs,12,2.796100e-02,2.000000e-05,2.793510e-02,5,1.462e-11,1.725e-11
openacc,0,512,rough0.20,0.200000,0.057918,3.5754,2,pcg_rbgs,12,2.505100e-03,2.200000e-06,2.478100e-03,5,1.462e-11,1.725e-11
cuda,0,512,rough0.20,0.200000,0.057918,3.5754,2,pcg_rbgs,12,1.360679e-03,6.059000e-06,1.352407e-03,5,1.462e-11,1.725e-11
fortran_omp,1,512,rough0.20,0.200000,0.057918,3.5754,2,multigrid,5,4.775500e-02,1.700000e-04,4.749520e-02,5,1.179e-11,1.492e-11
fortran_omp,16,512,rough0.20,0.200000,0.057918,3.5754,2,multigrid,5,6.538800e-03,1.809000e-04,6.357900e-03,5,1.179e-11,1.492e-11
fortran_serial,1,512,rough0.20,0.200000,0.057918,3.5754,2,multigrid,5,3.763790e-02,3.090000e-05,3.759210e-02,5,1.179e-11,1.492e-11
openacc,0,512,rough0.20,0.200000,0.057918,3.5754,2,multigrid,5,1.288980e-02,2.758000e-04,1.251390e-02,5,1.179e-11,1.492e-11
cuda,0,512,rough0.20,0.200000,0.057918,3.5754,2,multigrid,5,2.011003e-03,1.772000e-06,2.008980e-03,5,1.179e-11,1.492e-11
fortran_omp,1,512,rough0.20,0.200000,0.057918,3.5754,8,pcg_jacobi,83,1.823430e-01,2.129000e-04,1.821301e-01,5,9.555e-11,2.386e-10
fortran_omp,16,512,rough0.20,0.200000,0.057918,3.5754,8,pcg_jacobi,83,1.757190e-02,3.801000e-04,1.696210e-02,5,9.555e-11,2.386e-10
fortran_serial,1,512,rough0.20,0.200000,0.057918,3.5754,8,pcg_jacobi,83,3.547500e-02,3.090000e-04,3.416110e-02,5,9.555e-11,2.386e-10
openacc,0,512,rough0.20,0.200000,0.057918,3.5754,8,pcg_jacobi,83,8.863000e-03,9.010000e-05,8.772900e-03,5,9.555e-11,2.386e-10
cuda,0,512,rough0.20,0.200000,0.057918,3.5754,8,pcg_jacobi,83,5.240981e-03,1.784700e-05,5.190805e-03,5,9.555e-11,2.386e-10
fortran_omp,1,512,rough0.20,0.200000,0.057918,3.5754,8,pcg_rbgs,42,2.010550e-01,2.480000e-04,2.007091e-01,5,6.896e-11,1.712e-10
fortran_omp,16,512,rough0.20,0.200000,0.057918,3.5754,8,pcg_rbgs,42,2.252100e-02,5.259000e-04,2.107600e-02,5,6.896e-11,1.712e-10
fortran_serial,1,512,rough0.20,0.200000,0.057918,3.5754,8,pcg_rbgs,42,1.028759e-01,5.930000e-04,1.008350e-01,5,6.896e-11,1.712e-10
openacc,0,512,rough0.20,0.200000,0.057918,3.5754,8,pcg_rbgs,42,8.563000e-03,3.420000e-05,8.509800e-03,5,6.896e-11,1.712e-10
cuda,0,512,rough0.20,0.200000,0.057918,3.5754,8,pcg_rbgs,42,4.667253e-03,1.076600e-05,4.650988e-03,5,6.896e-11,1.712e-10
fortran_omp,1,512,rough0.20,0.200000,0.057918,3.5754,8,multigrid,9,8.737300e-02,1.375000e-03,8.599800e-02,5,3.373e-11,6.077e-11
fortran_omp,16,512,rough0.20,0.200000,0.057918,3.5754,8,multigrid,9,1.204800e-02,1.251000e-04,1.179310e-02,5,3.373e-11,6.077e-11
fortran_serial,1,512,rough0.20,0.200000,0.057918,3.5754,8,multigrid,9,6.874510e-02,2.732000e-04,6.847190e-02,5,3.373e-11,6.077e-11
openacc,0,512,rough0.20,0.200000,0.057918,3.5754,8,multigrid,9,2.214500e-02,3.672000e-04,2.160400e-02,5,3.373e-11,6.077e-11
cuda,0,512,rough0.20,0.200000,0.057918,3.5754,8,multigrid,9,3.595741e-03,1.532000e-06,3.593978e-03,5,3.373e-11,6.077e-11
fortran_omp,1,512,rough0.20,0.200000,0.057918,3.5754,32,pcg_jacobi,310,6.805482e-01,5.178000e-04,6.783940e-01,5,9.560e-11,4.254e-10
fortran_omp,16,512,rough0.20,0.200000,0.057918,3.5754,32,pcg_jacobi,310,6.715990e-02,4.224000e-03,6.274100e-02,5,9.560e-11,4.254e-10
fortran_serial,1,512,rough0.20,0.200000,0.057918,3.5754,32,pcg_jacobi,310,1.305301e-01,2.689100e-03,1.266911e-01,5,9.560e-11,4.254e-10
openacc,0,512,rough0.20,0.200000,0.057918,3.5754,32,pcg_jacobi,310,3.289190e-02,8.970000e-05,3.186890e-02,5,9.560e-11,4.254e-10
cuda,0,512,rough0.20,0.200000,0.057918,3.5754,32,pcg_jacobi,310,1.936974e-02,1.126800e-05,1.934381e-02,5,9.560e-11,4.254e-10
fortran_omp,1,512,rough0.20,0.200000,0.057918,3.5754,32,pcg_rbgs,155,9.692412e-01,6.545700e-03,9.471459e-01,5,9.342e-11,4.162e-10
fortran_omp,16,512,rough0.20,0.200000,0.057918,3.5754,32,pcg_rbgs,155,7.775800e-02,3.300100e-03,7.445790e-02,5,9.342e-11,4.162e-10
fortran_serial,1,512,rough0.20,0.200000,0.057918,3.5754,32,pcg_rbgs,155,3.696201e-01,2.302800e-03,3.661038e-01,5,9.342e-11,4.162e-10
openacc,0,512,rough0.20,0.200000,0.057918,3.5754,32,pcg_rbgs,155,3.160500e-02,1.540000e-04,3.089690e-02,5,9.342e-11,4.162e-10
cuda,0,512,rough0.20,0.200000,0.057918,3.5754,32,pcg_rbgs,155,1.688858e-02,2.947400e-05,1.660919e-02,5,9.342e-11,4.162e-10
fortran_omp,1,512,rough0.20,0.200000,0.057918,3.5754,32,multigrid,10,1.248931e-01,1.904910e-02,9.552310e-02,5,5.808e-11,1.328e-10
fortran_omp,16,512,rough0.20,0.200000,0.057918,3.5754,32,multigrid,10,1.272010e-02,3.290000e-04,1.062320e-02,5,5.808e-11,1.328e-10
fortran_serial,1,512,rough0.20,0.200000,0.057918,3.5754,32,multigrid,10,7.655710e-02,5.903000e-04,7.580120e-02,5,5.808e-11,1.328e-10
openacc,0,512,rough0.20,0.200000,0.057918,3.5754,32,multigrid,10,2.407310e-02,3.559000e-04,2.341310e-02,5,5.808e-11,1.328e-10
cuda,0,512,rough0.20,0.200000,0.057918,3.5754,32,multigrid,10,3.998501e-03,1.300000e-07,3.993774e-03,5,5.808e-11,1.328e-10
fortran_omp,1,512,rough0.20,0.200000,0.057918,3.5754,128,pcg_jacobi,1043,2.345454e+00,5.988790e-02,2.285566e+00,5,9.860e-11,5.969e-10
fortran_omp,16,512,rough0.20,0.200000,0.057918,3.5754,128,pcg_jacobi,1043,2.196350e-01,2.871100e-03,2.167639e-01,5,9.860e-11,5.969e-10
fortran_serial,1,512,rough0.20,0.200000,0.057918,3.5754,128,pcg_jacobi,1043,4.468270e-01,8.161000e-04,4.338741e-01,5,9.860e-11,5.969e-10
openacc,0,512,rough0.20,0.200000,0.057918,3.5754,128,pcg_jacobi,1043,1.103339e-01,8.102000e-04,1.091730e-01,5,9.860e-11,5.969e-10
cuda,0,512,rough0.20,0.200000,0.057918,3.5754,128,pcg_jacobi,1043,6.531844e-02,1.457900e-04,6.517265e-02,5,9.860e-11,5.969e-10
fortran_omp,1,512,rough0.20,0.200000,0.057918,3.5754,128,pcg_rbgs,522,2.495557e+00,7.108000e-03,2.487034e+00,5,9.562e-11,5.753e-10
fortran_omp,16,512,rough0.20,0.200000,0.057918,3.5754,128,pcg_rbgs,522,2.701420e-01,3.777000e-03,2.663650e-01,5,9.562e-11,5.753e-10
fortran_serial,1,512,rough0.20,0.200000,0.057918,3.5754,128,pcg_rbgs,522,1.249272e+00,2.116700e-03,1.247155e+00,5,9.562e-11,5.753e-10
openacc,0,512,rough0.20,0.200000,0.057918,3.5754,128,pcg_rbgs,522,1.056771e-01,6.488000e-04,1.046118e-01,5,9.562e-11,5.753e-10
cuda,0,512,rough0.20,0.200000,0.057918,3.5754,128,pcg_rbgs,522,5.689136e-02,4.636000e-05,5.665994e-02,5,9.562e-11,5.753e-10
fortran_omp,1,512,rough0.20,0.200000,0.057918,3.5754,128,multigrid,10,1.320610e-01,2.266500e-02,9.541910e-02,5,9.951e-11,2.427e-10
fortran_omp,16,512,rough0.20,0.200000,0.057918,3.5754,128,multigrid,10,1.287610e-02,3.382000e-04,1.243990e-02,5,9.951e-11,2.427e-10
fortran_serial,1,512,rough0.20,0.200000,0.057918,3.5754,128,multigrid,10,7.639710e-02,3.080000e-04,7.497790e-02,5,9.951e-11,2.427e-10
openacc,0,512,rough0.20,0.200000,0.057918,3.5754,128,multigrid,10,2.379710e-02,2.711000e-04,2.352600e-02,5,9.951e-11,2.427e-10
cuda,0,512,rough0.20,0.200000,0.057918,3.5754,128,multigrid,10,3.996798e-03,5.410000e-07,3.993093e-03,5,9.951e-11,2.427e-10
fortran_omp,1,512,seamount,0.112374,0.027131,9.9829,2,pcg_jacobi,24,6.608010e-02,5.730800e-03,5.244800e-02,5,9.382e-11,1.150e-10
fortran_omp,16,512,seamount,0.112374,0.027131,9.9829,2,pcg_jacobi,24,5.155000e-03,7.190000e-05,5.059000e-03,5,9.382e-11,1.150e-10
fortran_serial,1,512,seamount,0.112374,0.027131,9.9829,2,pcg_jacobi,24,9.995000e-03,9.300000e-05,9.827100e-03,5,9.382e-11,1.150e-10
openacc,0,512,seamount,0.112374,0.027131,9.9829,2,pcg_jacobi,24,2.792800e-03,1.530000e-05,2.621800e-03,5,9.382e-11,1.150e-10
cuda,0,512,seamount,0.112374,0.027131,9.9829,2,pcg_jacobi,24,1.540892e-03,7.520000e-07,1.540140e-03,5,9.382e-11,1.150e-10
fortran_omp,1,512,seamount,0.112374,0.027131,9.9829,2,pcg_rbgs,12,8.117990e-02,4.695100e-03,5.685500e-02,5,7.542e-11,9.246e-11
fortran_omp,16,512,seamount,0.112374,0.027131,9.9829,2,pcg_rbgs,12,5.413100e-03,2.090000e-05,5.375800e-03,5,7.542e-11,9.246e-11
fortran_serial,1,512,seamount,0.112374,0.027131,9.9829,2,pcg_rbgs,12,2.820010e-02,2.110000e-05,2.817800e-02,5,7.542e-11,9.246e-11
openacc,0,512,seamount,0.112374,0.027131,9.9829,2,pcg_rbgs,12,2.506000e-03,9.100000e-06,2.495100e-03,5,7.542e-11,9.246e-11
cuda,0,512,seamount,0.112374,0.027131,9.9829,2,pcg_rbgs,12,1.352627e-03,4.417000e-06,1.347469e-03,5,7.542e-11,9.246e-11
fortran_omp,1,512,seamount,0.112374,0.027131,9.9829,2,multigrid,6,8.520690e-02,6.588300e-03,5.745600e-02,5,2.497e-12,3.799e-12
fortran_omp,16,512,seamount,0.112374,0.027131,9.9829,2,multigrid,6,6.408000e-03,2.200000e-05,6.386000e-03,5,2.497e-12,3.799e-12
fortran_serial,1,512,seamount,0.112374,0.027131,9.9829,2,multigrid,6,4.601310e-02,4.410000e-05,4.596590e-02,5,2.497e-12,3.799e-12
openacc,0,512,seamount,0.112374,0.027131,9.9829,2,multigrid,6,1.492190e-02,1.929000e-04,1.472900e-02,5,2.497e-12,3.799e-12
cuda,0,512,seamount,0.112374,0.027131,9.9829,2,multigrid,6,2.409246e-03,1.322000e-06,2.407924e-03,5,2.497e-12,3.799e-12
fortran_omp,1,512,seamount,0.112374,0.027131,9.9829,8,pcg_jacobi,91,2.099540e-01,8.158000e-03,1.997261e-01,5,8.947e-11,2.159e-10
fortran_omp,16,512,seamount,0.112374,0.027131,9.9829,8,pcg_jacobi,91,1.791190e-02,9.510000e-05,1.779010e-02,5,8.947e-11,2.159e-10
fortran_serial,1,512,seamount,0.112374,0.027131,9.9829,8,pcg_jacobi,91,3.703400e-02,3.290000e-05,3.695900e-02,5,8.947e-11,2.159e-10
openacc,0,512,seamount,0.112374,0.027131,9.9829,8,pcg_jacobi,91,9.749200e-03,6.220000e-05,9.660000e-03,5,8.947e-11,2.159e-10
cuda,0,512,seamount,0.112374,0.027131,9.9829,8,pcg_jacobi,91,5.718845e-03,3.434100e-05,5.655919e-03,5,8.947e-11,2.159e-10
fortran_omp,1,512,seamount,0.112374,0.027131,9.9829,8,pcg_rbgs,46,2.326719e-01,1.333000e-02,2.193419e-01,5,6.516e-11,1.568e-10
fortran_omp,16,512,seamount,0.112374,0.027131,9.9829,8,pcg_rbgs,46,2.114010e-02,1.290000e-04,2.101110e-02,5,6.516e-11,1.568e-10
fortran_serial,1,512,seamount,0.112374,0.027131,9.9829,8,pcg_rbgs,46,1.117718e-01,3.391000e-04,1.094181e-01,5,6.516e-11,1.568e-10
openacc,0,512,seamount,0.112374,0.027131,9.9829,8,pcg_rbgs,46,9.473100e-03,9.610000e-05,9.377000e-03,5,6.516e-11,1.568e-10
cuda,0,512,seamount,0.112374,0.027131,9.9829,8,pcg_rbgs,46,5.061579e-03,1.589400e-05,5.041689e-03,5,6.516e-11,1.568e-10
fortran_omp,1,512,seamount,0.112374,0.027131,9.9829,8,multigrid,9,8.643100e-02,4.320000e-04,8.599900e-02,5,7.703e-11,1.526e-10
fortran_omp,16,512,seamount,0.112374,0.027131,9.9829,8,multigrid,9,1.228500e-02,5.639000e-04,1.120990e-02,5,7.703e-11,1.526e-10
fortran_serial,1,512,seamount,0.112374,0.027131,9.9829,8,multigrid,9,7.021500e-02,1.189000e-04,6.926490e-02,5,7.703e-11,1.526e-10
openacc,0,512,seamount,0.112374,0.027131,9.9829,8,multigrid,9,2.269190e-02,1.591000e-04,2.145910e-02,5,7.703e-11,1.526e-10
cuda,0,512,seamount,0.112374,0.027131,9.9829,8,multigrid,9,3.598425e-03,1.533000e-06,3.596663e-03,5,7.703e-11,1.526e-10
fortran_omp,1,512,seamount,0.112374,0.027131,9.9829,32,pcg_jacobi,348,8.247250e-01,3.420000e-04,7.621769e-01,5,9.947e-11,4.653e-10
fortran_omp,16,512,seamount,0.112374,0.027131,9.9829,32,pcg_jacobi,348,7.158400e-02,1.740000e-04,6.872010e-02,5,9.947e-11,4.653e-10
fortran_serial,1,512,seamount,0.112374,0.027131,9.9829,32,pcg_jacobi,348,1.459520e-01,8.479000e-04,1.445840e-01,5,9.947e-11,4.653e-10
openacc,0,512,seamount,0.112374,0.027131,9.9829,32,pcg_jacobi,348,3.693390e-02,1.730000e-04,3.626420e-02,5,9.947e-11,4.653e-10
cuda,0,512,seamount,0.112374,0.027131,9.9829,32,pcg_jacobi,348,2.187104e-02,1.681500e-05,2.179273e-02,5,9.947e-11,4.653e-10
fortran_omp,1,512,seamount,0.112374,0.027131,9.9829,32,pcg_rbgs,174,8.280649e-01,8.988000e-04,8.271661e-01,5,9.749e-11,4.574e-10
fortran_omp,16,512,seamount,0.112374,0.027131,9.9829,32,pcg_rbgs,174,9.301190e-02,4.291200e-03,8.846800e-02,5,9.749e-11,4.574e-10
fortran_serial,1,512,seamount,0.112374,0.027131,9.9829,32,pcg_rbgs,174,4.164268e-01,3.162000e-04,4.159961e-01,5,9.749e-11,4.574e-10
openacc,0,512,seamount,0.112374,0.027131,9.9829,32,pcg_rbgs,174,3.543180e-02,1.011000e-04,3.481610e-02,5,9.749e-11,4.574e-10
cuda,0,512,seamount,0.112374,0.027131,9.9829,32,pcg_rbgs,174,1.903528e-02,6.570000e-06,1.897216e-02,5,9.749e-11,4.574e-10
fortran_omp,1,512,seamount,0.112374,0.027131,9.9829,32,multigrid,10,1.500999e-01,3.297200e-03,9.845020e-02,5,6.862e-11,1.581e-10
fortran_omp,16,512,seamount,0.112374,0.027131,9.9829,32,multigrid,10,1.282400e-02,3.871000e-04,1.210690e-02,5,6.862e-11,1.581e-10
fortran_serial,1,512,seamount,0.112374,0.027131,9.9829,32,multigrid,10,7.614900e-02,2.341000e-04,7.591490e-02,5,6.862e-11,1.581e-10
openacc,0,512,seamount,0.112374,0.027131,9.9829,32,multigrid,10,2.386110e-02,3.110000e-04,2.322110e-02,5,6.862e-11,1.581e-10
cuda,0,512,seamount,0.112374,0.027131,9.9829,32,multigrid,10,3.998701e-03,2.263000e-06,3.996438e-03,5,6.862e-11,1.581e-10
fortran_omp,1,512,seamount,0.112374,0.027131,9.9829,128,pcg_jacobi,1209,2.651248e+00,4.714900e-03,2.646533e+00,5,9.785e-11,4.815e-10
fortran_omp,16,512,seamount,0.112374,0.027131,9.9829,128,pcg_jacobi,1209,2.573889e-01,9.149000e-04,2.494960e-01,5,9.785e-11,4.815e-10
fortran_serial,1,512,seamount,0.112374,0.027131,9.9829,128,pcg_jacobi,1209,5.157070e-01,1.456000e-03,5.042161e-01,5,9.785e-11,4.815e-10
openacc,0,512,seamount,0.112374,0.027131,9.9829,128,pcg_jacobi,1209,1.278028e-01,5.937000e-04,1.272091e-01,5,9.785e-11,4.815e-10
cuda,0,512,seamount,0.112374,0.027131,9.9829,128,pcg_jacobi,1209,7.591542e-02,1.248790e-04,7.565508e-02,5,9.785e-11,4.815e-10
fortran_omp,1,512,seamount,0.112374,0.027131,9.9829,128,pcg_rbgs,604,2.888897e+00,1.706100e-03,2.874486e+00,5,9.974e-11,4.881e-10
fortran_omp,16,512,seamount,0.112374,0.027131,9.9829,128,pcg_rbgs,604,3.184180e-01,2.894900e-03,3.136341e-01,5,9.974e-11,4.881e-10
fortran_serial,1,512,seamount,0.112374,0.027131,9.9829,128,pcg_rbgs,604,1.444928e+00,7.633000e-03,1.421135e+00,5,9.974e-11,4.881e-10
openacc,0,512,seamount,0.112374,0.027131,9.9829,128,pcg_rbgs,604,1.224332e-01,2.499000e-04,1.217649e-01,5,9.974e-11,4.881e-10
cuda,0,512,seamount,0.112374,0.027131,9.9829,128,pcg_rbgs,604,6.575209e-02,1.434300e-05,6.543077e-02,5,9.974e-11,4.881e-10
fortran_omp,1,512,seamount,0.112374,0.027131,9.9829,128,multigrid,11,1.485369e-01,1.745390e-02,1.182689e-01,5,1.286e-11,3.121e-11
fortran_omp,16,512,seamount,0.112374,0.027131,9.9829,128,multigrid,11,1.445290e-02,1.231000e-04,1.393510e-02,5,1.286e-11,3.121e-11
fortran_serial,1,512,seamount,0.112374,0.027131,9.9829,128,multigrid,11,8.392590e-02,8.480000e-04,8.306290e-02,5,1.286e-11,3.121e-11
openacc,0,512,seamount,0.112374,0.027131,9.9829,128,multigrid,11,2.621390e-02,8.000000e-05,2.599290e-02,5,1.286e-11,3.121e-11
cuda,0,512,seamount,0.112374,0.027131,9.9829,128,multigrid,11,4.394800e-03,2.073000e-06,4.392727e-03,5,1.286e-11,3.121e-11
fortran_omp,1,1024,flat,0.000000,0.000000,1.0000,2,pcg_jacobi,24,2.165980e-01,2.179000e-04,2.157071e-01,5,9.600e-11,1.188e-10
fortran_omp,16,1024,flat,0.000000,0.000000,1.0000,2,pcg_jacobi,24,1.931810e-02,1.290000e-04,1.889210e-02,5,9.600e-11,1.188e-10
fortran_serial,1,1024,flat,0.000000,0.000000,1.0000,2,pcg_jacobi,24,6.399990e-02,1.039000e-04,6.389600e-02,5,9.600e-11,1.188e-10
openacc,0,1024,flat,0.000000,0.000000,1.0000,2,pcg_jacobi,24,3.543200e-03,1.660000e-05,3.487800e-03,5,9.600e-11,1.188e-10
cuda,0,1024,flat,0.000000,0.000000,1.0000,2,pcg_jacobi,24,2.980480e-03,1.696500e-05,2.963515e-03,5,9.600e-11,1.188e-10
fortran_omp,1,1024,flat,0.000000,0.000000,1.0000,2,pcg_rbgs,12,2.358322e-01,9.013000e-04,2.349309e-01,5,7.745e-11,9.590e-11
fortran_omp,16,1024,flat,0.000000,0.000000,1.0000,2,pcg_rbgs,12,2.540490e-02,4.379000e-04,2.496700e-02,5,7.745e-11,9.590e-11
fortran_serial,1,1024,flat,0.000000,0.000000,1.0000,2,pcg_rbgs,12,1.342891e-01,7.141000e-04,1.335750e-01,5,7.745e-11,9.590e-11
openacc,0,1024,flat,0.000000,0.000000,1.0000,2,pcg_rbgs,12,3.378800e-03,6.900000e-06,3.358200e-03,5,7.745e-11,9.590e-11
cuda,0,1024,flat,0.000000,0.000000,1.0000,2,pcg_rbgs,12,3.236498e-03,9.764000e-06,3.207975e-03,5,7.745e-11,9.590e-11
fortran_omp,1,1024,flat,0.000000,0.000000,1.0000,2,multigrid,6,2.460401e-01,4.412200e-03,2.416279e-01,5,2.667e-12,4.157e-12
fortran_omp,16,1024,flat,0.000000,0.000000,1.0000,2,multigrid,6,2.730510e-02,9.923000e-04,2.631280e-02,5,2.667e-12,4.157e-12
fortran_serial,1,1024,flat,0.000000,0.000000,1.0000,2,multigrid,6,1.881160e-01,1.379000e-04,1.871559e-01,5,2.667e-12,4.157e-12
openacc,0,1024,flat,0.000000,0.000000,1.0000,2,multigrid,6,2.525400e-02,1.139000e-04,2.493590e-02,5,2.667e-12,4.157e-12
cuda,0,1024,flat,0.000000,0.000000,1.0000,2,multigrid,6,4.700002e-03,4.987000e-06,4.692792e-03,5,2.667e-12,4.157e-12
fortran_omp,1,1024,flat,0.000000,0.000000,1.0000,8,pcg_jacobi,91,8.166101e-01,1.875900e-03,8.147342e-01,5,9.178e-11,2.244e-10
fortran_omp,16,1024,flat,0.000000,0.000000,1.0000,8,pcg_jacobi,91,7.666610e-02,1.058800e-03,7.302020e-02,5,9.178e-11,2.244e-10
fortran_serial,1,1024,flat,0.000000,0.000000,1.0000,8,pcg_jacobi,91,2.502790e-01,4.055200e-03,2.460320e-01,5,9.178e-11,2.244e-10
openacc,0,1024,flat,0.000000,0.000000,1.0000,8,pcg_jacobi,91,1.323820e-02,2.860000e-05,1.319590e-02,5,9.178e-11,2.244e-10
cuda,0,1024,flat,0.000000,0.000000,1.0000,8,pcg_jacobi,91,1.121781e-02,5.064700e-05,1.116716e-02,5,9.178e-11,2.244e-10
fortran_omp,1,1024,flat,0.000000,0.000000,1.0000,8,pcg_rbgs,46,8.935080e-01,3.067100e-03,8.865349e-01,5,6.670e-11,1.628e-10
fortran_omp,16,1024,flat,0.000000,0.000000,1.0000,8,pcg_rbgs,46,9.441490e-02,4.764100e-03,8.714800e-02,5,6.670e-11,1.628e-10
fortran_serial,1,1024,flat,0.000000,0.000000,1.0000,8,pcg_rbgs,46,5.034339e-01,1.787200e-03,5.016160e-01,5,6.670e-11,1.628e-10
openacc,0,1024,flat,0.000000,0.000000,1.0000,8,pcg_rbgs,46,1.277510e-02,3.110000e-05,1.274400e-02,5,6.670e-11,1.628e-10
cuda,0,1024,flat,0.000000,0.000000,1.0000,8,pcg_rbgs,46,1.228980e-02,5.409200e-05,1.223571e-02,5,6.670e-11,1.628e-10
fortran_omp,1,1024,flat,0.000000,0.000000,1.0000,8,multigrid,9,3.612559e-01,9.262000e-04,3.583390e-01,5,7.890e-11,1.658e-10
fortran_omp,16,1024,flat,0.000000,0.000000,1.0000,8,multigrid,9,4.531600e-02,2.744000e-03,3.757910e-02,5,7.890e-11,1.658e-10
fortran_serial,1,1024,flat,0.000000,0.000000,1.0000,8,multigrid,9,2.927968e-01,7.172000e-04,2.916432e-01,5,7.890e-11,1.658e-10
openacc,0,1024,flat,0.000000,0.000000,1.0000,8,multigrid,9,3.669400e-02,1.621000e-04,3.643320e-02,5,7.890e-11,1.658e-10
cuda,0,1024,flat,0.000000,0.000000,1.0000,8,multigrid,9,7.037690e-03,6.009000e-06,7.031681e-03,5,7.890e-11,1.658e-10
fortran_omp,1,1024,flat,0.000000,0.000000,1.0000,32,pcg_jacobi,352,3.151558e+00,1.855100e-03,3.149369e+00,5,9.664e-11,4.748e-10
fortran_omp,16,1024,flat,0.000000,0.000000,1.0000,32,pcg_jacobi,352,2.823498e-01,1.140800e-03,2.807030e-01,5,9.664e-11,4.748e-10
fortran_serial,1,1024,flat,0.000000,0.000000,1.0000,32,pcg_jacobi,352,9.611089e-01,1.379900e-03,9.336269e-01,5,9.664e-11,4.748e-10
openacc,0,1024,flat,0.000000,0.000000,1.0000,32,pcg_jacobi,352,5.095500e-02,2.600000e-04,5.029390e-02,5,9.664e-11,4.748e-10
cuda,0,1024,flat,0.000000,0.000000,1.0000,32,pcg_jacobi,352,4.355548e-02,2.376600e-05,4.329757e-02,5,9.664e-11,4.748e-10
fortran_omp,1,1024,flat,0.000000,0.000000,1.0000,32,pcg_rbgs,176,3.432926e+00,3.473000e-03,3.417155e+00,5,9.488e-11,4.664e-10
fortran_omp,16,1024,flat,0.000000,0.000000,1.0000,32,pcg_rbgs,176,3.620291e-01,2.582100e-03,3.535778e-01,5,9.488e-11,4.664e-10
fortran_serial,1,1024,flat,0.000000,0.000000,1.0000,32,pcg_rbgs,176,1.947700e+00,4.715900e-03,1.940911e+00,5,9.488e-11,4.664e-10
openacc,0,1024,flat,0.000000,0.000000,1.0000,32,pcg_rbgs,176,4.868100e-02,1.011000e-04,4.810500e-02,5,9.488e-11,4.664e-10
cuda,0,1024,flat,0.000000,0.000000,1.0000,32,pcg_rbgs,176,4.734961e-02,3.292000e-05,4.718881e-02,5,9.488e-11,4.664e-10
fortran_omp,1,1024,flat,0.000000,0.000000,1.0000,32,multigrid,10,5.419929e-01,5.368200e-03,5.087841e-01,5,7.172e-11,1.727e-10
fortran_omp,16,1024,flat,0.000000,0.000000,1.0000,32,multigrid,10,4.723090e-02,2.562100e-03,4.190390e-02,5,7.172e-11,1.727e-10
fortran_serial,1,1024,flat,0.000000,0.000000,1.0000,32,multigrid,10,3.269200e-01,7.791000e-04,3.261409e-01,5,7.172e-11,1.727e-10
openacc,0,1024,flat,0.000000,0.000000,1.0000,32,multigrid,10,4.039690e-02,1.042000e-04,4.003600e-02,5,7.172e-11,1.727e-10
cuda,0,1024,flat,0.000000,0.000000,1.0000,32,multigrid,10,7.805322e-03,2.931400e-05,7.772872e-03,5,7.172e-11,1.727e-10
fortran_omp,1,1024,flat,0.000000,0.000000,1.0000,128,pcg_jacobi,1291,1.154594e+01,1.599110e-02,1.152387e+01,5,9.909e-11,6.806e-10
fortran_omp,16,1024,flat,0.000000,0.000000,1.0000,128,pcg_jacobi,1291,1.042924e+00,3.425100e-03,1.025004e+00,5,9.909e-11,6.806e-10
fortran_serial,1,1024,flat,0.000000,0.000000,1.0000,128,pcg_jacobi,1291,3.484309e+00,2.279470e-02,3.440956e+00,5,9.909e-11,6.806e-10
openacc,0,1024,flat,0.000000,0.000000,1.0000,128,pcg_jacobi,1291,1.871390e-01,1.790000e-04,1.865160e-01,5,9.909e-11,6.806e-10
cuda,0,1024,flat,0.000000,0.000000,1.0000,128,pcg_jacobi,1291,1.595403e-01,5.107700e-05,1.594892e-01,5,9.909e-11,6.806e-10
fortran_omp,1,1024,flat,0.000000,0.000000,1.0000,128,pcg_rbgs,646,1.255499e+01,2.186420e-02,1.253312e+01,5,9.636e-11,6.637e-10
fortran_omp,16,1024,flat,0.000000,0.000000,1.0000,128,pcg_rbgs,646,1.326521e+00,1.707480e-02,1.299688e+00,5,9.636e-11,6.637e-10
fortran_serial,1,1024,flat,0.000000,0.000000,1.0000,128,pcg_rbgs,646,7.183599e+00,3.606490e-02,7.073217e+00,5,9.636e-11,6.637e-10
openacc,0,1024,flat,0.000000,0.000000,1.0000,128,pcg_rbgs,646,1.780900e-01,2.039000e-04,1.778601e-01,5,9.636e-11,6.637e-10
cuda,0,1024,flat,0.000000,0.000000,1.0000,128,pcg_rbgs,646,1.735290e-01,1.028500e-05,1.733364e-01,5,9.636e-11,6.637e-10
fortran_omp,1,1024,flat,0.000000,0.000000,1.0000,128,multigrid,11,4.959851e-01,7.806700e-03,4.719960e-01,5,1.320e-11,2.910e-11
fortran_omp,16,1024,flat,0.000000,0.000000,1.0000,128,multigrid,11,5.463880e-02,6.471000e-04,5.093500e-02,5,1.320e-11,2.910e-11
fortran_serial,1,1024,flat,0.000000,0.000000,1.0000,128,multigrid,11,3.580580e-01,1.258800e-03,3.560738e-01,5,1.320e-11,2.910e-11
openacc,0,1024,flat,0.000000,0.000000,1.0000,128,multigrid,11,4.418610e-02,1.578000e-04,4.369000e-02,5,1.320e-11,2.910e-11
cuda,0,1024,flat,0.000000,0.000000,1.0000,128,multigrid,11,8.612183e-03,2.642000e-05,8.573865e-03,5,1.320e-11,2.910e-11
fortran_omp,1,1024,rough0.05,0.050000,0.010022,1.4462,2,pcg_jacobi,24,2.321121e-01,1.300300e-03,2.308118e-01,5,3.917e-11,4.859e-11
fortran_omp,16,1024,rough0.05,0.050000,0.010022,1.4462,2,pcg_jacobi,24,1.942580e-02,5.780000e-05,1.892610e-02,5,3.917e-11,4.859e-11
fortran_serial,1,1024,rough0.05,0.050000,0.010022,1.4462,2,pcg_jacobi,24,6.499010e-02,1.018900e-03,6.375980e-02,5,3.917e-11,4.859e-11
openacc,0,1024,rough0.05,0.050000,0.010022,1.4462,2,pcg_jacobi,24,3.590100e-03,4.910000e-05,3.525000e-03,5,3.917e-11,4.859e-11
cuda,0,1024,rough0.05,0.050000,0.010022,1.4462,2,pcg_jacobi,24,2.983616e-03,1.218700e-05,2.960500e-03,5,3.917e-11,4.859e-11
fortran_omp,1,1024,rough0.05,0.050000,0.010022,1.4462,2,pcg_rbgs,12,2.328860e-01,6.010000e-04,2.322850e-01,5,3.080e-11,3.822e-11
fortran_omp,16,1024,rough0.05,0.050000,0.010022,1.4462,2,pcg_rbgs,12,2.185700e-02,5.412000e-04,2.131580e-02,5,3.080e-11,3.822e-11
fortran_serial,1,1024,rough0.05,0.050000,0.010022,1.4462,2,pcg_rbgs,12,1.348378e-01,1.424100e-03,1.320290e-01,5,3.080e-11,3.822e-11
openacc,0,1024,rough0.05,0.050000,0.010022,1.4462,2,pcg_rbgs,12,3.498000e-03,3.610000e-05,3.436100e-03,5,3.080e-11,3.822e-11
cuda,0,1024,rough0.05,0.050000,0.010022,1.4462,2,pcg_rbgs,12,3.228195e-03,4.387000e-06,3.223118e-03,5,3.080e-11,3.822e-11
fortran_omp,1,1024,rough0.05,0.050000,0.010022,1.4462,2,multigrid,5,2.000921e-01,3.678000e-04,1.977639e-01,5,4.643e-11,6.859e-11
fortran_omp,16,1024,rough0.05,0.050000,0.010022,1.4462,2,multigrid,5,2.465480e-02,6.092000e-04,2.166010e-02,5,4.643e-11,6.859e-11
fortran_serial,1,1024,rough0.05,0.050000,0.010022,1.4462,2,multigrid,5,1.585879e-01,1.112300e-03,1.566469e-01,5,4.643e-11,6.859e-11
openacc,0,1024,rough0.05,0.050000,0.010022,1.4462,2,multigrid,5,2.173710e-02,1.838000e-04,2.147700e-02,5,4.643e-11,6.859e-11
cuda,0,1024,rough0.05,0.050000,0.010022,1.4462,2,multigrid,5,3.930037e-03,5.177000e-06,3.924860e-03,5,4.643e-11,6.859e-11
fortran_omp,1,1024,rough0.05,0.050000,0.010022,1.4462,8,pcg_jacobi,88,8.007299e-01,7.462900e-03,7.863090e-01,5,7.813e-11,1.961e-10
fortran_omp,16,1024,rough0.05,0.050000,0.010022,1.4462,8,pcg_jacobi,88,7.464900e-02,3.392100e-03,6.862490e-02,5,7.813e-11,1.961e-10
fortran_serial,1,1024,rough0.05,0.050000,0.010022,1.4462,8,pcg_jacobi,88,2.422101e-01,1.435000e-03,2.407150e-01,5,7.813e-11,1.961e-10
openacc,0,1024,rough0.05,0.050000,0.010022,1.4462,8,pcg_jacobi,88,1.278400e-02,4.800000e-05,1.273600e-02,5,7.813e-11,1.961e-10
cuda,0,1024,rough0.05,0.050000,0.010022,1.4462,8,pcg_jacobi,88,1.082925e-02,2.969500e-05,1.079955e-02,5,7.813e-11,1.961e-10
fortran_omp,1,1024,rough0.05,0.050000,0.010022,1.4462,8,pcg_rbgs,44,8.957370e-01,3.807320e-02,8.576638e-01,5,7.274e-11,1.826e-10
fortran_omp,16,1024,rough0.05,0.050000,0.010022,1.4462,8,pcg_rbgs,44,9.311200e-02,5.385000e-03,8.697390e-02,5,7.274e-11,1.826e-10
fortran_serial,1,1024,rough0.05,0.050000,0.010022,1.4462,8,pcg_rbgs,44,4.943381e-01,4.978100e-03,4.866490e-01,5,7.274e-11,1.826e-10
openacc,0,1024,rough0.05,0.050000,0.010022,1.4462,8,pcg_rbgs,44,1.225590e-02,5.700000e-06,1.225020e-02,5,7.274e-11,1.826e-10
cuda,0,1024,rough0.05,0.050000,0.010022,1.4462,8,pcg_rbgs,44,1.170231e-02,3.082700e-05,1.167148e-02,5,7.274e-11,1.826e-10
fortran_omp,1,1024,rough0.05,0.050000,0.010022,1.4462,8,multigrid,9,3.574570e-01,4.630000e-04,3.569940e-01,5,6.034e-11,1.227e-10
fortran_omp,16,1024,rough0.05,0.050000,0.010022,1.4462,8,multigrid,9,3.909400e-02,1.344000e-03,3.775000e-02,5,6.034e-11,1.227e-10
fortran_serial,1,1024,rough0.05,0.050000,0.010022,1.4462,8,multigrid,9,2.908740e-01,9.350000e-04,2.886512e-01,5,6.034e-11,1.227e-10
openacc,0,1024,rough0.05,0.050000,0.010022,1.4462,8,multigrid,9,3.671790e-02,6.980000e-05,3.627900e-02,5,6.034e-11,1.227e-10
cuda,0,1024,rough0.05,0.050000,0.010022,1.4462,8,multigrid,9,7.100495e-03,1.318000e-05,7.034716e-03,5,6.034e-11,1.227e-10
fortran_omp,1,1024,rough0.05,0.050000,0.010022,1.4462,32,pcg_jacobi,334,2.998822e+00,6.479100e-03,2.990156e+00,5,9.962e-11,4.863e-10
fortran_omp,16,1024,rough0.05,0.050000,0.010022,1.4462,32,pcg_jacobi,334,2.666819e-01,2.099200e-03,2.625951e-01,5,9.962e-11,4.863e-10
fortran_serial,1,1024,rough0.05,0.050000,0.010022,1.4462,32,pcg_jacobi,334,9.222510e-01,1.719000e-04,9.200241e-01,5,9.962e-11,4.863e-10
openacc,0,1024,rough0.05,0.050000,0.010022,1.4462,32,pcg_jacobi,334,4.826990e-02,4.412000e-04,4.751680e-02,5,9.962e-11,4.863e-10
cuda,0,1024,rough0.05,0.050000,0.010022,1.4462,32,pcg_jacobi,334,4.138103e-02,7.006500e-05,4.106558e-02,5,9.962e-11,4.863e-10
fortran_omp,1,1024,rough0.05,0.050000,0.010022,1.4462,32,pcg_rbgs,167,3.263749e+00,7.542000e-04,3.252328e+00,5,9.775e-11,4.770e-10
fortran_omp,16,1024,rough0.05,0.050000,0.010022,1.4462,32,pcg_rbgs,167,3.479690e-01,1.308900e-03,3.420210e-01,5,9.775e-11,4.770e-10
fortran_serial,1,1024,rough0.05,0.050000,0.010022,1.4462,32,pcg_rbgs,167,1.843260e+00,9.912000e-03,1.827440e+00,5,9.775e-11,4.770e-10
openacc,0,1024,rough0.05,0.050000,0.010022,1.4462,32,pcg_rbgs,167,4.608490e-02,1.459000e-04,4.569720e-02,5,9.775e-11,4.770e-10
cuda,0,1024,rough0.05,0.050000,0.010022,1.4462,32,pcg_rbgs,167,4.484356e-02,4.857300e-05,4.477897e-02,5,9.775e-11,4.770e-10
fortran_omp,1,1024,rough0.05,0.050000,0.010022,1.4462,32,multigrid,10,4.008440e-01,7.209000e-04,3.995231e-01,5,6.803e-11,1.634e-10
fortran_omp,16,1024,rough0.05,0.050000,0.010022,1.4462,32,multigrid,10,4.739500e-02,3.773000e-03,4.362200e-02,5,6.803e-11,1.634e-10
fortran_serial,1,1024,rough0.05,0.050000,0.010022,1.4462,32,multigrid,10,3.244071e-01,1.274100e-03,3.220430e-01,5,6.803e-11,1.634e-10
openacc,0,1024,rough0.05,0.050000,0.010022,1.4462,32,multigrid,10,4.070310e-02,2.091000e-04,4.034090e-02,5,6.803e-11,1.634e-10
cuda,0,1024,rough0.05,0.050000,0.010022,1.4462,32,multigrid,10,7.822778e-03,1.775600e-05,7.798221e-03,5,6.803e-11,1.634e-10
fortran_omp,1,1024,rough0.05,0.050000,0.010022,1.4462,128,pcg_jacobi,1260,1.128504e+01,1.694000e-02,1.125604e+01,5,9.849e-11,8.599e-10
fortran_omp,16,1024,rough0.05,0.050000,0.010022,1.4462,128,pcg_jacobi,1260,1.026108e+00,2.729900e-03,1.014046e+00,5,9.849e-11,8.599e-10
fortran_serial,1,1024,rough0.05,0.050000,0.010022,1.4462,128,pcg_jacobi,1260,3.407491e+00,4.841200e-03,3.402650e+00,5,9.849e-11,8.599e-10
openacc,0,1024,rough0.05,0.050000,0.010022,1.4462,128,pcg_jacobi,1260,1.825308e-01,6.148000e-04,1.817760e-01,5,9.849e-11,8.599e-10
cuda,0,1024,rough0.05,0.050000,0.010022,1.4462,128,pcg_jacobi,1260,1.560148e-01,6.270500e-05,1.558523e-01,5,9.849e-11,8.599e-10
fortran_omp,1,1024,rough0.05,0.050000,0.010022,1.4462,128,pcg_rbgs,630,1.228807e+01,3.002800e-02,1.224077e+01,5,9.794e-11,8.556e-10
fortran_omp,16,1024,rough0.05,0.050000,0.010022,1.4462,128,pcg_rbgs,630,1.307986e+00,4.916000e-03,1.292037e+00,5,9.794e-11,8.556e-10
fortran_serial,1,1024,rough0.05,0.050000,0.010022,1.4462,128,pcg_rbgs,630,7.280848e+00,1.953600e-02,7.247422e+00,5,9.794e-11,8.556e-10
openacc,0,1024,rough0.05,0.050000,0.010022,1.4462,128,pcg_rbgs,630,1.739249e-01,1.850000e-04,1.734040e-01,5,9.794e-11,8.556e-10
cuda,0,1024,rough0.05,0.050000,0.010022,1.4462,128,pcg_rbgs,630,1.691190e-01,1.019640e-04,1.690146e-01,5,9.794e-11,8.556e-10
fortran_omp,1,1024,rough0.05,0.050000,0.010022,1.4462,128,multigrid,11,4.752278e-01,3.141930e-02,4.375990e-01,5,1.310e-11,2.924e-11
fortran_omp,16,1024,rough0.05,0.050000,0.010022,1.4462,128,multigrid,11,5.338810e-02,5.284100e-03,4.560020e-02,5,1.310e-11,2.924e-11
fortran_serial,1,1024,rough0.05,0.050000,0.010022,1.4462,128,multigrid,11,3.670811e-01,4.599000e-04,3.641592e-01,5,1.310e-11,2.924e-11
openacc,0,1024,rough0.05,0.050000,0.010022,1.4462,128,multigrid,11,4.438300e-02,4.999000e-04,4.385400e-02,5,1.310e-11,2.924e-11
cuda,0,1024,rough0.05,0.050000,0.010022,1.4462,128,multigrid,11,8.556618e-03,1.494100e-05,8.541055e-03,5,1.310e-11,2.924e-11
fortran_omp,1,1024,rough0.20,0.200000,0.081357,6.2604,2,pcg_jacobi,23,2.073490e-01,4.060000e-04,2.067561e-01,5,4.144e-11,4.884e-11
fortran_omp,16,1024,rough0.20,0.200000,0.081357,6.2604,2,pcg_jacobi,23,1.767690e-02,5.300000e-05,1.762390e-02,5,4.144e-11,4.884e-11
fortran_serial,1,1024,rough0.20,0.200000,0.081357,6.2604,2,pcg_jacobi,23,6.461780e-02,4.898000e-04,6.363710e-02,5,4.144e-11,4.884e-11
openacc,0,1024,rough0.20,0.200000,0.081357,6.2604,2,pcg_jacobi,23,3.397900e-03,5.700000e-06,3.392200e-03,5,4.144e-11,4.884e-11
cuda,0,1024,rough0.20,0.200000,0.081357,6.2604,2,pcg_jacobi,23,2.858386e-03,1.576400e-05,2.836102e-03,5,4.144e-11,4.884e-11
fortran_omp,1,1024,rough0.20,0.200000,0.081357,6.2604,2,pcg_rbgs,11,2.165658e-01,6.089000e-04,2.151549e-01,5,8.983e-11,1.059e-10
fortran_omp,16,1024,rough0.20,0.200000,0.081357,6.2604,2,pcg_rbgs,11,2.406600e-02,5.800000e-04,2.264690e-02,5,8.983e-11,1.059e-10
fortran_serial,1,1024,rough0.20,0.200000,0.081357,6.2604,2,pcg_rbgs,11,1.230190e-01,1.051000e-03,1.212910e-01,5,8.983e-11,1.059e-10
openacc,0,1024,rough0.20,0.200000,0.081357,6.2604,2,pcg_rbgs,11,3.105000e-03,3.000000e-06,3.102000e-03,5,8.983e-11,1.059e-10
cuda,0,1024,rough0.20,0.200000,0.081357,6.2604,2,pcg_rbgs,11,2.966179e-03,1.211000e-06,2.955222e-03,5,8.983e-11,1.059e-10
fortran_omp,1,1024,rough0.20,0.200000,0.081357,6.2604,2,multigrid,5,2.782891e-01,2.243270e-02,2.311859e-01,5,7.639e-12,9.586e-12
fortran_omp,16,1024,rough0.20,0.200000,0.081357,6.2604,2,multigrid,5,2.596090e-02,1.214900e-03,2.350490e-02,5,7.639e-12,9.586e-12
fortran_serial,1,1024,rough0.20,0.200000,0.081357,6.2604,2,multigrid,5,1.628401e-01,7.268000e-04,1.612429e-01,5,7.639e-12,9.586e-12
openacc,0,1024,rough0.20,0.200000,0.081357,6.2604,2,multigrid,5,2.170990e-02,1.388000e-04,2.147920e-02,5,7.639e-12,9.586e-12
cuda,0,1024,rough0.20,0.200000,0.081357,6.2604,2,multigrid,5,3.927804e-03,7.502000e-06,3.906501e-03,5,7.639e-12,9.586e-12
fortran_omp,1,1024,rough0.20,0.200000,0.081357,6.2604,8,pcg_jacobi,83,9.014821e-01,1.309800e-03,8.985060e-01,5,8.988e-11,2.304e-10
fortran_omp,16,1024,rough0.20,0.200000,0.081357,6.2604,8,pcg_jacobi,83,6.758120e-02,1.472000e-03,6.391690e-02,5,8.988e-11,2.304e-10
fortran_serial,1,1024,rough0.20,0.200000,0.081357,6.2604,8,pcg_jacobi,83,2.250778e-01,1.349800e-03,2.207000e-01,5,8.988e-11,2.304e-10
openacc,0,1024,rough0.20,0.200000,0.081357,6.2604,8,pcg_jacobi,83,1.204420e-02,1.910000e-05,1.201410e-02,5,8.988e-11,2.304e-10
cuda,0,1024,rough0.20,0.200000,0.081357,6.2604,8,pcg_jacobi,83,1.021503e-02,3.872800e-05,1.017630e-02,5,8.988e-11,2.304e-10
fortran_omp,1,1024,rough0.20,0.200000,0.081357,6.2604,8,pcg_rbgs,42,8.264160e-01,1.587800e-03,8.248282e-01,5,6.538e-11,1.669e-10
fortran_omp,16,1024,rough0.20,0.200000,0.081357,6.2604,8,pcg_rbgs,42,8.978390e-02,2.526100e-03,7.619120e-02,5,6.538e-11,1.669e-10
fortran_serial,1,1024,rough0.20,0.200000,0.081357,6.2604,8,pcg_rbgs,42,4.689601e-01,1.765100e-03,4.664819e-01,5,6.538e-11,1.669e-10
openacc,0,1024,rough0.20,0.200000,0.081357,6.2604,8,pcg_rbgs,42,1.164100e-02,1.720000e-05,1.118390e-02,5,6.538e-11,1.669e-10
cuda,0,1024,rough0.20,0.200000,0.081357,6.2604,8,pcg_rbgs,42,1.118857e-02,2.166200e-05,1.114103e-02,5,6.538e-11,1.669e-10
fortran_omp,1,1024,rough0.20,0.200000,0.081357,6.2604,8,multigrid,9,3.637640e-01,7.999000e-04,3.629580e-01,5,3.178e-11,5.777e-11
fortran_omp,16,1024,rough0.20,0.200000,0.081357,6.2604,8,multigrid,9,4.518010e-02,1.950100e-03,4.212190e-02,5,3.178e-11,5.777e-11
fortran_serial,1,1024,rough0.20,0.200000,0.081357,6.2604,8,multigrid,9,2.983930e-01,6.061000e-04,2.920752e-01,5,3.178e-11,5.777e-11
openacc,0,1024,rough0.20,0.200000,0.081357,6.2604,8,multigrid,9,3.642890e-02,1.280000e-04,3.604290e-02,5,3.178e-11,5.777e-11
cuda,0,1024,rough0.20,0.200000,0.081357,6.2604,8,multigrid,9,7.029218e-03,9.265000e-06,7.019953e-03,5,3.178e-11,5.777e-11
fortran_omp,1,1024,rough0.20,0.200000,0.081357,6.2604,32,pcg_jacobi,312,2.797614e+00,1.007700e-02,2.784298e+00,5,9.728e-11,4.721e-10
fortran_omp,16,1024,rough0.20,0.200000,0.081357,6.2604,32,pcg_jacobi,312,2.561381e-01,1.759000e-03,2.543791e-01,5,9.728e-11,4.721e-10
fortran_serial,1,1024,rough0.20,0.200000,0.081357,6.2604,32,pcg_jacobi,312,8.518140e-01,6.161000e-03,8.384240e-01,5,9.728e-11,4.721e-10
openacc,0,1024,rough0.20,0.200000,0.081357,6.2604,32,pcg_jacobi,312,4.487390e-02,3.569000e-04,4.441190e-02,5,9.728e-11,4.721e-10
cuda,0,1024,rough0.20,0.200000,0.081357,6.2604,32,pcg_jacobi,312,3.865630e-02,5.574400e-05,3.849743e-02,5,9.728e-11,4.721e-10
fortran_omp,1,1024,rough0.20,0.200000,0.081357,6.2604,32,pcg_rbgs,156,3.049259e+00,6.219000e-04,3.040276e+00,5,9.540e-11,4.626e-10
fortran_omp,16,1024,rough0.20,0.200000,0.081357,6.2604,32,pcg_rbgs,156,3.199161e-01,1.271800e-03,3.128140e-01,5,9.540e-11,4.626e-10
fortran_serial,1,1024,rough0.20,0.200000,0.081357,6.2604,32,pcg_rbgs,156,1.745494e+00,3.671000e-03,1.730765e+00,5,9.540e-11,4.626e-10
openacc,0,1024,rough0.20,0.200000,0.081357,6.2604,32,pcg_rbgs,156,4.302780e-02,1.021000e-04,4.255990e-02,5,9.540e-11,4.626e-10
cuda,0,1024,rough0.20,0.200000,0.081357,6.2604,32,pcg_rbgs,156,4.180263e-02,7.147800e-05,4.168760e-02,5,9.540e-11,4.626e-10
fortran_omp,1,1024,rough0.20,0.200000,0.081357,6.2604,32,multigrid,10,4.046600e-01,2.347900e-03,4.016440e-01,5,5.879e-11,1.364e-10
fortran_omp,16,1024,rough0.20,0.200000,0.081357,6.2604,32,multigrid,10,5.025310e-02,8.783000e-04,4.241800e-02,5,5.879e-11,1.364e-10
fortran_serial,1,1024,rough0.20,0.200000,0.081357,6.2604,32,multigrid,10,3.307878e-01,1.306200e-03,3.284101e-01,5,5.879e-11,1.364e-10
openacc,0,1024,rough0.20,0.200000,0.081357,6.2604,32,multigrid,10,4.087300e-02,1.030000e-04,4.077000e-02,5,5.879e-11,1.364e-10
cuda,0,1024,rough0.20,0.200000,0.081357,6.2604,32,multigrid,10,7.811511e-03,4.747000e-06,7.793604e-03,5,5.879e-11,1.364e-10
fortran_omp,1,1024,rough0.20,0.200000,0.081357,6.2604,128,pcg_jacobi,1100,9.829571e+00,3.993020e-02,9.779538e+00,5,9.993e-11,8.889e-10
fortran_omp,16,1024,rough0.20,0.200000,0.081357,6.2604,128,pcg_jacobi,1100,9.022542e-01,1.986600e-03,8.972358e-01,5,9.993e-11,8.889e-10
fortran_serial,1,1024,rough0.20,0.200000,0.081357,6.2604,128,pcg_jacobi,1100,2.989381e+00,1.891000e-04,2.989192e+00,5,9.993e-11,8.889e-10
openacc,0,1024,rough0.20,0.200000,0.081357,6.2604,128,pcg_jacobi,1100,1.593899e-01,2.680000e-04,1.590770e-01,5,9.993e-11,8.889e-10
cuda,0,1024,rough0.20,0.200000,0.081357,6.2604,128,pcg_jacobi,1100,1.360768e-01,2.266030e-04,1.357399e-01,5,9.993e-11,8.889e-10
fortran_omp,1,1024,rough0.20,0.200000,0.081357,6.2604,128,pcg_rbgs,550,1.073353e+01,4.986900e-03,1.072854e+01,5,9.925e-11,8.839e-10
fortran_omp,16,1024,rough0.20,0.200000,0.081357,6.2604,128,pcg_rbgs,550,1.148227e+00,1.018190e-02,1.116260e+00,5,9.925e-11,8.839e-10
fortran_serial,1,1024,rough0.20,0.200000,0.081357,6.2604,128,pcg_rbgs,550,6.040611e+00,2.608090e-02,6.004625e+00,5,9.925e-11,8.839e-10
openacc,0,1024,rough0.20,0.200000,0.081357,6.2604,128,pcg_rbgs,550,1.521190e-01,1.269000e-04,1.518788e-01,5,9.925e-11,8.839e-10
cuda,0,1024,rough0.20,0.200000,0.081357,6.2604,128,pcg_rbgs,550,1.476881e-01,7.150000e-06,1.475467e-01,5,9.925e-11,8.839e-10
fortran_omp,1,1024,rough0.20,0.200000,0.081357,6.2604,128,multigrid,11,5.871298e-01,1.555610e-02,5.553021e-01,5,1.296e-11,3.047e-11
fortran_omp,16,1024,rough0.20,0.200000,0.081357,6.2604,128,multigrid,11,4.838610e-02,1.931100e-03,4.645500e-02,5,1.296e-11,3.047e-11
fortran_serial,1,1024,rough0.20,0.200000,0.081357,6.2604,128,multigrid,11,3.529420e-01,2.075000e-03,3.503940e-01,5,1.296e-11,3.047e-11
openacc,0,1024,rough0.20,0.200000,0.081357,6.2604,128,multigrid,11,4.535890e-02,1.631000e-04,4.487590e-02,5,1.296e-11,3.047e-11
cuda,0,1024,rough0.20,0.200000,0.081357,6.2604,128,multigrid,11,8.586003e-03,2.381600e-05,8.560625e-03,5,1.296e-11,3.047e-11
fortran_omp,1,1024,seamount,0.112374,0.013576,9.9957,2,pcg_jacobi,24,2.162988e-01,2.167000e-04,2.148991e-01,5,9.381e-11,1.154e-10
fortran_omp,16,1024,seamount,0.112374,0.013576,9.9957,2,pcg_jacobi,24,1.961390e-02,7.100000e-05,1.929210e-02,5,9.381e-11,1.154e-10
fortran_serial,1,1024,seamount,0.112374,0.013576,9.9957,2,pcg_jacobi,24,6.538390e-02,5.591000e-04,6.324380e-02,5,9.381e-11,1.154e-10
openacc,0,1024,seamount,0.112374,0.013576,9.9957,2,pcg_jacobi,24,3.561100e-03,1.510000e-05,3.539800e-03,5,9.381e-11,1.154e-10
cuda,0,1024,seamount,0.112374,0.013576,9.9957,2,pcg_jacobi,24,2.972268e-03,9.875000e-06,2.962393e-03,5,9.381e-11,1.154e-10
fortran_omp,1,1024,seamount,0.112374,0.013576,9.9957,2,pcg_rbgs,12,3.342798e-01,6.541000e-04,3.327229e-01,5,7.565e-11,9.310e-11
fortran_omp,16,1024,seamount,0.112374,0.013576,9.9957,2,pcg_rbgs,12,2.507800e-02,1.657900e-03,2.222200e-02,5,7.565e-11,9.310e-11
fortran_serial,1,1024,seamount,0.112374,0.013576,9.9957,2,pcg_rbgs,12,1.400318e-01,3.980000e-04,1.386071e-01,5,7.565e-11,9.310e-11
openacc,0,1024,seamount,0.112374,0.013576,9.9957,2,pcg_rbgs,12,3.384800e-03,5.700000e-06,3.374100e-03,5,7.565e-11,9.310e-11
cuda,0,1024,seamount,0.112374,0.013576,9.9957,2,pcg_rbgs,12,3.229597e-03,1.445200e-05,3.215145e-03,5,7.565e-11,9.310e-11
fortran_omp,1,1024,seamount,0.112374,0.013576,9.9957,2,multigrid,6,2.451041e-01,4.134800e-03,2.408559e-01,5,2.512e-12,3.827e-12
fortran_omp,16,1024,seamount,0.112374,0.013576,9.9957,2,multigrid,6,3.060990e-02,8.263000e-04,2.860710e-02,5,2.512e-12,3.827e-12
fortran_serial,1,1024,seamount,0.112374,0.013576,9.9957,2,multigrid,6,2.005748e-01,1.158100e-03,1.966629e-01,5,2.512e-12,3.827e-12
openacc,0,1024,seamount,0.112374,0.013576,9.9957,2,multigrid,6,2.529310e-02,2.380000e-04,2.492500e-02,5,2.512e-12,3.827e-12
cuda,0,1024,seamount,0.112374,0.013576,9.9957,2,multigrid,6,4.698821e-03,1.104700e-05,4.684569e-03,5,2.512e-12,3.827e-12
fortran_omp,1,1024,seamount,0.112374,0.013576,9.9957,8,pcg_jacobi,91,8.153870e-01,7.369000e-04,8.142781e-01,5,8.877e-11,2.163e-10
fortran_omp,16,1024,seamount,0.112374,0.013576,9.9957,8,pcg_jacobi,91,7.401800e-02,2.311000e-03,7.118700e-02,5,8.877e-11,2.163e-10
fortran_serial,1,1024,seamount,0.112374,0.013576,9.9957,8,pcg_jacobi,91,2.475600e-01,1.561000e-03,2.451009e-01,5,8.877e-11,2.163e-10
openacc,0,1024,seamount,0.112374,0.013576,9.9957,8,pcg_jacobi,91,1.320320e-02,5.140000e-05,1.240900e-02,5,8.877e-11,2.163e-10
cuda,0,1024,seamount,0.112374,0.013576,9.9957,8,pcg_jacobi,91,1.123339e-02,6.830300e-05,1.113756e-02,5,8.877e-11,2.163e-10
fortran_omp,1,1024,seamount,0.112374,0.013576,9.9957,8,pcg_rbgs,46,9.008770e-01,6.374200e-03,8.945028e-01,5,6.452e-11,1.571e-10
fortran_omp,16,1024,seamount,0.112374,0.013576,9.9957,8,pcg_rbgs,46,9.358190e-02,1.327300e-03,8.842310e-02,5,6.452e-11,1.571e-10
fortran_serial,1,1024,seamount,0.112374,0.013576,9.9957,8,pcg_rbgs,46,5.187881e-01,2.654000e-03,5.161341e-01,5,6.452e-11,1.571e-10
openacc,0,1024,seamount,0.112374,0.013576,9.9957,8,pcg_rbgs,46,1.285790e-02,6.790000e-05,1.279000e-02,5,6.452e-11,1.571e-10
cuda,0,1024,seamount,0.112374,0.013576,9.9957,8,pcg_rbgs,46,1.222202e-02,6.254500e-05,1.215948e-02,5,6.452e-11,1.571e-10
fortran_omp,1,1024,seamount,0.112374,0.013576,9.9957,8,multigrid,9,4.970510e-01,2.180910e-02,3.637519e-01,5,7.659e-11,1.555e-10
fortran_omp,16,1024,seamount,0.112374,0.013576,9.9957,8,multigrid,9,4.909990e-02,2.329100e-03,3.810000e-02,5,7.659e-11,1.555e-10
fortran_serial,1,1024,seamount,0.112374,0.013576,9.9957,8,multigrid,9,2.926540e-01,1.320100e-03,2.906160e-01,5,7.659e-11,1.555e-10
openacc,0,1024,seamount,0.112374,0.013576,9.9957,8,multigrid,9,3.659990e-02,1.268000e-04,3.647310e-02,5,7.659e-11,1.555e-10
cuda,0,1024,seamount,0.112374,0.013576,9.9957,8,multigrid,9,7.031601e-03,2.143300e-05,7.006193e-03,5,7.659e-11,1.555e-10
fortran_omp,1,1024,seamount,0.112374,0.013576,9.9957,32,pcg_jacobi,351,3.144186e+00,9.351000e-04,3.140720e+00,5,9.982e-11,4.797e-10
fortran_omp,16,1024,seamount,0.112374,0.013576,9.9957,32,pcg_jacobi,351,2.832320e-01,1.898000e-03,2.751739e-01,5,9.982e-11,4.797e-10
fortran_serial,1,1024,seamount,0.112374,0.013576,9.9957,32,pcg_jacobi,351,9.643140e-01,3.488000e-04,9.626501e-01,5,9.982e-11,4.797e-10
openacc,0,1024,seamount,0.112374,0.013576,9.9957,32,pcg_jacobi,351,5.102510e-02,1.407000e-04,5.020880e-02,5,9.982e-11,4.797e-10
cuda,0,1024,seamount,0.112374,0.013576,9.9957,32,pcg_jacobi,351,4.349320e-02,2.636900e-05,4.332726e-02,5,9.982e-11,4.797e-10
fortran_omp,1,1024,seamount,0.112374,0.013576,9.9957,32,pcg_rbgs,176,3.437907e+00,8.104800e-03,3.429802e+00,5,9.189e-11,4.433e-10
fortran_omp,16,1024,seamount,0.112374,0.013576,9.9957,32,pcg_rbgs,176,3.666599e-01,2.170100e-03,3.602008e-01,5,9.189e-11,4.433e-10
fortran_serial,1,1024,seamount,0.112374,0.013576,9.9957,32,pcg_rbgs,176,1.944452e+00,1.552510e-02,1.928927e+00,5,9.189e-11,4.433e-10
openacc,0,1024,seamount,0.112374,0.013576,9.9957,32,pcg_rbgs,176,4.866890e-02,8.310000e-05,4.815010e-02,5,9.189e-11,4.433e-10
cuda,0,1024,seamount,0.112374,0.013576,9.9957,32,pcg_rbgs,176,4.723518e-02,3.167900e-05,4.720350e-02,5,9.189e-11,4.433e-10
fortran_omp,1,1024,seamount,0.112374,0.013576,9.9957,32,multigrid,10,5.393710e-01,9.332900e-03,5.114250e-01,5,7.086e-11,1.665e-10
fortran_omp,16,1024,seamount,0.112374,0.013576,9.9957,32,multigrid,10,4.731410e-02,2.053800e-03,4.254920e-02,5,7.086e-11,1.665e-10
fortran_serial,1,1024,seamount,0.112374,0.013576,9.9957,32,multigrid,10,3.210922e-01,1.442200e-03,3.189499e-01,5,7.086e-11,1.665e-10
openacc,0,1024,seamount,0.112374,0.013576,9.9957,32,multigrid,10,4.030080e-02,2.783000e-04,3.973600e-02,5,7.086e-11,1.665e-10
cuda,0,1024,seamount,0.112374,0.013576,9.9957,32,multigrid,10,7.820966e-03,2.175200e-05,7.796448e-03,5,7.086e-11,1.665e-10
fortran_omp,1,1024,seamount,0.112374,0.013576,9.9957,128,pcg_jacobi,1344,1.204572e+01,2.073030e-02,1.199733e+01,5,9.835e-11,8.180e-10
fortran_omp,16,1024,seamount,0.112374,0.013576,9.9957,128,pcg_jacobi,1344,1.084899e+00,4.136000e-03,1.074942e+00,5,9.835e-11,8.180e-10
fortran_serial,1,1024,seamount,0.112374,0.013576,9.9957,128,pcg_jacobi,1344,3.681973e+00,8.786900e-03,3.662523e+00,5,9.835e-11,8.180e-10
openacc,0,1024,seamount,0.112374,0.013576,9.9957,128,pcg_jacobi,1344,1.943560e-01,2.781000e-04,1.940779e-01,5,9.835e-11,8.180e-10
cuda,0,1024,seamount,0.112374,0.013576,9.9957,128,pcg_jacobi,1344,1.663529e-01,2.359870e-04,1.657381e-01,5,9.835e-11,8.180e-10
fortran_omp,1,1024,seamount,0.112374,0.013576,9.9957,128,pcg_rbgs,672,1.314855e+01,2.557280e-02,1.310067e+01,5,9.787e-11,8.139e-10
fortran_omp,16,1024,seamount,0.112374,0.013576,9.9957,128,pcg_rbgs,672,1.387222e+00,1.337100e-03,1.345405e+00,5,9.787e-11,8.139e-10
fortran_serial,1,1024,seamount,0.112374,0.013576,9.9957,128,pcg_rbgs,672,7.659432e+00,8.670000e-03,7.650762e+00,5,9.787e-11,8.139e-10
openacc,0,1024,seamount,0.112374,0.013576,9.9957,128,pcg_rbgs,672,1.858820e-01,4.000000e-05,1.858420e-01,5,9.787e-11,8.139e-10
cuda,0,1024,seamount,0.112374,0.013576,9.9957,128,pcg_rbgs,672,1.803865e-01,3.056600e-05,1.801561e-01,5,9.787e-11,8.139e-10
fortran_omp,1,1024,seamount,0.112374,0.013576,9.9957,128,multigrid,11,4.396049e-01,1.567000e-03,4.372241e-01,5,1.315e-11,2.877e-11
fortran_omp,16,1024,seamount,0.112374,0.013576,9.9957,128,multigrid,11,5.207700e-02,1.143900e-03,4.811190e-02,5,1.315e-11,2.877e-11
fortran_serial,1,1024,seamount,0.112374,0.013576,9.9957,128,multigrid,11,3.514239e-01,1.650000e-03,3.478720e-01,5,1.315e-11,2.877e-11
openacc,0,1024,seamount,0.112374,0.013576,9.9957,128,multigrid,11,4.426880e-02,1.907000e-04,4.402020e-02,5,1.315e-11,2.877e-11
cuda,0,1024,seamount,0.112374,0.013576,9.9957,128,multigrid,11,8.619364e-03,3.078700e-05,8.561997e-03,5,1.315e-11,2.877e-11
