backend,threads,nx,topo,r_std,rx0,h_ratio,cfl,solver,iterations,wall_s,residual,l2_vs_ref
fortran_omp,1,128,flat,0.000000,0.000000,1.0000,2,pcg_jacobi,24,3.272100e-03,9.526e-11,1.169e-10
fortran_omp,16,128,flat,0.000000,0.000000,1.0000,2,pcg_jacobi,24,6.650000e-04,9.526e-11,1.169e-10
fortran_omp,32,128,flat,0.000000,0.000000,1.0000,2,pcg_jacobi,24,6.590000e-04,9.526e-11,1.169e-10
fortran_serial,1,128,flat,0.000000,0.000000,1.0000,2,pcg_jacobi,24,5.140000e-04,9.526e-11,1.169e-10
openacc,0,128,flat,0.000000,0.000000,1.0000,2,pcg_jacobi,24,2.204900e-03,9.526e-11,1.169e-10
cuda,0,128,flat,0.000000,0.000000,1.0000,2,pcg_jacobi,24,1.071942e-03,9.526e-11,1.169e-10
fortran_omp,1,128,flat,0.000000,0.000000,1.0000,2,pcg_rbgs,12,3.536900e-03,7.621e-11,9.380e-11
fortran_omp,16,128,flat,0.000000,0.000000,1.0000,2,pcg_rbgs,12,6.668000e-04,7.621e-11,9.380e-11
fortran_omp,32,128,flat,0.000000,0.000000,1.0000,2,pcg_rbgs,12,5.281000e-04,7.621e-11,9.380e-11
fortran_serial,1,128,flat,0.000000,0.000000,1.0000,2,pcg_rbgs,12,1.671800e-03,7.621e-11,9.380e-11
openacc,0,128,flat,0.000000,0.000000,1.0000,2,pcg_rbgs,12,2.099100e-03,7.621e-11,9.380e-11
cuda,0,128,flat,0.000000,0.000000,1.0000,2,pcg_rbgs,12,7.425530e-04,7.621e-11,9.380e-11
fortran_omp,1,128,flat,0.000000,0.000000,1.0000,2,multigrid,6,3.540100e-03,2.728e-12,4.233e-12
fortran_omp,16,128,flat,0.000000,0.000000,1.0000,2,multigrid,6,8.071000e-04,2.728e-12,4.233e-12
fortran_omp,32,128,flat,0.000000,0.000000,1.0000,2,multigrid,6,1.137000e-03,2.728e-12,4.233e-12
fortran_serial,1,128,flat,0.000000,0.000000,1.0000,2,multigrid,6,2.898000e-03,2.728e-12,4.233e-12
openacc,0,128,flat,0.000000,0.000000,1.0000,2,multigrid,6,7.475800e-03,2.728e-12,4.233e-12
cuda,0,128,flat,0.000000,0.000000,1.0000,2,multigrid,6,1.349321e-03,2.728e-12,4.233e-12
fortran_omp,1,128,flat,0.000000,0.000000,1.0000,8,pcg_jacobi,90,1.224110e-02,9.148e-11,2.447e-10
fortran_omp,16,128,flat,0.000000,0.000000,1.0000,8,pcg_jacobi,90,2.391100e-03,9.148e-11,2.447e-10
fortran_omp,32,128,flat,0.000000,0.000000,1.0000,8,pcg_jacobi,90,2.482900e-03,9.148e-11,2.447e-10
fortran_serial,1,128,flat,0.000000,0.000000,1.0000,8,pcg_jacobi,90,1.994100e-03,9.148e-11,2.447e-10
openacc,0,128,flat,0.000000,0.000000,1.0000,8,pcg_jacobi,90,8.244000e-03,9.148e-11,2.447e-10
cuda,0,128,flat,0.000000,0.000000,1.0000,8,pcg_jacobi,90,3.926389e-03,9.148e-11,2.447e-10
fortran_omp,1,128,flat,0.000000,0.000000,1.0000,8,pcg_rbgs,45,1.317880e-02,8.581e-11,2.293e-10
fortran_omp,16,128,flat,0.000000,0.000000,1.0000,8,pcg_rbgs,45,2.050000e-03,8.581e-11,2.293e-10
fortran_omp,32,128,flat,0.000000,0.000000,1.0000,8,pcg_rbgs,45,2.789000e-03,8.581e-11,2.293e-10
fortran_serial,1,128,flat,0.000000,0.000000,1.0000,8,pcg_rbgs,45,6.427000e-03,8.581e-11,2.293e-10
openacc,0,128,flat,0.000000,0.000000,1.0000,8,pcg_rbgs,45,7.746200e-03,8.581e-11,2.293e-10
cuda,0,128,flat,0.000000,0.000000,1.0000,8,pcg_rbgs,45,2.704240e-03,8.581e-11,2.293e-10
fortran_omp,1,128,flat,0.000000,0.000000,1.0000,8,multigrid,9,5.302900e-03,8.532e-11,1.804e-10
fortran_omp,16,128,flat,0.000000,0.000000,1.0000,8,multigrid,9,1.208100e-03,8.532e-11,1.804e-10
fortran_omp,32,128,flat,0.000000,0.000000,1.0000,8,multigrid,9,1.627900e-03,8.532e-11,1.804e-10
fortran_serial,1,128,flat,0.000000,0.000000,1.0000,8,multigrid,9,4.050100e-03,8.532e-11,1.804e-10
openacc,0,128,flat,0.000000,0.000000,1.0000,8,multigrid,9,1.117210e-02,8.532e-11,1.804e-10
cuda,0,128,flat,0.000000,0.000000,1.0000,8,multigrid,9,2.018493e-03,8.532e-11,1.804e-10
fortran_omp,1,128,flat,0.000000,0.000000,1.0000,32,pcg_jacobi,241,3.251390e-02,9.452e-11,1.295e-10
fortran_omp,16,128,flat,0.000000,0.000000,1.0000,32,pcg_jacobi,241,6.613100e-03,9.452e-11,1.295e-10
fortran_omp,32,128,flat,0.000000,0.000000,1.0000,32,pcg_jacobi,241,6.588900e-03,9.452e-11,1.295e-10
fortran_serial,1,128,flat,0.000000,0.000000,1.0000,32,pcg_jacobi,241,5.387000e-03,9.452e-11,1.295e-10
openacc,0,128,flat,0.000000,0.000000,1.0000,32,pcg_jacobi,241,2.160000e-02,9.452e-11,1.295e-10
cuda,0,128,flat,0.000000,0.000000,1.0000,32,pcg_jacobi,241,1.048952e-02,9.452e-11,1.295e-10
fortran_omp,1,128,flat,0.000000,0.000000,1.0000,32,pcg_rbgs,131,3.823120e-02,8.275e-11,1.043e-10
fortran_omp,16,128,flat,0.000000,0.000000,1.0000,32,pcg_rbgs,131,6.378900e-03,8.275e-11,1.043e-10
fortran_omp,32,128,flat,0.000000,0.000000,1.0000,32,pcg_rbgs,131,5.777900e-03,8.275e-11,1.043e-10
fortran_serial,1,128,flat,0.000000,0.000000,1.0000,32,pcg_rbgs,131,1.835010e-02,8.275e-11,1.043e-10
openacc,0,128,flat,0.000000,0.000000,1.0000,32,pcg_rbgs,131,2.265120e-02,8.275e-11,1.043e-10
cuda,0,128,flat,0.000000,0.000000,1.0000,32,pcg_rbgs,131,7.769923e-03,8.275e-11,1.043e-10
fortran_omp,1,128,flat,0.000000,0.000000,1.0000,32,multigrid,10,5.888000e-03,8.015e-11,1.485e-10
fortran_omp,16,128,flat,0.000000,0.000000,1.0000,32,multigrid,10,1.353000e-03,8.015e-11,1.485e-10
fortran_omp,32,128,flat,0.000000,0.000000,1.0000,32,multigrid,10,1.272000e-03,8.015e-11,1.485e-10
fortran_serial,1,128,flat,0.000000,0.000000,1.0000,32,multigrid,10,4.504000e-03,8.015e-11,1.485e-10
openacc,0,128,flat,0.000000,0.000000,1.0000,32,multigrid,10,1.211220e-02,8.015e-11,1.485e-10
cuda,0,128,flat,0.000000,0.000000,1.0000,32,multigrid,10,2.240219e-03,8.015e-11,1.485e-10
fortran_omp,1,128,flat,0.000000,0.000000,1.0000,128,pcg_jacobi,285,3.840390e-02,8.605e-11,4.222e-11
fortran_omp,16,128,flat,0.000000,0.000000,1.0000,128,pcg_jacobi,285,7.559100e-03,8.605e-11,4.222e-11
fortran_omp,32,128,flat,0.000000,0.000000,1.0000,128,pcg_jacobi,285,7.800900e-03,8.605e-11,4.222e-11
fortran_serial,1,128,flat,0.000000,0.000000,1.0000,128,pcg_jacobi,285,6.447000e-03,8.605e-11,4.222e-11
openacc,0,128,flat,0.000000,0.000000,1.0000,128,pcg_jacobi,285,2.551390e-02,8.605e-11,4.222e-11
cuda,0,128,flat,0.000000,0.000000,1.0000,128,pcg_jacobi,285,1.236039e-02,8.605e-11,4.222e-11
fortran_omp,1,128,flat,0.000000,0.000000,1.0000,128,pcg_rbgs,159,4.657100e-02,6.034e-11,3.020e-11
fortran_omp,16,128,flat,0.000000,0.000000,1.0000,128,pcg_rbgs,159,7.613200e-03,6.034e-11,3.020e-11
fortran_omp,32,128,flat,0.000000,0.000000,1.0000,128,pcg_rbgs,159,1.017690e-02,6.034e-11,3.020e-11
fortran_serial,1,128,flat,0.000000,0.000000,1.0000,128,pcg_rbgs,159,2.280000e-02,6.034e-11,3.020e-11
openacc,0,128,flat,0.000000,0.000000,1.0000,128,pcg_rbgs,159,2.742090e-02,6.034e-11,3.020e-11
cuda,0,128,flat,0.000000,0.000000,1.0000,128,pcg_rbgs,159,9.412397e-03,6.034e-11,3.020e-11
fortran_omp,1,128,flat,0.000000,0.000000,1.0000,128,multigrid,29,1.699400e-02,9.018e-11,2.351e-08
fortran_omp,16,128,flat,0.000000,0.000000,1.0000,128,multigrid,29,3.894100e-03,9.018e-11,2.351e-08
fortran_omp,32,128,flat,0.000000,0.000000,1.0000,128,multigrid,29,3.710000e-03,9.018e-11,2.351e-08
fortran_serial,1,128,flat,0.000000,0.000000,1.0000,128,multigrid,29,1.301810e-02,9.018e-11,2.351e-08
openacc,0,128,flat,0.000000,0.000000,1.0000,128,multigrid,29,3.552200e-02,9.018e-11,2.351e-08
cuda,0,128,flat,0.000000,0.000000,1.0000,128,multigrid,29,6.462455e-03,9.018e-11,2.351e-08
fortran_omp,1,128,rough0.02,0.020000,0.009248,1.1310,2,pcg_jacobi,24,3.270100e-03,6.813e-11,8.364e-11
fortran_omp,16,128,rough0.02,0.020000,0.009248,1.1310,2,pcg_jacobi,24,6.568000e-04,6.813e-11,8.364e-11
fortran_omp,32,128,rough0.02,0.020000,0.009248,1.1310,2,pcg_jacobi,24,6.530000e-04,6.813e-11,8.364e-11
fortran_serial,1,128,rough0.02,0.020000,0.009248,1.1310,2,pcg_jacobi,24,5.181000e-04,6.813e-11,8.364e-11
openacc,0,128,rough0.02,0.020000,0.009248,1.1310,2,pcg_jacobi,24,2.194000e-03,6.813e-11,8.364e-11
cuda,0,128,rough0.02,0.020000,0.009248,1.1310,2,pcg_jacobi,24,1.070249e-03,6.813e-11,8.364e-11
fortran_omp,1,128,rough0.02,0.020000,0.009248,1.1310,2,pcg_rbgs,12,3.680000e-03,5.390e-11,6.632e-11
fortran_omp,16,128,rough0.02,0.020000,0.009248,1.1310,2,pcg_rbgs,12,6.690000e-04,5.390e-11,6.632e-11
fortran_omp,32,128,rough0.02,0.020000,0.009248,1.1310,2,pcg_rbgs,12,5.629000e-04,5.390e-11,6.632e-11
fortran_serial,1,128,rough0.02,0.020000,0.009248,1.1310,2,pcg_rbgs,12,1.717800e-03,5.390e-11,6.632e-11
openacc,0,128,rough0.02,0.020000,0.009248,1.1310,2,pcg_rbgs,12,2.107900e-03,5.390e-11,6.632e-11
cuda,0,128,rough0.02,0.020000,0.009248,1.1310,2,pcg_rbgs,12,7.398990e-04,5.390e-11,6.632e-11
fortran_omp,1,128,rough0.02,0.020000,0.009248,1.1310,2,multigrid,6,5.598100e-03,1.721e-12,2.637e-12
fortran_omp,16,128,rough0.02,0.020000,0.009248,1.1310,2,multigrid,6,8.209000e-04,1.721e-12,2.637e-12
fortran_omp,32,128,rough0.02,0.020000,0.009248,1.1310,2,multigrid,6,7.469000e-04,1.721e-12,2.637e-12
fortran_serial,1,128,rough0.02,0.020000,0.009248,1.1310,2,multigrid,6,2.893000e-03,1.721e-12,2.637e-12
openacc,0,128,rough0.02,0.020000,0.009248,1.1310,2,multigrid,6,7.468000e-03,1.721e-12,2.637e-12
cuda,0,128,rough0.02,0.020000,0.009248,1.1310,2,multigrid,6,1.349492e-03,1.720e-12,2.637e-12
fortran_omp,1,128,rough0.02,0.020000,0.009248,1.1310,8,pcg_jacobi,89,1.205200e-02,8.376e-11,2.143e-10
fortran_omp,16,128,rough0.02,0.020000,0.009248,1.1310,8,pcg_jacobi,89,2.465000e-03,8.376e-11,2.143e-10
fortran_omp,32,128,rough0.02,0.020000,0.009248,1.1310,8,pcg_jacobi,89,2.701100e-03,8.376e-11,2.143e-10
fortran_serial,1,128,rough0.02,0.020000,0.009248,1.1310,8,pcg_jacobi,89,2.007900e-03,8.376e-11,2.143e-10
openacc,0,128,rough0.02,0.020000,0.009248,1.1310,8,pcg_jacobi,89,8.097200e-03,8.376e-11,2.143e-10
cuda,0,128,rough0.02,0.020000,0.009248,1.1310,8,pcg_jacobi,89,3.893209e-03,8.376e-11,2.143e-10
fortran_omp,1,128,rough0.02,0.020000,0.009248,1.1310,8,pcg_rbgs,44,1.288890e-02,9.990e-11,2.535e-10
fortran_omp,16,128,rough0.02,0.020000,0.009248,1.1310,8,pcg_rbgs,44,2.164100e-03,9.990e-11,2.535e-10
fortran_omp,32,128,rough0.02,0.020000,0.009248,1.1310,8,pcg_rbgs,44,2.894100e-03,9.990e-11,2.535e-10
fortran_serial,1,128,rough0.02,0.020000,0.009248,1.1310,8,pcg_rbgs,44,6.193200e-03,9.990e-11,2.535e-10
openacc,0,128,rough0.02,0.020000,0.009248,1.1310,8,pcg_rbgs,44,7.678000e-03,9.990e-11,2.535e-10
cuda,0,128,rough0.02,0.020000,0.009248,1.1310,8,pcg_rbgs,44,2.636589e-03,9.990e-11,2.535e-10
fortran_omp,1,128,rough0.02,0.020000,0.009248,1.1310,8,multigrid,9,5.295000e-03,7.889e-11,1.649e-10
fortran_omp,16,128,rough0.02,0.020000,0.009248,1.1310,8,multigrid,9,1.221000e-03,7.889e-11,1.649e-10
fortran_omp,32,128,rough0.02,0.020000,0.009248,1.1310,8,multigrid,9,1.117000e-03,7.889e-11,1.649e-10
fortran_serial,1,128,rough0.02,0.020000,0.009248,1.1310,8,multigrid,9,4.060000e-03,7.889e-11,1.649e-10
openacc,0,128,rough0.02,0.020000,0.009248,1.1310,8,multigrid,9,1.094890e-02,7.889e-11,1.649e-10
cuda,0,128,rough0.02,0.020000,0.009248,1.1310,8,multigrid,9,2.015729e-03,7.889e-11,1.649e-10
fortran_omp,1,128,rough0.02,0.020000,0.009248,1.1310,32,pcg_jacobi,295,3.984910e-02,9.976e-11,4.018e-10
fortran_omp,16,128,rough0.02,0.020000,0.009248,1.1310,32,pcg_jacobi,295,8.068800e-03,9.976e-11,4.018e-10
fortran_omp,32,128,rough0.02,0.020000,0.009248,1.1310,32,pcg_jacobi,295,8.137900e-03,9.976e-11,4.018e-10
fortran_serial,1,128,rough0.02,0.020000,0.009248,1.1310,32,pcg_jacobi,295,6.670900e-03,9.976e-11,4.018e-10
openacc,0,128,rough0.02,0.020000,0.009248,1.1310,32,pcg_jacobi,295,2.652500e-02,9.976e-11,4.018e-10
cuda,0,128,rough0.02,0.020000,0.009248,1.1310,32,pcg_jacobi,295,1.278433e-02,9.976e-11,4.018e-10
fortran_omp,1,128,rough0.02,0.020000,0.009248,1.1310,32,pcg_rbgs,148,4.319780e-02,9.026e-11,3.679e-10
fortran_omp,16,128,rough0.02,0.020000,0.009248,1.1310,32,pcg_rbgs,148,6.449900e-03,9.026e-11,3.679e-10
fortran_omp,32,128,rough0.02,0.020000,0.009248,1.1310,32,pcg_rbgs,148,6.511900e-03,9.026e-11,3.679e-10
fortran_serial,1,128,rough0.02,0.020000,0.009248,1.1310,32,pcg_rbgs,148,2.102190e-02,9.026e-11,3.679e-10
openacc,0,128,rough0.02,0.020000,0.009248,1.1310,32,pcg_rbgs,148,2.492720e-02,9.026e-11,3.679e-10
cuda,0,128,rough0.02,0.020000,0.009248,1.1310,32,pcg_rbgs,148,8.806031e-03,9.026e-11,3.679e-10
fortran_omp,1,128,rough0.02,0.020000,0.009248,1.1310,32,multigrid,10,5.887000e-03,7.927e-11,1.475e-10
fortran_omp,16,128,rough0.02,0.020000,0.009248,1.1310,32,multigrid,10,1.369000e-03,7.927e-11,1.475e-10
fortran_omp,32,128,rough0.02,0.020000,0.009248,1.1310,32,multigrid,10,1.391900e-03,7.927e-11,1.475e-10
fortran_serial,1,128,rough0.02,0.020000,0.009248,1.1310,32,multigrid,10,4.486800e-03,7.927e-11,1.475e-10
openacc,0,128,rough0.02,0.020000,0.009248,1.1310,32,multigrid,10,1.241590e-02,7.927e-11,1.475e-10
cuda,0,128,rough0.02,0.020000,0.009248,1.1310,32,multigrid,10,2.229903e-03,7.927e-11,1.475e-10
fortran_omp,1,128,rough0.02,0.020000,0.009248,1.1310,128,pcg_jacobi,481,6.480780e-02,9.530e-11,6.758e-10
fortran_omp,16,128,rough0.02,0.020000,0.009248,1.1310,128,pcg_jacobi,481,1.264000e-02,9.530e-11,6.758e-10
fortran_omp,32,128,rough0.02,0.020000,0.009248,1.1310,128,pcg_jacobi,481,2.159310e-02,9.530e-11,6.758e-10
fortran_serial,1,128,rough0.02,0.020000,0.009248,1.1310,128,pcg_jacobi,481,1.096200e-02,9.530e-11,6.758e-10
openacc,0,128,rough0.02,0.020000,0.009248,1.1310,128,pcg_jacobi,481,4.230120e-02,9.530e-11,6.758e-10
cuda,0,128,rough0.02,0.020000,0.009248,1.1310,128,pcg_jacobi,481,2.085872e-02,9.530e-11,6.758e-10
fortran_omp,1,128,rough0.02,0.020000,0.009248,1.1310,128,pcg_rbgs,241,7.029390e-02,8.190e-11,6.699e-10
fortran_omp,16,128,rough0.02,0.020000,0.009248,1.1310,128,pcg_rbgs,241,1.004600e-02,8.190e-11,6.699e-10
fortran_omp,32,128,rough0.02,0.020000,0.009248,1.1310,128,pcg_rbgs,241,1.084490e-02,8.190e-11,6.699e-10
fortran_serial,1,128,rough0.02,0.020000,0.009248,1.1310,128,pcg_rbgs,241,3.379790e-02,8.190e-11,6.699e-10
openacc,0,128,rough0.02,0.020000,0.009248,1.1310,128,pcg_rbgs,241,4.145410e-02,8.190e-11,6.699e-10
cuda,0,128,rough0.02,0.020000,0.009248,1.1310,128,pcg_rbgs,241,1.422936e-02,8.190e-11,6.699e-10
fortran_omp,1,128,rough0.02,0.020000,0.009248,1.1310,128,multigrid,40,2.349110e-02,7.639e-11,1.901e-08
fortran_omp,16,128,rough0.02,0.020000,0.009248,1.1310,128,multigrid,40,5.403000e-03,7.639e-11,1.901e-08
fortran_omp,32,128,rough0.02,0.020000,0.009248,1.1310,128,multigrid,40,7.103000e-03,7.639e-11,1.901e-08
fortran_serial,1,128,rough0.02,0.020000,0.009248,1.1310,128,multigrid,40,1.822090e-02,7.639e-11,1.901e-08
openacc,0,128,rough0.02,0.020000,0.009248,1.1310,128,multigrid,40,4.811190e-02,7.639e-11,1.901e-08
cuda,0,128,rough0.02,0.020000,0.009248,1.1310,128,multigrid,40,8.905631e-03,7.639e-11,1.901e-08
fortran_omp,1,128,rough0.05,0.050000,0.024500,1.3724,2,pcg_jacobi,24,3.265800e-03,4.623e-11,5.623e-11
fortran_omp,16,128,rough0.05,0.050000,0.024500,1.3724,2,pcg_jacobi,24,6.580000e-04,4.623e-11,5.623e-11
fortran_omp,32,128,rough0.05,0.050000,0.024500,1.3724,2,pcg_jacobi,24,6.590000e-04,4.623e-11,5.623e-11
fortran_serial,1,128,rough0.05,0.050000,0.024500,1.3724,2,pcg_jacobi,24,5.400000e-04,4.623e-11,5.623e-11
openacc,0,128,rough0.05,0.050000,0.024500,1.3724,2,pcg_jacobi,24,2.196100e-03,4.623e-11,5.623e-11
cuda,0,128,rough0.05,0.050000,0.024500,1.3724,2,pcg_jacobi,24,1.066713e-03,4.623e-11,5.623e-11
fortran_omp,1,128,rough0.05,0.050000,0.024500,1.3724,2,pcg_rbgs,12,3.536900e-03,3.671e-11,4.475e-11
fortran_omp,16,128,rough0.05,0.050000,0.024500,1.3724,2,pcg_rbgs,12,5.958000e-04,3.671e-11,4.475e-11
fortran_omp,32,128,rough0.05,0.050000,0.024500,1.3724,2,pcg_rbgs,12,5.340000e-04,3.671e-11,4.475e-11
fortran_serial,1,128,rough0.05,0.050000,0.024500,1.3724,2,pcg_rbgs,12,1.777200e-03,3.671e-11,4.475e-11
openacc,0,128,rough0.05,0.050000,0.024500,1.3724,2,pcg_rbgs,12,2.119100e-03,3.671e-11,4.475e-11
cuda,0,128,rough0.05,0.050000,0.024500,1.3724,2,pcg_rbgs,12,7.403000e-04,3.671e-11,4.475e-11
fortran_omp,1,128,rough0.05,0.050000,0.024500,1.3724,2,multigrid,5,4.554900e-03,7.267e-11,1.086e-10
fortran_omp,16,128,rough0.05,0.050000,0.024500,1.3724,2,multigrid,5,6.580000e-04,7.267e-11,1.086e-10
fortran_omp,32,128,rough0.05,0.050000,0.024500,1.3724,2,multigrid,5,9.169000e-04,7.267e-11,1.086e-10
fortran_serial,1,128,rough0.05,0.050000,0.024500,1.3724,2,multigrid,5,2.407000e-03,7.267e-11,1.086e-10
openacc,0,128,rough0.05,0.050000,0.024500,1.3724,2,multigrid,5,6.291000e-03,7.267e-11,1.086e-10
cuda,0,128,rough0.05,0.050000,0.024500,1.3724,2,multigrid,5,1.129599e-03,7.267e-11,1.086e-10
fortran_omp,1,128,rough0.05,0.050000,0.024500,1.3724,8,pcg_jacobi,87,1.181190e-02,7.969e-11,1.930e-10
fortran_omp,16,128,rough0.05,0.050000,0.024500,1.3724,8,pcg_jacobi,87,2.322000e-03,7.969e-11,1.930e-10
fortran_omp,32,128,rough0.05,0.050000,0.024500,1.3724,8,pcg_jacobi,87,2.572000e-03,7.969e-11,1.930e-10
fortran_serial,1,128,rough0.05,0.050000,0.024500,1.3724,8,pcg_jacobi,87,1.942100e-03,7.969e-11,1.930e-10
openacc,0,128,rough0.05,0.050000,0.024500,1.3724,8,pcg_jacobi,87,7.921900e-03,7.969e-11,1.930e-10
cuda,0,128,rough0.05,0.050000,0.024500,1.3724,8,pcg_jacobi,87,3.799176e-03,7.969e-11,1.930e-10
fortran_omp,1,128,rough0.05,0.050000,0.024500,1.3724,8,pcg_rbgs,43,1.258010e-02,9.641e-11,2.287e-10
fortran_omp,16,128,rough0.05,0.050000,0.024500,1.3724,8,pcg_rbgs,43,2.146000e-03,9.641e-11,2.287e-10
fortran_omp,32,128,rough0.05,0.050000,0.024500,1.3724,8,pcg_rbgs,43,2.559900e-03,9.641e-11,2.287e-10
fortran_serial,1,128,rough0.05,0.050000,0.024500,1.3724,8,pcg_rbgs,43,6.014100e-03,9.641e-11,2.287e-10
openacc,0,128,rough0.05,0.050000,0.024500,1.3724,8,pcg_rbgs,43,7.416000e-03,9.641e-11,2.287e-10
cuda,0,128,rough0.05,0.050000,0.024500,1.3724,8,pcg_rbgs,43,2.594694e-03,9.641e-11,2.287e-10
fortran_omp,1,128,rough0.05,0.050000,0.024500,1.3724,8,multigrid,9,5.357100e-03,7.054e-11,1.449e-10
fortran_omp,16,128,rough0.05,0.050000,0.024500,1.3724,8,multigrid,9,1.221900e-03,7.054e-11,1.449e-10
fortran_omp,32,128,rough0.05,0.050000,0.024500,1.3724,8,multigrid,9,1.666000e-03,7.054e-11,1.449e-10
fortran_serial,1,128,rough0.05,0.050000,0.024500,1.3724,8,multigrid,9,4.117900e-03,7.054e-11,1.449e-10
openacc,0,128,rough0.05,0.050000,0.024500,1.3724,8,multigrid,9,1.097480e-02,7.054e-11,1.449e-10
cuda,0,128,rough0.05,0.050000,0.024500,1.3724,8,multigrid,9,2.014567e-03,7.054e-11,1.449e-10
fortran_omp,1,128,rough0.05,0.050000,0.024500,1.3724,32,pcg_jacobi,299,4.037910e-02,9.820e-11,2.829e-10
fortran_omp,16,128,rough0.05,0.050000,0.024500,1.3724,32,pcg_jacobi,299,8.184000e-03,9.820e-11,2.829e-10
fortran_omp,32,128,rough0.05,0.050000,0.024500,1.3724,32,pcg_jacobi,299,1.534010e-02,9.820e-11,2.829e-10
fortran_serial,1,128,rough0.05,0.050000,0.024500,1.3724,32,pcg_jacobi,299,6.535100e-03,9.820e-11,2.829e-10
openacc,0,128,rough0.05,0.050000,0.024500,1.3724,32,pcg_jacobi,299,2.580030e-02,9.820e-11,2.829e-10
cuda,0,128,rough0.05,0.050000,0.024500,1.3724,32,pcg_jacobi,299,1.295345e-02,9.820e-11,2.829e-10
fortran_omp,1,128,rough0.05,0.050000,0.024500,1.3724,32,pcg_rbgs,150,4.393880e-02,8.819e-11,2.439e-10
fortran_omp,16,128,rough0.05,0.050000,0.024500,1.3724,32,pcg_rbgs,150,6.270900e-03,8.819e-11,2.439e-10
fortran_omp,32,128,rough0.05,0.050000,0.024500,1.3724,32,pcg_rbgs,150,6.674100e-03,8.819e-11,2.439e-10
fortran_serial,1,128,rough0.05,0.050000,0.024500,1.3724,32,pcg_rbgs,150,2.143310e-02,8.819e-11,2.439e-10
openacc,0,128,rough0.05,0.050000,0.024500,1.3724,32,pcg_rbgs,150,2.579120e-02,8.819e-11,2.439e-10
cuda,0,128,rough0.05,0.050000,0.024500,1.3724,32,pcg_rbgs,150,8.871849e-03,8.819e-11,2.439e-10
fortran_omp,1,128,rough0.05,0.050000,0.024500,1.3724,32,multigrid,10,5.908100e-03,7.816e-11,1.465e-10
fortran_omp,16,128,rough0.05,0.050000,0.024500,1.3724,32,multigrid,10,1.184000e-03,7.816e-11,1.465e-10
fortran_omp,32,128,rough0.05,0.050000,0.024500,1.3724,32,multigrid,10,1.251000e-03,7.816e-11,1.465e-10
fortran_serial,1,128,rough0.05,0.050000,0.024500,1.3724,32,multigrid,10,4.540200e-03,7.816e-11,1.465e-10
openacc,0,128,rough0.05,0.050000,0.024500,1.3724,32,multigrid,10,1.233110e-02,7.816e-11,1.465e-10
cuda,0,128,rough0.05,0.050000,0.024500,1.3724,32,multigrid,10,2.238786e-03,7.816e-11,1.465e-10
fortran_omp,1,128,rough0.05,0.050000,0.024500,1.3724,128,pcg_jacobi,531,7.161190e-02,9.822e-11,1.545e-10
fortran_omp,16,128,rough0.05,0.050000,0.024500,1.3724,128,pcg_jacobi,531,1.453810e-02,9.822e-11,1.545e-10
fortran_omp,32,128,rough0.05,0.050000,0.024500,1.3724,128,pcg_jacobi,531,2.559090e-02,9.822e-11,1.545e-10
fortran_serial,1,128,rough0.05,0.050000,0.024500,1.3724,128,pcg_jacobi,531,1.198910e-02,9.822e-11,1.545e-10
openacc,0,128,rough0.05,0.050000,0.024500,1.3724,128,pcg_jacobi,531,4.679080e-02,9.822e-11,1.545e-10
cuda,0,128,rough0.05,0.050000,0.024500,1.3724,128,pcg_jacobi,531,2.299672e-02,9.822e-11,1.545e-10
fortran_omp,1,128,rough0.05,0.050000,0.024500,1.3724,128,pcg_rbgs,266,7.790090e-02,7.935e-11,1.387e-10
fortran_omp,16,128,rough0.05,0.050000,0.024500,1.3724,128,pcg_rbgs,266,1.118300e-02,7.935e-11,1.387e-10
fortran_omp,32,128,rough0.05,0.050000,0.024500,1.3724,128,pcg_rbgs,266,1.289010e-02,7.935e-11,1.387e-10
fortran_serial,1,128,rough0.05,0.050000,0.024500,1.3724,128,pcg_rbgs,266,3.802800e-02,7.935e-11,1.387e-10
openacc,0,128,rough0.05,0.050000,0.024500,1.3724,128,pcg_rbgs,266,4.537200e-02,7.935e-11,1.387e-10
cuda,0,128,rough0.05,0.050000,0.024500,1.3724,128,pcg_rbgs,266,1.571789e-02,7.935e-11,1.387e-10
fortran_omp,1,128,rough0.05,0.050000,0.024500,1.3724,128,multigrid,41,2.424000e-02,7.873e-11,1.829e-08
fortran_omp,16,128,rough0.05,0.050000,0.024500,1.3724,128,multigrid,41,5.599000e-03,7.873e-11,1.829e-08
fortran_omp,32,128,rough0.05,0.050000,0.024500,1.3724,128,multigrid,41,5.161000e-03,7.873e-11,1.829e-08
fortran_serial,1,128,rough0.05,0.050000,0.024500,1.3724,128,multigrid,41,1.850890e-02,7.873e-11,1.829e-08
openacc,0,128,rough0.05,0.050000,0.024500,1.3724,128,multigrid,41,4.926420e-02,7.873e-11,1.829e-08
cuda,0,128,rough0.05,0.050000,0.024500,1.3724,128,multigrid,41,9.124922e-03,7.873e-11,1.829e-08
fortran_omp,1,128,rough0.10,0.100000,0.054414,1.9665,2,pcg_jacobi,23,3.131800e-03,7.604e-11,9.178e-11
fortran_omp,16,128,rough0.10,0.100000,0.054414,1.9665,2,pcg_jacobi,23,6.311000e-04,7.604e-11,9.178e-11
fortran_omp,32,128,rough0.10,0.100000,0.054414,1.9665,2,pcg_jacobi,23,6.380000e-04,7.604e-11,9.178e-11
fortran_serial,1,128,rough0.10,0.100000,0.054414,1.9665,2,pcg_jacobi,23,5.081000e-04,7.604e-11,9.178e-11
openacc,0,128,rough0.10,0.100000,0.054414,1.9665,2,pcg_jacobi,23,2.121000e-03,7.604e-11,9.178e-11
cuda,0,128,rough0.10,0.100000,0.054414,1.9665,2,pcg_jacobi,23,1.028035e-03,7.604e-11,9.178e-11
fortran_omp,1,128,rough0.10,0.100000,0.054414,1.9665,2,pcg_rbgs,12,3.868100e-03,2.210e-11,2.683e-11
fortran_omp,16,128,rough0.10,0.100000,0.054414,1.9665,2,pcg_rbgs,12,6.011000e-04,2.210e-11,2.683e-11
fortran_omp,32,128,rough0.10,0.100000,0.054414,1.9665,2,pcg_rbgs,12,5.250000e-04,2.210e-11,2.683e-11
fortran_serial,1,128,rough0.10,0.100000,0.054414,1.9665,2,pcg_rbgs,12,1.708000e-03,2.210e-11,2.683e-11
openacc,0,128,rough0.10,0.100000,0.054414,1.9665,2,pcg_rbgs,12,2.116900e-03,2.210e-11,2.683e-11
cuda,0,128,rough0.10,0.100000,0.054414,1.9665,2,pcg_rbgs,12,7.392680e-04,2.210e-11,2.683e-11
fortran_omp,1,128,rough0.10,0.100000,0.054414,1.9665,2,multigrid,5,2.963000e-03,3.805e-11,5.462e-11
fortran_omp,16,128,rough0.10,0.100000,0.054414,1.9665,2,multigrid,5,6.809000e-04,3.805e-11,5.462e-11
fortran_omp,32,128,rough0.10,0.100000,0.054414,1.9665,2,multigrid,5,6.230000e-04,3.805e-11,5.462e-11
fortran_serial,1,128,rough0.10,0.100000,0.054414,1.9665,2,multigrid,5,2.258100e-03,3.805e-11,5.462e-11
openacc,0,128,rough0.10,0.100000,0.054414,1.9665,2,multigrid,5,6.285900e-03,3.805e-11,5.462e-11
cuda,0,128,rough0.10,0.100000,0.054414,1.9665,2,multigrid,5,1.128827e-03,3.805e-11,5.462e-11
fortran_omp,1,128,rough0.10,0.100000,0.054414,1.9665,8,pcg_jacobi,84,1.135000e-02,9.537e-11,2.081e-10
fortran_omp,16,128,rough0.10,0.100000,0.054414,1.9665,8,pcg_jacobi,84,2.280000e-03,9.537e-11,2.081e-10
fortran_omp,32,128,rough0.10,0.100000,0.054414,1.9665,8,pcg_jacobi,84,2.897100e-03,9.537e-11,2.081e-10
fortran_serial,1,128,rough0.10,0.100000,0.054414,1.9665,8,pcg_jacobi,84,1.803000e-03,9.537e-11,2.081e-10
openacc,0,128,rough0.10,0.100000,0.054414,1.9665,8,pcg_jacobi,84,7.448200e-03,9.537e-11,2.081e-10
cuda,0,128,rough0.10,0.100000,0.054414,1.9665,8,pcg_jacobi,84,3.671043e-03,9.537e-11,2.081e-10
fortran_omp,1,128,rough0.10,0.100000,0.054414,1.9665,8,pcg_rbgs,42,1.227810e-02,8.786e-11,1.923e-10
fortran_omp,16,128,rough0.10,0.100000,0.054414,1.9665,8,pcg_rbgs,42,1.996100e-03,8.786e-11,1.923e-10
fortran_omp,32,128,rough0.10,0.100000,0.054414,1.9665,8,pcg_rbgs,42,1.908100e-03,8.786e-11,1.923e-10
fortran_serial,1,128,rough0.10,0.100000,0.054414,1.9665,8,pcg_rbgs,42,5.951200e-03,8.786e-11,1.923e-10
openacc,0,128,rough0.10,0.100000,0.054414,1.9665,8,pcg_rbgs,42,7.262000e-03,8.786e-11,1.923e-10
cuda,0,128,rough0.10,0.100000,0.054414,1.9665,8,pcg_rbgs,42,2.529967e-03,8.786e-11,1.923e-10
fortran_omp,1,128,rough0.10,0.100000,0.054414,1.9665,8,multigrid,9,5.311000e-03,5.922e-11,1.181e-10
fortran_omp,16,128,rough0.10,0.100000,0.054414,1.9665,8,multigrid,9,1.207100e-03,5.922e-11,1.181e-10
fortran_omp,32,128,rough0.10,0.100000,0.054414,1.9665,8,multigrid,9,1.494900e-03,5.922e-11,1.181e-10
fortran_serial,1,128,rough0.10,0.100000,0.054414,1.9665,8,multigrid,9,4.111000e-03,5.922e-11,1.181e-10
openacc,0,128,rough0.10,0.100000,0.054414,1.9665,8,multigrid,9,1.114390e-02,5.922e-11,1.181e-10
cuda,0,128,rough0.10,0.100000,0.054414,1.9665,8,multigrid,9,2.013796e-03,5.922e-11,1.181e-10
fortran_omp,1,128,rough0.10,0.100000,0.054414,1.9665,32,pcg_jacobi,296,3.989380e-02,8.841e-11,3.140e-10
fortran_omp,16,128,rough0.10,0.100000,0.054414,1.9665,32,pcg_jacobi,296,8.026800e-03,8.841e-11,3.140e-10
fortran_omp,32,128,rough0.10,0.100000,0.054414,1.9665,32,pcg_jacobi,296,1.124500e-02,8.841e-11,3.140e-10
fortran_serial,1,128,rough0.10,0.100000,0.054414,1.9665,32,pcg_jacobi,296,6.654000e-03,8.841e-11,3.140e-10
openacc,0,128,rough0.10,0.100000,0.054414,1.9665,32,pcg_jacobi,296,2.667600e-02,8.841e-11,3.140e-10
cuda,0,128,rough0.10,0.100000,0.054414,1.9665,32,pcg_jacobi,296,1.281306e-02,8.841e-11,3.140e-10
fortran_omp,1,128,rough0.10,0.100000,0.054414,1.9665,32,pcg_rbgs,148,4.329400e-02,8.503e-11,3.082e-10
fortran_omp,16,128,rough0.10,0.100000,0.054414,1.9665,32,pcg_rbgs,148,6.674000e-03,8.503e-11,3.082e-10
fortran_omp,32,128,rough0.10,0.100000,0.054414,1.9665,32,pcg_rbgs,148,6.593000e-03,8.503e-11,3.082e-10
fortran_serial,1,128,rough0.10,0.100000,0.054414,1.9665,32,pcg_rbgs,148,2.069800e-02,8.503e-11,3.082e-10
openacc,0,128,rough0.10,0.100000,0.054414,1.9665,32,pcg_rbgs,148,2.500820e-02,8.503e-11,3.082e-10
cuda,0,128,rough0.10,0.100000,0.054414,1.9665,32,pcg_rbgs,148,8.790927e-03,8.503e-11,3.082e-10
fortran_omp,1,128,rough0.10,0.100000,0.054414,1.9665,32,multigrid,10,5.898900e-03,7.639e-11,1.450e-10
fortran_omp,16,128,rough0.10,0.100000,0.054414,1.9665,32,multigrid,10,1.437200e-03,7.639e-11,1.450e-10
fortran_omp,32,128,rough0.10,0.100000,0.054414,1.9665,32,multigrid,10,1.245100e-03,7.639e-11,1.450e-10
fortran_serial,1,128,rough0.10,0.100000,0.054414,1.9665,32,multigrid,10,4.493000e-03,7.639e-11,1.450e-10
openacc,0,128,rough0.10,0.100000,0.054414,1.9665,32,multigrid,10,1.242900e-02,7.639e-11,1.450e-10
cuda,0,128,rough0.10,0.100000,0.054414,1.9665,32,multigrid,10,2.238315e-03,7.639e-11,1.450e-10
fortran_omp,1,128,rough0.10,0.100000,0.054414,1.9665,128,pcg_jacobi,533,7.172830e-02,8.740e-11,1.999e-10
fortran_omp,16,128,rough0.10,0.100000,0.054414,1.9665,128,pcg_jacobi,533,1.436710e-02,8.740e-11,1.999e-10
fortran_omp,32,128,rough0.10,0.100000,0.054414,1.9665,128,pcg_jacobi,533,2.413510e-02,8.740e-11,1.999e-10
fortran_serial,1,128,rough0.10,0.100000,0.054414,1.9665,128,pcg_jacobi,533,1.262900e-02,8.740e-11,1.999e-10
openacc,0,128,rough0.10,0.100000,0.054414,1.9665,128,pcg_jacobi,533,4.724590e-02,8.740e-11,1.999e-10
cuda,0,128,rough0.10,0.100000,0.054414,1.9665,128,pcg_jacobi,533,2.302518e-02,8.740e-11,1.999e-10
fortran_omp,1,128,rough0.10,0.100000,0.054414,1.9665,128,pcg_rbgs,266,7.813790e-02,9.722e-11,2.071e-10
fortran_omp,16,128,rough0.10,0.100000,0.054414,1.9665,128,pcg_rbgs,266,1.311300e-02,9.722e-11,2.071e-10
fortran_omp,32,128,rough0.10,0.100000,0.054414,1.9665,128,pcg_rbgs,266,1.177320e-02,9.722e-11,2.071e-10
fortran_serial,1,128,rough0.10,0.100000,0.054414,1.9665,128,pcg_rbgs,266,3.860900e-02,9.722e-11,2.071e-10
openacc,0,128,rough0.10,0.100000,0.054414,1.9665,128,pcg_rbgs,266,4.562900e-02,9.722e-11,2.071e-10
cuda,0,128,rough0.10,0.100000,0.054414,1.9665,128,pcg_rbgs,266,1.573756e-02,9.722e-11,2.071e-10
fortran_omp,1,128,rough0.10,0.100000,0.054414,1.9665,128,multigrid,40,2.349120e-02,7.568e-11,1.570e-08
fortran_omp,16,128,rough0.10,0.100000,0.054414,1.9665,128,multigrid,40,5.459100e-03,7.568e-11,1.570e-08
fortran_omp,32,128,rough0.10,0.100000,0.054414,1.9665,128,multigrid,40,5.151000e-03,7.568e-11,1.570e-08
fortran_serial,1,128,rough0.10,0.100000,0.054414,1.9665,128,multigrid,40,1.826000e-02,7.568e-11,1.570e-08
openacc,0,128,rough0.10,0.100000,0.054414,1.9665,128,multigrid,40,4.771680e-02,7.568e-11,1.570e-08
cuda,0,128,rough0.10,0.100000,0.054414,1.9665,128,multigrid,40,8.907825e-03,7.568e-11,1.570e-08
fortran_omp,1,128,rough0.20,0.200000,0.162596,5.7723,2,pcg_jacobi,23,3.139000e-03,3.813e-11,4.493e-11
fortran_omp,16,128,rough0.20,0.200000,0.162596,5.7723,2,pcg_jacobi,23,6.430000e-04,3.813e-11,4.493e-11
fortran_omp,32,128,rough0.20,0.200000,0.162596,5.7723,2,pcg_jacobi,23,8.130000e-04,3.813e-11,4.493e-11
fortran_serial,1,128,rough0.20,0.200000,0.162596,5.7723,2,pcg_jacobi,23,5.329000e-04,3.813e-11,4.493e-11
openacc,0,128,rough0.20,0.200000,0.162596,5.7723,2,pcg_jacobi,23,2.117000e-03,3.813e-11,4.493e-11
cuda,0,128,rough0.20,0.200000,0.162596,5.7723,2,pcg_jacobi,23,1.033183e-03,3.813e-11,4.493e-11
fortran_omp,1,128,rough0.20,0.200000,0.162596,5.7723,2,pcg_rbgs,11,5.192900e-03,8.548e-11,1.006e-10
fortran_omp,16,128,rough0.20,0.200000,0.162596,5.7723,2,pcg_rbgs,11,5.610000e-04,8.548e-11,1.006e-10
fortran_omp,32,128,rough0.20,0.200000,0.162596,5.7723,2,pcg_rbgs,11,7.229000e-04,8.548e-11,1.006e-10
fortran_serial,1,128,rough0.20,0.200000,0.162596,5.7723,2,pcg_rbgs,11,1.552800e-03,8.548e-11,1.006e-10
openacc,0,128,rough0.20,0.200000,0.162596,5.7723,2,pcg_rbgs,11,1.940900e-03,8.548e-11,1.006e-10
cuda,0,128,rough0.20,0.200000,0.162596,5.7723,2,pcg_rbgs,11,6.795080e-04,8.548e-11,1.006e-10
fortran_omp,1,128,rough0.20,0.200000,0.162596,5.7723,2,multigrid,5,2.957100e-03,1.639e-11,2.168e-11
fortran_omp,16,128,rough0.20,0.200000,0.162596,5.7723,2,multigrid,5,7.021000e-04,1.639e-11,2.168e-11
fortran_omp,32,128,rough0.20,0.200000,0.162596,5.7723,2,multigrid,5,6.120000e-04,1.639e-11,2.168e-11
fortran_serial,1,128,rough0.20,0.200000,0.162596,5.7723,2,multigrid,5,2.425900e-03,1.639e-11,2.168e-11
openacc,0,128,rough0.20,0.200000,0.162596,5.7723,2,multigrid,5,6.439000e-03,1.639e-11,2.168e-11
cuda,0,128,rough0.20,0.200000,0.162596,5.7723,2,multigrid,5,1.134256e-03,1.639e-11,2.168e-11
fortran_omp,1,128,rough0.20,0.200000,0.162596,5.7723,8,pcg_jacobi,81,1.097100e-02,8.763e-11,1.987e-10
fortran_omp,16,128,rough0.20,0.200000,0.162596,5.7723,8,pcg_jacobi,81,2.201100e-03,8.763e-11,1.987e-10
fortran_omp,32,128,rough0.20,0.200000,0.162596,5.7723,8,pcg_jacobi,81,2.884100e-03,8.763e-11,1.987e-10
fortran_serial,1,128,rough0.20,0.200000,0.162596,5.7723,8,pcg_jacobi,81,1.781000e-03,8.763e-11,1.987e-10
openacc,0,128,rough0.20,0.200000,0.162596,5.7723,8,pcg_jacobi,81,7.373100e-03,8.763e-11,1.987e-10
cuda,0,128,rough0.20,0.200000,0.162596,5.7723,8,pcg_jacobi,81,3.581798e-03,8.763e-11,1.987e-10
fortran_omp,1,128,rough0.20,0.200000,0.162596,5.7723,8,pcg_rbgs,41,1.197500e-02,6.236e-11,1.390e-10
fortran_omp,16,128,rough0.20,0.200000,0.162596,5.7723,8,pcg_rbgs,41,1.963900e-03,6.236e-11,1.390e-10
fortran_omp,32,128,rough0.20,0.200000,0.162596,5.7723,8,pcg_rbgs,41,1.796000e-03,6.236e-11,1.390e-10
fortran_serial,1,128,rough0.20,0.200000,0.162596,5.7723,8,pcg_rbgs,41,5.789100e-03,6.236e-11,1.390e-10
openacc,0,128,rough0.20,0.200000,0.162596,5.7723,8,pcg_rbgs,41,7.061000e-03,6.236e-11,1.390e-10
cuda,0,128,rough0.20,0.200000,0.162596,5.7723,8,pcg_rbgs,41,2.466622e-03,6.236e-11,1.390e-10
fortran_omp,1,128,rough0.20,0.200000,0.162596,5.7723,8,multigrid,9,5.286000e-03,4.390e-11,8.118e-11
fortran_omp,16,128,rough0.20,0.200000,0.162596,5.7723,8,multigrid,9,1.198100e-03,4.390e-11,8.118e-11
fortran_omp,32,128,rough0.20,0.200000,0.162596,5.7723,8,multigrid,9,1.652000e-03,4.390e-11,8.118e-11
fortran_serial,1,128,rough0.20,0.200000,0.162596,5.7723,8,multigrid,9,4.404000e-03,4.390e-11,8.118e-11
openacc,0,128,rough0.20,0.200000,0.162596,5.7723,8,multigrid,9,1.109000e-02,4.390e-11,8.118e-11
cuda,0,128,rough0.20,0.200000,0.162596,5.7723,8,multigrid,9,2.017742e-03,4.390e-11,8.118e-11
fortran_omp,1,128,rough0.20,0.200000,0.162596,5.7723,32,pcg_jacobi,283,3.821300e-02,9.886e-11,3.718e-10
fortran_omp,16,128,rough0.20,0.200000,0.162596,5.7723,32,pcg_jacobi,283,7.660200e-03,9.886e-11,3.718e-10
fortran_omp,32,128,rough0.20,0.200000,0.162596,5.7723,32,pcg_jacobi,283,9.340000e-03,9.886e-11,3.718e-10
fortran_serial,1,128,rough0.20,0.200000,0.162596,5.7723,32,pcg_jacobi,283,6.349000e-03,9.886e-11,3.718e-10
openacc,0,128,rough0.20,0.200000,0.162596,5.7723,32,pcg_jacobi,283,2.536710e-02,9.886e-11,3.718e-10
cuda,0,128,rough0.20,0.200000,0.162596,5.7723,32,pcg_jacobi,283,1.228245e-02,9.886e-11,3.718e-10
fortran_omp,1,128,rough0.20,0.200000,0.162596,5.7723,32,pcg_rbgs,142,4.147100e-02,8.539e-11,3.382e-10
fortran_omp,16,128,rough0.20,0.200000,0.162596,5.7723,32,pcg_rbgs,142,6.913200e-03,8.539e-11,3.382e-10
fortran_omp,32,128,rough0.20,0.200000,0.162596,5.7723,32,pcg_rbgs,142,6.593000e-03,8.539e-11,3.382e-10
fortran_serial,1,128,rough0.20,0.200000,0.162596,5.7723,32,pcg_rbgs,142,2.025910e-02,8.539e-11,3.382e-10
openacc,0,128,rough0.20,0.200000,0.162596,5.7723,32,pcg_rbgs,142,2.380710e-02,8.539e-11,3.382e-10
cuda,0,128,rough0.20,0.200000,0.162596,5.7723,32,pcg_rbgs,142,8.393506e-03,8.539e-11,3.382e-10
fortran_omp,1,128,rough0.20,0.200000,0.162596,5.7723,32,multigrid,10,5.894000e-03,7.399e-11,1.429e-10
fortran_omp,16,128,rough0.20,0.200000,0.162596,5.7723,32,multigrid,10,1.360200e-03,7.399e-11,1.429e-10
fortran_omp,32,128,rough0.20,0.200000,0.162596,5.7723,32,multigrid,10,1.240000e-03,7.399e-11,1.429e-10
fortran_serial,1,128,rough0.20,0.200000,0.162596,5.7723,32,multigrid,10,4.536100e-03,7.399e-11,1.429e-10
openacc,0,128,rough0.20,0.200000,0.162596,5.7723,32,multigrid,10,1.218920e-02,7.399e-11,1.429e-10
cuda,0,128,rough0.20,0.200000,0.162596,5.7723,32,multigrid,10,2.237194e-03,7.399e-11,1.429e-10
fortran_omp,1,128,rough0.20,0.200000,0.162596,5.7723,128,pcg_jacobi,561,7.541920e-02,9.690e-11,2.988e-10
fortran_omp,16,128,rough0.20,0.200000,0.162596,5.7723,128,pcg_jacobi,561,1.470000e-02,9.690e-11,2.988e-10
fortran_omp,32,128,rough0.20,0.200000,0.162596,5.7723,128,pcg_jacobi,561,1.509120e-02,9.690e-11,2.988e-10
fortran_serial,1,128,rough0.20,0.200000,0.162596,5.7723,128,pcg_jacobi,561,1.250390e-02,9.690e-11,2.988e-10
openacc,0,128,rough0.20,0.200000,0.162596,5.7723,128,pcg_jacobi,561,4.933000e-02,9.690e-11,2.988e-10
cuda,0,128,rough0.20,0.200000,0.162596,5.7723,128,pcg_jacobi,561,2.430631e-02,9.690e-11,2.988e-10
fortran_omp,1,128,rough0.20,0.200000,0.162596,5.7723,128,pcg_rbgs,281,8.273010e-02,8.714e-11,2.764e-10
fortran_omp,16,128,rough0.20,0.200000,0.162596,5.7723,128,pcg_rbgs,281,1.168110e-02,8.714e-11,2.764e-10
fortran_omp,32,128,rough0.20,0.200000,0.162596,5.7723,128,pcg_rbgs,281,1.252820e-02,8.714e-11,2.764e-10
fortran_serial,1,128,rough0.20,0.200000,0.162596,5.7723,128,pcg_rbgs,281,3.937200e-02,8.714e-11,2.764e-10
openacc,0,128,rough0.20,0.200000,0.162596,5.7723,128,pcg_rbgs,281,4.765700e-02,8.714e-11,2.764e-10
cuda,0,128,rough0.20,0.200000,0.162596,5.7723,128,pcg_rbgs,281,1.667174e-02,8.714e-11,2.764e-10
fortran_omp,1,128,rough0.20,0.200000,0.162596,5.7723,128,multigrid,36,2.108100e-02,9.158e-11,1.504e-08
fortran_omp,16,128,rough0.20,0.200000,0.162596,5.7723,128,multigrid,36,4.776000e-03,9.158e-11,1.504e-08
fortran_omp,32,128,rough0.20,0.200000,0.162596,5.7723,128,multigrid,36,4.632000e-03,9.158e-11,1.504e-08
fortran_serial,1,128,rough0.20,0.200000,0.162596,5.7723,128,multigrid,36,1.617720e-02,9.158e-11,1.504e-08
openacc,0,128,rough0.20,0.200000,0.162596,5.7723,128,multigrid,36,4.328520e-02,9.158e-11,1.504e-08
cuda,0,128,rough0.20,0.200000,0.162596,5.7723,128,multigrid,36,8.017678e-03,9.158e-11,1.504e-08
fortran_omp,1,128,rough0.40,0.388223,0.639219,19.3174,2,pcg_jacobi,22,2.998800e-03,4.650e-11,5.040e-11
fortran_omp,16,128,rough0.40,0.388223,0.639219,19.3174,2,pcg_jacobi,22,5.929000e-04,4.650e-11,5.040e-11
fortran_omp,32,128,rough0.40,0.388223,0.639219,19.3174,2,pcg_jacobi,22,6.030000e-04,4.650e-11,5.040e-11
fortran_serial,1,128,rough0.40,0.388223,0.639219,19.3174,2,pcg_jacobi,22,4.730000e-04,4.650e-11,5.040e-11
openacc,0,128,rough0.40,0.388223,0.639219,19.3174,2,pcg_jacobi,22,2.021100e-03,4.650e-11,5.040e-11
cuda,0,128,rough0.40,0.388223,0.639219,19.3174,2,pcg_jacobi,22,9.890760e-04,4.650e-11,5.040e-11
fortran_omp,1,128,rough0.40,0.388223,0.639219,19.3174,2,pcg_rbgs,11,3.246800e-03,3.768e-11,4.062e-11
fortran_omp,16,128,rough0.40,0.388223,0.639219,19.3174,2,pcg_rbgs,11,5.560000e-04,3.768e-11,4.062e-11
fortran_omp,32,128,rough0.40,0.388223,0.639219,19.3174,2,pcg_rbgs,11,6.959000e-04,3.768e-11,4.062e-11
fortran_serial,1,128,rough0.40,0.388223,0.639219,19.3174,2,pcg_rbgs,11,1.535200e-03,3.768e-11,4.062e-11
openacc,0,128,rough0.40,0.388223,0.639219,19.3174,2,pcg_rbgs,11,1.939000e-03,3.768e-11,4.062e-11
cuda,0,128,rough0.40,0.388223,0.639219,19.3174,2,pcg_rbgs,11,6.797680e-04,3.768e-11,4.062e-11
fortran_omp,1,128,rough0.40,0.388223,0.639219,19.3174,2,multigrid,5,2.961900e-03,6.864e-12,7.813e-12
fortran_omp,16,128,rough0.40,0.388223,0.639219,19.3174,2,multigrid,5,6.890000e-04,6.864e-12,7.813e-12
fortran_omp,32,128,rough0.40,0.388223,0.639219,19.3174,2,multigrid,5,9.119000e-04,6.864e-12,7.813e-12
fortran_serial,1,128,rough0.40,0.388223,0.639219,19.3174,2,multigrid,5,2.288800e-03,6.864e-12,7.813e-12
openacc,0,128,rough0.40,0.388223,0.639219,19.3174,2,multigrid,5,6.317100e-03,6.864e-12,7.813e-12
cuda,0,128,rough0.40,0.388223,0.639219,19.3174,2,multigrid,5,1.133174e-03,6.864e-12,7.813e-12
fortran_omp,1,128,rough0.40,0.388223,0.639219,19.3174,8,pcg_jacobi,77,1.040410e-02,8.422e-11,1.467e-10
fortran_omp,16,128,rough0.40,0.388223,0.639219,19.3174,8,pcg_jacobi,77,2.038000e-03,8.422e-11,1.467e-10
fortran_omp,32,128,rough0.40,0.388223,0.639219,19.3174,8,pcg_jacobi,77,2.073100e-03,8.422e-11,1.467e-10
fortran_serial,1,128,rough0.40,0.388223,0.639219,19.3174,8,pcg_jacobi,77,1.692000e-03,8.422e-11,1.467e-10
openacc,0,128,rough0.40,0.388223,0.639219,19.3174,8,pcg_jacobi,77,7.017900e-03,8.422e-11,1.467e-10
cuda,0,128,rough0.40,0.388223,0.639219,19.3174,8,pcg_jacobi,77,3.402597e-03,8.422e-11,1.467e-10
fortran_omp,1,128,rough0.40,0.388223,0.639219,19.3174,8,pcg_rbgs,39,1.141690e-02,5.613e-11,9.825e-11
fortran_omp,16,128,rough0.40,0.388223,0.639219,19.3174,8,pcg_rbgs,39,1.627900e-03,5.613e-11,9.825e-11
fortran_omp,32,128,rough0.40,0.388223,0.639219,19.3174,8,pcg_rbgs,39,1.753100e-03,5.613e-11,9.825e-11
fortran_serial,1,128,rough0.40,0.388223,0.639219,19.3174,8,pcg_rbgs,39,5.634800e-03,5.613e-11,9.825e-11
openacc,0,128,rough0.40,0.388223,0.639219,19.3174,8,pcg_rbgs,39,6.777100e-03,5.613e-11,9.825e-11
cuda,0,128,rough0.40,0.388223,0.639219,19.3174,8,pcg_rbgs,39,2.329544e-03,5.613e-11,9.825e-11
fortran_omp,1,128,rough0.40,0.388223,0.639219,19.3174,8,multigrid,9,5.290900e-03,2.885e-11,4.034e-11
fortran_omp,16,128,rough0.40,0.388223,0.639219,19.3174,8,multigrid,9,1.272000e-03,2.885e-11,4.034e-11
fortran_omp,32,128,rough0.40,0.388223,0.639219,19.3174,8,multigrid,9,1.147000e-03,2.885e-11,4.034e-11
fortran_serial,1,128,rough0.40,0.388223,0.639219,19.3174,8,multigrid,9,4.086100e-03,2.885e-11,4.034e-11
openacc,0,128,rough0.40,0.388223,0.639219,19.3174,8,multigrid,9,1.092910e-02,2.885e-11,4.034e-11
cuda,0,128,rough0.40,0.388223,0.639219,19.3174,8,multigrid,9,2.017802e-03,2.885e-11,4.034e-11
fortran_omp,1,128,rough0.40,0.388223,0.639219,19.3174,32,pcg_jacobi,266,3.580620e-02,9.734e-11,3.429e-10
fortran_omp,16,128,rough0.40,0.388223,0.639219,19.3174,32,pcg_jacobi,266,7.357800e-03,9.734e-11,3.429e-10
fortran_omp,32,128,rough0.40,0.388223,0.639219,19.3174,32,pcg_jacobi,266,9.499000e-03,9.734e-11,3.429e-10
fortran_serial,1,128,rough0.40,0.388223,0.639219,19.3174,32,pcg_jacobi,266,5.795000e-03,9.734e-11,3.429e-10
openacc,0,128,rough0.40,0.388223,0.639219,19.3174,32,pcg_jacobi,266,2.397300e-02,9.734e-11,3.429e-10
cuda,0,128,rough0.40,0.388223,0.639219,19.3174,32,pcg_jacobi,266,1.151863e-02,9.734e-11,3.429e-10
fortran_omp,1,128,rough0.40,0.388223,0.639219,19.3174,32,pcg_rbgs,133,3.885700e-02,9.477e-11,3.348e-10
fortran_omp,16,128,rough0.40,0.388223,0.639219,19.3174,32,pcg_rbgs,133,7.325900e-03,9.477e-11,3.348e-10
fortran_omp,32,128,rough0.40,0.388223,0.639219,19.3174,32,pcg_rbgs,133,5.928100e-03,9.477e-11,3.348e-10
fortran_serial,1,128,rough0.40,0.388223,0.639219,19.3174,32,pcg_rbgs,133,1.896400e-02,9.477e-11,3.348e-10
openacc,0,128,rough0.40,0.388223,0.639219,19.3174,32,pcg_rbgs,133,2.278300e-02,9.477e-11,3.348e-10
cuda,0,128,rough0.40,0.388223,0.639219,19.3174,32,pcg_rbgs,133,7.926720e-03,9.477e-11,3.348e-10
fortran_omp,1,128,rough0.40,0.388223,0.639219,19.3174,32,multigrid,10,5.906100e-03,7.392e-11,1.308e-10
fortran_omp,16,128,rough0.40,0.388223,0.639219,19.3174,32,multigrid,10,1.373000e-03,7.392e-11,1.308e-10
fortran_omp,32,128,rough0.40,0.388223,0.639219,19.3174,32,multigrid,10,1.816900e-03,7.392e-11,1.308e-10
fortran_serial,1,128,rough0.40,0.388223,0.639219,19.3174,32,multigrid,10,4.542100e-03,7.392e-11,1.308e-10
openacc,0,128,rough0.40,0.388223,0.639219,19.3174,32,multigrid,10,1.214000e-02,7.392e-11,1.308e-10
cuda,0,128,rough0.40,0.388223,0.639219,19.3174,32,multigrid,10,2.232758e-03,7.392e-11,1.308e-10
fortran_omp,1,128,rough0.40,0.388223,0.639219,19.3174,128,pcg_jacobi,569,7.688590e-02,9.578e-11,1.546e-10
fortran_omp,16,128,rough0.40,0.388223,0.639219,19.3174,128,pcg_jacobi,569,1.497100e-02,9.578e-11,1.546e-10
fortran_omp,32,128,rough0.40,0.388223,0.639219,19.3174,128,pcg_jacobi,569,2.573610e-02,9.578e-11,1.546e-10
fortran_serial,1,128,rough0.40,0.388223,0.639219,19.3174,128,pcg_jacobi,569,1.242210e-02,9.578e-11,1.546e-10
openacc,0,128,rough0.40,0.388223,0.639219,19.3174,128,pcg_jacobi,569,5.010290e-02,9.578e-11,1.546e-10
cuda,0,128,rough0.40,0.388223,0.639219,19.3174,128,pcg_jacobi,569,2.461549e-02,9.578e-11,1.546e-10
fortran_omp,1,128,rough0.40,0.388223,0.639219,19.3174,128,pcg_rbgs,285,8.313800e-02,8.575e-11,1.405e-10
fortran_omp,16,128,rough0.40,0.388223,0.639219,19.3174,128,pcg_rbgs,285,1.193500e-02,8.575e-11,1.405e-10
fortran_omp,32,128,rough0.40,0.388223,0.639219,19.3174,128,pcg_rbgs,285,2.225400e-02,8.575e-11,1.405e-10
fortran_serial,1,128,rough0.40,0.388223,0.639219,19.3174,128,pcg_rbgs,285,3.995010e-02,8.575e-11,1.405e-10
openacc,0,128,rough0.40,0.388223,0.639219,19.3174,128,pcg_rbgs,285,4.850100e-02,8.575e-11,1.405e-10
cuda,0,128,rough0.40,0.388223,0.639219,19.3174,128,pcg_rbgs,285,1.684860e-02,8.575e-11,1.405e-10
fortran_omp,1,128,rough0.40,0.388223,0.639219,19.3174,128,multigrid,31,1.824190e-02,6.768e-11,6.112e-09
fortran_omp,16,128,rough0.40,0.388223,0.639219,19.3174,128,multigrid,31,3.678100e-03,6.768e-11,6.112e-09
fortran_omp,32,128,rough0.40,0.388223,0.639219,19.3174,128,multigrid,31,4.018000e-03,6.768e-11,6.112e-09
fortran_serial,1,128,rough0.40,0.388223,0.639219,19.3174,128,multigrid,31,1.421280e-02,6.768e-11,6.112e-09
openacc,0,128,rough0.40,0.388223,0.639219,19.3174,128,multigrid,31,3.797600e-02,6.768e-11,6.112e-09
cuda,0,128,rough0.40,0.388223,0.639219,19.3174,128,multigrid,31,6.899346e-03,6.768e-11,6.112e-09
fortran_omp,1,128,seamount,0.112374,0.106837,9.7331,2,pcg_jacobi,24,3.289900e-03,9.219e-11,1.119e-10
fortran_omp,16,128,seamount,0.112374,0.106837,9.7331,2,pcg_jacobi,24,6.409000e-04,9.219e-11,1.119e-10
fortran_omp,32,128,seamount,0.112374,0.106837,9.7331,2,pcg_jacobi,24,6.458000e-04,9.219e-11,1.119e-10
fortran_serial,1,128,seamount,0.112374,0.106837,9.7331,2,pcg_jacobi,24,5.569000e-04,9.219e-11,1.119e-10
openacc,0,128,seamount,0.112374,0.106837,9.7331,2,pcg_jacobi,24,2.214900e-03,9.219e-11,1.119e-10
cuda,0,128,seamount,0.112374,0.106837,9.7331,2,pcg_jacobi,24,1.071691e-03,9.219e-11,1.119e-10
fortran_omp,1,128,seamount,0.112374,0.106837,9.7331,2,pcg_rbgs,12,3.540000e-03,7.340e-11,8.942e-11
fortran_omp,16,128,seamount,0.112374,0.106837,9.7331,2,pcg_rbgs,12,5.929000e-04,7.340e-11,8.942e-11
fortran_omp,32,128,seamount,0.112374,0.106837,9.7331,2,pcg_rbgs,12,5.219000e-04,7.340e-11,8.942e-11
fortran_serial,1,128,seamount,0.112374,0.106837,9.7331,2,pcg_rbgs,12,1.673900e-03,7.340e-11,8.942e-11
openacc,0,128,seamount,0.112374,0.106837,9.7331,2,pcg_rbgs,12,2.116000e-03,7.340e-11,8.942e-11
cuda,0,128,seamount,0.112374,0.106837,9.7331,2,pcg_rbgs,12,7.436750e-04,7.340e-11,8.942e-11
fortran_omp,1,128,seamount,0.112374,0.106837,9.7331,2,multigrid,6,3.552000e-03,2.472e-12,3.740e-12
fortran_omp,16,128,seamount,0.112374,0.106837,9.7331,2,multigrid,6,8.399000e-04,2.472e-12,3.740e-12
fortran_omp,32,128,seamount,0.112374,0.106837,9.7331,2,multigrid,6,7.431000e-04,2.472e-12,3.740e-12
fortran_serial,1,128,seamount,0.112374,0.106837,9.7331,2,multigrid,6,2.729200e-03,2.472e-12,3.740e-12
openacc,0,128,seamount,0.112374,0.106837,9.7331,2,multigrid,6,7.504900e-03,2.472e-12,3.740e-12
cuda,0,128,seamount,0.112374,0.106837,9.7331,2,multigrid,6,1.350522e-03,2.472e-12,3.740e-12
fortran_omp,1,128,seamount,0.112374,0.106837,9.7331,8,pcg_jacobi,90,1.218390e-02,9.250e-11,2.337e-10
fortran_omp,16,128,seamount,0.112374,0.106837,9.7331,8,pcg_jacobi,90,2.413000e-03,9.250e-11,2.337e-10
fortran_omp,32,128,seamount,0.112374,0.106837,9.7331,8,pcg_jacobi,90,2.493200e-03,9.250e-11,2.337e-10
fortran_serial,1,128,seamount,0.112374,0.106837,9.7331,8,pcg_jacobi,90,1.997900e-03,9.250e-11,2.337e-10
openacc,0,128,seamount,0.112374,0.106837,9.7331,8,pcg_jacobi,90,8.168000e-03,9.250e-11,2.337e-10
cuda,0,128,seamount,0.112374,0.106837,9.7331,8,pcg_jacobi,90,3.929724e-03,9.250e-11,2.337e-10
fortran_omp,1,128,seamount,0.112374,0.106837,9.7331,8,pcg_rbgs,45,1.317280e-02,8.718e-11,2.198e-10
fortran_omp,16,128,seamount,0.112374,0.106837,9.7331,8,pcg_rbgs,45,2.216200e-03,8.718e-11,2.198e-10
fortran_omp,32,128,seamount,0.112374,0.106837,9.7331,8,pcg_rbgs,45,1.975000e-03,8.718e-11,2.198e-10
fortran_serial,1,128,seamount,0.112374,0.106837,9.7331,8,pcg_rbgs,45,6.340900e-03,8.718e-11,2.198e-10
openacc,0,128,seamount,0.112374,0.106837,9.7331,8,pcg_rbgs,45,7.798000e-03,8.718e-11,2.198e-10
cuda,0,128,seamount,0.112374,0.106837,9.7331,8,pcg_rbgs,45,2.682778e-03,8.718e-11,2.198e-10
fortran_omp,1,128,seamount,0.112374,0.106837,9.7331,8,multigrid,9,5.295900e-03,8.072e-11,1.614e-10
fortran_omp,16,128,seamount,0.112374,0.106837,9.7331,8,multigrid,9,1.226000e-03,8.072e-11,1.614e-10
fortran_omp,32,128,seamount,0.112374,0.106837,9.7331,8,multigrid,9,1.129200e-03,8.072e-11,1.614e-10
fortran_serial,1,128,seamount,0.112374,0.106837,9.7331,8,multigrid,9,4.066000e-03,8.072e-11,1.614e-10
openacc,0,128,seamount,0.112374,0.106837,9.7331,8,multigrid,9,1.122910e-02,8.072e-11,1.614e-10
cuda,0,128,seamount,0.112374,0.106837,9.7331,8,multigrid,9,2.016120e-03,8.072e-11,1.614e-10
fortran_omp,1,128,seamount,0.112374,0.106837,9.7331,32,pcg_jacobi,308,4.148010e-02,9.276e-11,2.830e-10
fortran_omp,16,128,seamount,0.112374,0.106837,9.7331,32,pcg_jacobi,308,8.248800e-03,9.276e-11,2.830e-10
fortran_omp,32,128,seamount,0.112374,0.106837,9.7331,32,pcg_jacobi,308,1.160500e-02,9.276e-11,2.830e-10
fortran_serial,1,128,seamount,0.112374,0.106837,9.7331,32,pcg_jacobi,308,6.754800e-03,9.276e-11,2.830e-10
openacc,0,128,seamount,0.112374,0.106837,9.7331,32,pcg_jacobi,308,2.757000e-02,9.276e-11,2.830e-10
cuda,0,128,seamount,0.112374,0.106837,9.7331,32,pcg_jacobi,308,1.332717e-02,9.276e-11,2.830e-10
fortran_omp,1,128,seamount,0.112374,0.106837,9.7331,32,pcg_rbgs,154,4.488510e-02,9.116e-11,2.759e-10
fortran_omp,16,128,seamount,0.112374,0.106837,9.7331,32,pcg_rbgs,154,6.415900e-03,9.116e-11,2.759e-10
fortran_omp,32,128,seamount,0.112374,0.106837,9.7331,32,pcg_rbgs,154,6.860000e-03,9.116e-11,2.759e-10
fortran_serial,1,128,seamount,0.112374,0.106837,9.7331,32,pcg_rbgs,154,2.205800e-02,9.116e-11,2.759e-10
openacc,0,128,seamount,0.112374,0.106837,9.7331,32,pcg_rbgs,154,2.605080e-02,9.116e-11,2.759e-10
cuda,0,128,seamount,0.112374,0.106837,9.7331,32,pcg_rbgs,154,9.191052e-03,9.116e-11,2.759e-10
fortran_omp,1,128,seamount,0.112374,0.106837,9.7331,32,multigrid,10,5.889000e-03,7.999e-11,1.504e-10
fortran_omp,16,128,seamount,0.112374,0.106837,9.7331,32,multigrid,10,1.282900e-03,7.999e-11,1.504e-10
fortran_omp,32,128,seamount,0.112374,0.106837,9.7331,32,multigrid,10,1.237900e-03,7.999e-11,1.504e-10
fortran_serial,1,128,seamount,0.112374,0.106837,9.7331,32,multigrid,10,4.529900e-03,7.999e-11,1.504e-10
openacc,0,128,seamount,0.112374,0.106837,9.7331,32,multigrid,10,1.212190e-02,7.999e-11,1.504e-10
cuda,0,128,seamount,0.112374,0.106837,9.7331,32,multigrid,10,2.236994e-03,7.999e-11,1.504e-10
fortran_omp,1,128,seamount,0.112374,0.106837,9.7331,128,pcg_jacobi,517,6.962300e-02,9.643e-11,2.101e-10
fortran_omp,16,128,seamount,0.112374,0.106837,9.7331,128,pcg_jacobi,517,1.409290e-02,9.643e-11,2.101e-10
fortran_omp,32,128,seamount,0.112374,0.106837,9.7331,128,pcg_jacobi,517,2.943800e-02,9.643e-11,2.101e-10
fortran_serial,1,128,seamount,0.112374,0.106837,9.7331,128,pcg_jacobi,517,1.188800e-02,9.643e-11,2.101e-10
openacc,0,128,seamount,0.112374,0.106837,9.7331,128,pcg_jacobi,517,4.538920e-02,9.643e-11,2.101e-10
cuda,0,128,seamount,0.112374,0.106837,9.7331,128,pcg_jacobi,517,2.235945e-02,9.643e-11,2.101e-10
fortran_omp,1,128,seamount,0.112374,0.106837,9.7331,128,pcg_rbgs,259,7.566790e-02,8.434e-11,1.969e-10
fortran_omp,16,128,seamount,0.112374,0.106837,9.7331,128,pcg_rbgs,259,1.093480e-02,8.434e-11,1.969e-10
fortran_omp,32,128,seamount,0.112374,0.106837,9.7331,128,pcg_rbgs,259,2.434920e-02,8.434e-11,1.969e-10
fortran_serial,1,128,seamount,0.112374,0.106837,9.7331,128,pcg_rbgs,259,3.704700e-02,8.434e-11,1.969e-10
openacc,0,128,seamount,0.112374,0.106837,9.7331,128,pcg_rbgs,259,4.388000e-02,8.434e-11,1.969e-10
cuda,0,128,seamount,0.112374,0.106837,9.7331,128,pcg_rbgs,259,1.534140e-02,8.434e-11,1.969e-10
fortran_omp,1,128,seamount,0.112374,0.106837,9.7331,128,multigrid,52,3.067010e-02,9.681e-11,2.292e-08
fortran_omp,16,128,seamount,0.112374,0.106837,9.7331,128,multigrid,52,6.239000e-03,9.681e-11,2.292e-08
fortran_omp,32,128,seamount,0.112374,0.106837,9.7331,128,multigrid,52,6.796900e-03,9.681e-11,2.292e-08
fortran_serial,1,128,seamount,0.112374,0.106837,9.7331,128,multigrid,52,2.332990e-02,9.681e-11,2.292e-08
openacc,0,128,seamount,0.112374,0.106837,9.7331,128,multigrid,52,6.207990e-02,9.681e-11,2.292e-08
cuda,0,128,seamount,0.112374,0.106837,9.7331,128,multigrid,52,1.157022e-02,9.681e-11,2.292e-08
fortran_omp,1,128,ridge,0.328159,0.107720,9.8646,2,pcg_jacobi,24,3.269200e-03,8.450e-11,9.665e-11
fortran_omp,16,128,ridge,0.328159,0.107720,9.8646,2,pcg_jacobi,24,6.299000e-04,8.450e-11,9.665e-11
fortran_omp,32,128,ridge,0.328159,0.107720,9.8646,2,pcg_jacobi,24,6.590000e-04,8.450e-11,9.665e-11
fortran_serial,1,128,ridge,0.328159,0.107720,9.8646,2,pcg_jacobi,24,5.529000e-04,8.450e-11,9.665e-11
openacc,0,128,ridge,0.328159,0.107720,9.8646,2,pcg_jacobi,24,2.213000e-03,8.450e-11,9.665e-11
cuda,0,128,ridge,0.328159,0.107720,9.8646,2,pcg_jacobi,24,1.069968e-03,8.450e-11,9.665e-11
fortran_omp,1,128,ridge,0.328159,0.107720,9.8646,2,pcg_rbgs,12,3.545100e-03,6.751e-11,7.711e-11
fortran_omp,16,128,ridge,0.328159,0.107720,9.8646,2,pcg_rbgs,12,5.961000e-04,6.751e-11,7.711e-11
fortran_omp,32,128,ridge,0.328159,0.107720,9.8646,2,pcg_rbgs,12,5.440000e-04,6.751e-11,7.711e-11
fortran_serial,1,128,ridge,0.328159,0.107720,9.8646,2,pcg_rbgs,12,1.666100e-03,6.751e-11,7.711e-11
openacc,0,128,ridge,0.328159,0.107720,9.8646,2,pcg_rbgs,12,2.106900e-03,6.751e-11,7.711e-11
cuda,0,128,ridge,0.328159,0.107720,9.8646,2,pcg_rbgs,12,7.390380e-04,6.751e-11,7.711e-11
fortran_omp,1,128,ridge,0.328159,0.107720,9.8646,2,multigrid,6,3.542000e-03,2.115e-12,2.824e-12
fortran_omp,16,128,ridge,0.328159,0.107720,9.8646,2,multigrid,6,8.139000e-04,2.115e-12,2.824e-12
fortran_omp,32,128,ridge,0.328159,0.107720,9.8646,2,multigrid,6,7.460000e-04,2.115e-12,2.824e-12
fortran_serial,1,128,ridge,0.328159,0.107720,9.8646,2,multigrid,6,2.711100e-03,2.115e-12,2.824e-12
openacc,0,128,ridge,0.328159,0.107720,9.8646,2,multigrid,6,7.331900e-03,2.115e-12,2.824e-12
cuda,0,128,ridge,0.328159,0.107720,9.8646,2,multigrid,6,1.350342e-03,2.115e-12,2.824e-12
fortran_omp,1,128,ridge,0.328159,0.107720,9.8646,8,pcg_jacobi,90,1.220520e-02,8.680e-11,1.789e-10
fortran_omp,16,128,ridge,0.328159,0.107720,9.8646,8,pcg_jacobi,90,2.369000e-03,8.680e-11,1.789e-10
fortran_omp,32,128,ridge,0.328159,0.107720,9.8646,8,pcg_jacobi,90,2.495000e-03,8.680e-11,1.789e-10
fortran_serial,1,128,ridge,0.328159,0.107720,9.8646,8,pcg_jacobi,90,1.987000e-03,8.680e-11,1.789e-10
openacc,0,128,ridge,0.328159,0.107720,9.8646,8,pcg_jacobi,90,8.163900e-03,8.680e-11,1.789e-10
cuda,0,128,ridge,0.328159,0.107720,9.8646,8,pcg_jacobi,90,3.947461e-03,8.680e-11,1.789e-10
fortran_omp,1,128,ridge,0.328159,0.107720,9.8646,8,pcg_rbgs,45,1.316020e-02,8.129e-11,1.679e-10
fortran_omp,16,128,ridge,0.328159,0.107720,9.8646,8,pcg_rbgs,45,1.915200e-03,8.129e-11,1.679e-10
fortran_omp,32,128,ridge,0.328159,0.107720,9.8646,8,pcg_rbgs,45,1.964000e-03,8.129e-11,1.679e-10
fortran_serial,1,128,ridge,0.328159,0.107720,9.8646,8,pcg_rbgs,45,6.480000e-03,8.129e-11,1.679e-10
openacc,0,128,ridge,0.328159,0.107720,9.8646,8,pcg_rbgs,45,7.786000e-03,8.129e-11,1.679e-10
cuda,0,128,ridge,0.328159,0.107720,9.8646,8,pcg_rbgs,45,2.738712e-03,8.129e-11,1.679e-10
fortran_omp,1,128,ridge,0.328159,0.107720,9.8646,8,multigrid,9,5.327000e-03,7.455e-11,1.187e-10
fortran_omp,16,128,ridge,0.328159,0.107720,9.8646,8,multigrid,9,1.107000e-03,7.455e-11,1.187e-10
fortran_omp,32,128,ridge,0.328159,0.107720,9.8646,8,multigrid,9,1.619200e-03,7.455e-11,1.187e-10
fortran_serial,1,128,ridge,0.328159,0.107720,9.8646,8,multigrid,9,4.100100e-03,7.455e-11,1.187e-10
openacc,0,128,ridge,0.328159,0.107720,9.8646,8,multigrid,9,1.109790e-02,7.455e-11,1.187e-10
cuda,0,128,ridge,0.328159,0.107720,9.8646,8,multigrid,9,2.013876e-03,7.455e-11,1.187e-10
fortran_omp,1,128,ridge,0.328159,0.107720,9.8646,32,pcg_jacobi,313,4.219700e-02,9.686e-11,4.023e-10
fortran_omp,16,128,ridge,0.328159,0.107720,9.8646,32,pcg_jacobi,313,8.455000e-03,9.686e-11,4.023e-10
fortran_omp,32,128,ridge,0.328159,0.107720,9.8646,32,pcg_jacobi,313,1.046990e-02,9.686e-11,4.023e-10
fortran_serial,1,128,ridge,0.328159,0.107720,9.8646,32,pcg_jacobi,313,7.139000e-03,9.686e-11,4.023e-10
openacc,0,128,ridge,0.328159,0.107720,9.8646,32,pcg_jacobi,313,2.821300e-02,9.686e-11,4.023e-10
cuda,0,128,ridge,0.328159,0.107720,9.8646,32,pcg_jacobi,313,1.361699e-02,9.686e-11,4.023e-10
fortran_omp,1,128,ridge,0.328159,0.107720,9.8646,32,pcg_rbgs,157,4.585790e-02,8.926e-11,3.675e-10
fortran_omp,16,128,ridge,0.328159,0.107720,9.8646,32,pcg_rbgs,157,6.579900e-03,8.926e-11,3.675e-10
fortran_omp,32,128,ridge,0.328159,0.107720,9.8646,32,pcg_rbgs,157,6.908200e-03,8.926e-11,3.675e-10
fortran_serial,1,128,ridge,0.328159,0.107720,9.8646,32,pcg_rbgs,157,2.248690e-02,8.926e-11,3.675e-10
openacc,0,128,ridge,0.328159,0.107720,9.8646,32,pcg_rbgs,157,2.658390e-02,8.926e-11,3.675e-10
cuda,0,128,ridge,0.328159,0.107720,9.8646,32,pcg_rbgs,157,9.267518e-03,8.926e-11,3.675e-10
fortran_omp,1,128,ridge,0.328159,0.107720,9.8646,32,multigrid,10,5.877000e-03,7.431e-11,1.107e-10
fortran_omp,16,128,ridge,0.328159,0.107720,9.8646,32,multigrid,10,1.310100e-03,7.431e-11,1.107e-10
fortran_omp,32,128,ridge,0.328159,0.107720,9.8646,32,multigrid,10,1.288900e-03,7.431e-11,1.107e-10
fortran_serial,1,128,ridge,0.328159,0.107720,9.8646,32,multigrid,10,4.720900e-03,7.431e-11,1.107e-10
openacc,0,128,ridge,0.328159,0.107720,9.8646,32,multigrid,10,1.218910e-02,7.431e-11,1.107e-10
cuda,0,128,ridge,0.328159,0.107720,9.8646,32,multigrid,10,2.237975e-03,7.431e-11,1.107e-10
fortran_omp,1,128,ridge,0.328159,0.107720,9.8646,128,pcg_jacobi,517,6.966800e-02,9.836e-11,1.906e-10
fortran_omp,16,128,ridge,0.328159,0.107720,9.8646,128,pcg_jacobi,517,1.387120e-02,9.836e-11,1.906e-10
fortran_omp,32,128,ridge,0.328159,0.107720,9.8646,128,pcg_jacobi,517,1.415400e-02,9.836e-11,1.906e-10
fortran_serial,1,128,ridge,0.328159,0.107720,9.8646,128,pcg_jacobi,517,1.156210e-02,9.836e-11,1.906e-10
openacc,0,128,ridge,0.328159,0.107720,9.8646,128,pcg_jacobi,517,4.605200e-02,9.836e-11,1.906e-10
cuda,0,128,ridge,0.328159,0.107720,9.8646,128,pcg_jacobi,517,2.241101e-02,9.836e-11,1.906e-10
fortran_omp,1,128,ridge,0.328159,0.107720,9.8646,128,pcg_rbgs,259,7.552690e-02,9.198e-11,1.721e-10
fortran_omp,16,128,ridge,0.328159,0.107720,9.8646,128,pcg_rbgs,259,1.094810e-02,9.198e-11,1.721e-10
fortran_omp,32,128,ridge,0.328159,0.107720,9.8646,128,pcg_rbgs,259,1.189090e-02,9.198e-11,1.721e-10
fortran_serial,1,128,ridge,0.328159,0.107720,9.8646,128,pcg_rbgs,259,3.688000e-02,9.198e-11,1.721e-10
openacc,0,128,ridge,0.328159,0.107720,9.8646,128,pcg_rbgs,259,4.460900e-02,9.198e-11,1.721e-10
cuda,0,128,ridge,0.328159,0.107720,9.8646,128,pcg_rbgs,259,1.530343e-02,9.198e-11,1.721e-10
fortran_omp,1,128,ridge,0.328159,0.107720,9.8646,128,multigrid,51,3.024110e-02,9.971e-11,1.501e-08
fortran_omp,16,128,ridge,0.328159,0.107720,9.8646,128,multigrid,51,6.895100e-03,9.971e-11,1.501e-08
fortran_omp,32,128,ridge,0.328159,0.107720,9.8646,128,multigrid,51,6.493100e-03,9.971e-11,1.501e-08
fortran_serial,1,128,ridge,0.328159,0.107720,9.8646,128,multigrid,51,2.298880e-02,9.971e-11,1.501e-08
openacc,0,128,ridge,0.328159,0.107720,9.8646,128,multigrid,51,6.114200e-02,9.971e-11,1.501e-08
cuda,0,128,ridge,0.328159,0.107720,9.8646,128,multigrid,51,1.134895e-02,9.971e-11,1.501e-08
fortran_omp,1,256,flat,0.000000,0.000000,1.0000,2,pcg_jacobi,24,1.317500e-02,9.684e-11,1.201e-10
fortran_omp,16,256,flat,0.000000,0.000000,1.0000,2,pcg_jacobi,24,1.496100e-03,9.684e-11,1.201e-10
fortran_omp,32,256,flat,0.000000,0.000000,1.0000,2,pcg_jacobi,24,1.170200e-03,9.684e-11,1.201e-10
fortran_serial,1,256,flat,0.000000,0.000000,1.0000,2,pcg_jacobi,24,2.531000e-03,9.684e-11,1.201e-10
openacc,0,256,flat,0.000000,0.000000,1.0000,2,pcg_jacobi,24,2.298100e-03,9.684e-11,1.201e-10
cuda,0,256,flat,0.000000,0.000000,1.0000,2,pcg_jacobi,24,1.124000e-03,9.684e-11,1.201e-10
fortran_omp,1,256,flat,0.000000,0.000000,1.0000,2,pcg_rbgs,12,1.424710e-02,7.831e-11,9.712e-11
fortran_omp,16,256,flat,0.000000,0.000000,1.0000,2,pcg_rbgs,12,1.432900e-03,7.831e-11,9.712e-11
fortran_omp,32,256,flat,0.000000,0.000000,1.0000,2,pcg_rbgs,12,1.899900e-03,7.831e-11,9.712e-11
fortran_serial,1,256,flat,0.000000,0.000000,1.0000,2,pcg_rbgs,12,7.000000e-03,7.831e-11,9.712e-11
openacc,0,256,flat,0.000000,0.000000,1.0000,2,pcg_rbgs,12,2.199200e-03,7.831e-11,9.712e-11
cuda,0,256,flat,0.000000,0.000000,1.0000,2,pcg_rbgs,12,7.850580e-04,7.831e-11,9.712e-11
fortran_omp,1,256,flat,0.000000,0.000000,1.0000,2,multigrid,6,1.414400e-02,2.694e-12,4.179e-12
fortran_omp,16,256,flat,0.000000,0.000000,1.0000,2,multigrid,6,2.056200e-03,2.694e-12,4.179e-12
fortran_omp,32,256,flat,0.000000,0.000000,1.0000,2,multigrid,6,2.927100e-03,2.694e-12,4.179e-12
fortran_serial,1,256,flat,0.000000,0.000000,1.0000,2,multigrid,6,1.084400e-02,2.694e-12,4.179e-12
openacc,0,256,flat,0.000000,0.000000,1.0000,2,multigrid,6,9.761100e-03,2.694e-12,4.179e-12
cuda,0,256,flat,0.000000,0.000000,1.0000,2,multigrid,6,1.645369e-03,2.694e-12,4.179e-12
fortran_omp,1,256,flat,0.000000,0.000000,1.0000,8,pcg_jacobi,91,4.955190e-02,9.309e-11,2.195e-10
fortran_omp,16,256,flat,0.000000,0.000000,1.0000,8,pcg_jacobi,91,4.961000e-03,9.309e-11,2.195e-10
fortran_omp,32,256,flat,0.000000,0.000000,1.0000,8,pcg_jacobi,91,4.601900e-03,9.309e-11,2.195e-10
fortran_serial,1,256,flat,0.000000,0.000000,1.0000,8,pcg_jacobi,91,1.000190e-02,9.309e-11,2.195e-10
openacc,0,256,flat,0.000000,0.000000,1.0000,8,pcg_jacobi,91,8.619100e-03,9.309e-11,2.195e-10
cuda,0,256,flat,0.000000,0.000000,1.0000,8,pcg_jacobi,91,4.201255e-03,9.309e-11,2.195e-10
fortran_omp,1,256,flat,0.000000,0.000000,1.0000,8,pcg_rbgs,46,5.439310e-02,6.703e-11,1.593e-10
fortran_omp,16,256,flat,0.000000,0.000000,1.0000,8,pcg_rbgs,46,4.905900e-03,6.703e-11,1.593e-10
fortran_omp,32,256,flat,0.000000,0.000000,1.0000,8,pcg_rbgs,46,4.519900e-03,6.703e-11,1.593e-10
fortran_serial,1,256,flat,0.000000,0.000000,1.0000,8,pcg_rbgs,46,2.673000e-02,6.703e-11,1.593e-10
openacc,0,256,flat,0.000000,0.000000,1.0000,8,pcg_rbgs,46,8.246900e-03,6.703e-11,1.593e-10
cuda,0,256,flat,0.000000,0.000000,1.0000,8,pcg_rbgs,46,2.924123e-03,6.703e-11,1.593e-10
fortran_omp,1,256,flat,0.000000,0.000000,1.0000,8,multigrid,9,2.126500e-02,8.236e-11,1.690e-10
fortran_omp,16,256,flat,0.000000,0.000000,1.0000,8,multigrid,9,2.309000e-03,8.236e-11,1.690e-10
fortran_omp,32,256,flat,0.000000,0.000000,1.0000,8,multigrid,9,2.416100e-03,8.236e-11,1.690e-10
fortran_serial,1,256,flat,0.000000,0.000000,1.0000,8,multigrid,9,1.628500e-02,8.236e-11,1.690e-10
openacc,0,256,flat,0.000000,0.000000,1.0000,8,multigrid,9,1.419690e-02,8.236e-11,1.690e-10
cuda,0,256,flat,0.000000,0.000000,1.0000,8,multigrid,9,2.460492e-03,8.236e-11,1.690e-10
fortran_omp,1,256,flat,0.000000,0.000000,1.0000,32,pcg_jacobi,333,1.808360e-01,9.423e-11,3.211e-10
fortran_omp,16,256,flat,0.000000,0.000000,1.0000,32,pcg_jacobi,333,1.792380e-02,9.423e-11,3.211e-10
fortran_omp,32,256,flat,0.000000,0.000000,1.0000,32,pcg_jacobi,333,1.734400e-02,9.423e-11,3.211e-10
fortran_serial,1,256,flat,0.000000,0.000000,1.0000,32,pcg_jacobi,333,3.545410e-02,9.423e-11,3.211e-10
openacc,0,256,flat,0.000000,0.000000,1.0000,32,pcg_jacobi,333,3.110100e-02,9.423e-11,3.211e-10
cuda,0,256,flat,0.000000,0.000000,1.0000,32,pcg_jacobi,333,1.521202e-02,9.423e-11,3.211e-10
fortran_omp,1,256,flat,0.000000,0.000000,1.0000,32,pcg_rbgs,166,1.956260e-01,9.924e-11,3.524e-10
fortran_omp,16,256,flat,0.000000,0.000000,1.0000,32,pcg_rbgs,166,2.353810e-02,9.924e-11,3.524e-10
fortran_omp,32,256,flat,0.000000,0.000000,1.0000,32,pcg_rbgs,166,1.798820e-02,9.924e-11,3.524e-10
fortran_serial,1,256,flat,0.000000,0.000000,1.0000,32,pcg_rbgs,166,9.782810e-02,9.924e-11,3.524e-10
openacc,0,256,flat,0.000000,0.000000,1.0000,32,pcg_rbgs,166,2.981490e-02,9.924e-11,3.524e-10
cuda,0,256,flat,0.000000,0.000000,1.0000,32,pcg_rbgs,166,1.052006e-02,9.924e-11,3.524e-10
fortran_omp,1,256,flat,0.000000,0.000000,1.0000,32,multigrid,10,2.358510e-02,7.261e-11,1.508e-10
fortran_omp,16,256,flat,0.000000,0.000000,1.0000,32,multigrid,10,3.629900e-03,7.261e-11,1.508e-10
fortran_omp,32,256,flat,0.000000,0.000000,1.0000,32,multigrid,10,2.682200e-03,7.261e-11,1.508e-10
fortran_serial,1,256,flat,0.000000,0.000000,1.0000,32,multigrid,10,1.813010e-02,7.261e-11,1.508e-10
openacc,0,256,flat,0.000000,0.000000,1.0000,32,multigrid,10,1.609610e-02,7.261e-11,1.508e-10
cuda,0,256,flat,0.000000,0.000000,1.0000,32,multigrid,10,2.732573e-03,7.261e-11,1.508e-10
fortran_omp,1,256,flat,0.000000,0.000000,1.0000,128,pcg_jacobi,546,2.960890e-01,9.426e-11,5.991e-11
fortran_omp,16,256,flat,0.000000,0.000000,1.0000,128,pcg_jacobi,546,3.284590e-02,9.426e-11,5.991e-11
fortran_omp,32,256,flat,0.000000,0.000000,1.0000,128,pcg_jacobi,546,2.691700e-02,9.426e-11,5.991e-11
fortran_serial,1,256,flat,0.000000,0.000000,1.0000,128,pcg_jacobi,546,5.814410e-02,9.426e-11,5.991e-11
openacc,0,256,flat,0.000000,0.000000,1.0000,128,pcg_jacobi,546,5.054590e-02,9.426e-11,5.991e-11
cuda,0,256,flat,0.000000,0.000000,1.0000,128,pcg_jacobi,546,2.497535e-02,9.426e-11,5.991e-11
fortran_omp,1,256,flat,0.000000,0.000000,1.0000,128,pcg_rbgs,300,3.492401e-01,9.790e-11,4.605e-11
fortran_omp,16,256,flat,0.000000,0.000000,1.0000,128,pcg_rbgs,300,3.222890e-02,9.790e-11,4.605e-11
fortran_omp,32,256,flat,0.000000,0.000000,1.0000,128,pcg_rbgs,300,2.896590e-02,9.790e-11,4.605e-11
fortran_serial,1,256,flat,0.000000,0.000000,1.0000,128,pcg_rbgs,300,1.751611e-01,9.790e-11,4.605e-11
openacc,0,256,flat,0.000000,0.000000,1.0000,128,pcg_rbgs,300,5.324100e-02,9.790e-11,4.605e-11
cuda,0,256,flat,0.000000,0.000000,1.0000,128,pcg_rbgs,300,1.898522e-02,9.790e-11,4.605e-11
fortran_omp,1,256,flat,0.000000,0.000000,1.0000,128,multigrid,11,2.580600e-02,1.789e-11,1.082e-09
fortran_omp,16,256,flat,0.000000,0.000000,1.0000,128,multigrid,11,2.916100e-03,1.789e-11,1.082e-09
fortran_omp,32,256,flat,0.000000,0.000000,1.0000,128,multigrid,11,2.841000e-03,1.789e-11,1.082e-09
fortran_serial,1,256,flat,0.000000,0.000000,1.0000,128,multigrid,11,1.982000e-02,1.789e-11,1.082e-09
openacc,0,256,flat,0.000000,0.000000,1.0000,128,multigrid,11,1.754000e-02,1.789e-11,1.082e-09
cuda,0,256,flat,0.000000,0.000000,1.0000,128,multigrid,11,3.006368e-03,1.789e-11,1.082e-09
fortran_omp,1,256,rough0.02,0.020000,0.007117,1.1321,2,pcg_jacobi,24,1.318380e-02,6.055e-11,7.466e-11
fortran_omp,16,256,rough0.02,0.020000,0.007117,1.1321,2,pcg_jacobi,24,1.477900e-03,6.055e-11,7.466e-11
fortran_omp,32,256,rough0.02,0.020000,0.007117,1.1321,2,pcg_jacobi,24,1.179000e-03,6.055e-11,7.466e-11
fortran_serial,1,256,rough0.02,0.020000,0.007117,1.1321,2,pcg_jacobi,24,2.456900e-03,6.055e-11,7.466e-11
openacc,0,256,rough0.02,0.020000,0.007117,1.1321,2,pcg_jacobi,24,2.297000e-03,6.055e-11,7.466e-11
cuda,0,256,rough0.02,0.020000,0.007117,1.1321,2,pcg_jacobi,24,1.128207e-03,6.055e-11,7.466e-11
fortran_omp,1,256,rough0.02,0.020000,0.007117,1.1321,2,pcg_rbgs,12,1.424790e-02,4.800e-11,5.918e-11
fortran_omp,16,256,rough0.02,0.020000,0.007117,1.1321,2,pcg_rbgs,12,1.599100e-03,4.800e-11,5.918e-11
fortran_omp,32,256,rough0.02,0.020000,0.007117,1.1321,2,pcg_rbgs,12,1.180900e-03,4.800e-11,5.918e-11
fortran_serial,1,256,rough0.02,0.020000,0.007117,1.1321,2,pcg_rbgs,12,6.861000e-03,4.800e-11,5.918e-11
openacc,0,256,rough0.02,0.020000,0.007117,1.1321,2,pcg_rbgs,12,2.195800e-03,4.800e-11,5.918e-11
cuda,0,256,rough0.02,0.020000,0.007117,1.1321,2,pcg_rbgs,12,7.872300e-04,4.800e-11,5.918e-11
fortran_omp,1,256,rough0.02,0.020000,0.007117,1.1321,2,multigrid,6,1.412320e-02,1.465e-12,2.235e-12
fortran_omp,16,256,rough0.02,0.020000,0.007117,1.1321,2,multigrid,6,2.091000e-03,1.465e-12,2.235e-12
fortran_omp,32,256,rough0.02,0.020000,0.007117,1.1321,2,multigrid,6,1.606900e-03,1.465e-12,2.235e-12
fortran_serial,1,256,rough0.02,0.020000,0.007117,1.1321,2,multigrid,6,1.086500e-02,1.465e-12,2.235e-12
openacc,0,256,rough0.02,0.020000,0.007117,1.1321,2,multigrid,6,9.977900e-03,1.465e-12,2.235e-12
cuda,0,256,rough0.02,0.020000,0.007117,1.1321,2,multigrid,6,1.644978e-03,1.465e-12,2.235e-12
fortran_omp,1,256,rough0.02,0.020000,0.007117,1.1321,8,pcg_jacobi,89,4.843210e-02,8.198e-11,1.942e-10
fortran_omp,16,256,rough0.02,0.020000,0.007117,1.1321,8,pcg_jacobi,89,5.718000e-03,8.198e-11,1.942e-10
fortran_omp,32,256,rough0.02,0.020000,0.007117,1.1321,8,pcg_jacobi,89,7.614200e-03,8.198e-11,1.942e-10
fortran_serial,1,256,rough0.02,0.020000,0.007117,1.1321,8,pcg_jacobi,89,9.336000e-03,8.198e-11,1.942e-10
openacc,0,256,rough0.02,0.020000,0.007117,1.1321,8,pcg_jacobi,89,8.439100e-03,8.198e-11,1.942e-10
cuda,0,256,rough0.02,0.020000,0.007117,1.1321,8,pcg_jacobi,89,4.114183e-03,8.198e-11,1.942e-10
fortran_omp,1,256,rough0.02,0.020000,0.007117,1.1321,8,pcg_rbgs,44,5.201380e-02,9.885e-11,2.342e-10
fortran_omp,16,256,rough0.02,0.020000,0.007117,1.1321,8,pcg_rbgs,44,6.314000e-03,9.885e-11,2.342e-10
fortran_omp,32,256,rough0.02,0.020000,0.007117,1.1321,8,pcg_rbgs,44,7.011900e-03,9.885e-11,2.342e-10
fortran_serial,1,256,rough0.02,0.020000,0.007117,1.1321,8,pcg_rbgs,44,2.600220e-02,9.885e-11,2.342e-10
openacc,0,256,rough0.02,0.020000,0.007117,1.1321,8,pcg_rbgs,44,7.977000e-03,9.885e-11,2.342e-10
cuda,0,256,rough0.02,0.020000,0.007117,1.1321,8,pcg_rbgs,44,2.694716e-03,9.885e-11,2.342e-10
fortran_omp,1,256,rough0.02,0.020000,0.007117,1.1321,8,multigrid,9,2.119400e-02,7.470e-11,1.518e-10
fortran_omp,16,256,rough0.02,0.020000,0.007117,1.1321,8,multigrid,9,2.358000e-03,7.470e-11,1.518e-10
fortran_omp,32,256,rough0.02,0.020000,0.007117,1.1321,8,multigrid,9,2.386100e-03,7.470e-11,1.518e-10
fortran_serial,1,256,rough0.02,0.020000,0.007117,1.1321,8,multigrid,9,1.624490e-02,7.470e-11,1.518e-10
openacc,0,256,rough0.02,0.020000,0.007117,1.1321,8,multigrid,9,1.442690e-02,7.470e-11,1.518e-10
cuda,0,256,rough0.02,0.020000,0.007117,1.1321,8,multigrid,9,2.457227e-03,7.470e-11,1.518e-10
fortran_omp,1,256,rough0.02,0.020000,0.007117,1.1321,32,pcg_jacobi,337,1.849780e-01,9.512e-11,3.765e-10
fortran_omp,16,256,rough0.02,0.020000,0.007117,1.1321,32,pcg_jacobi,337,1.999690e-02,9.512e-11,3.765e-10
fortran_omp,32,256,rough0.02,0.020000,0.007117,1.1321,32,pcg_jacobi,337,3.624110e-02,9.512e-11,3.765e-10
fortran_serial,1,256,rough0.02,0.020000,0.007117,1.1321,32,pcg_jacobi,337,3.617500e-02,9.512e-11,3.765e-10
openacc,0,256,rough0.02,0.020000,0.007117,1.1321,32,pcg_jacobi,337,3.171400e-02,9.512e-11,3.765e-10
cuda,0,256,rough0.02,0.020000,0.007117,1.1321,32,pcg_jacobi,337,1.543613e-02,9.512e-11,3.765e-10
fortran_omp,1,256,rough0.02,0.020000,0.007117,1.1321,32,pcg_rbgs,169,2.005150e-01,8.709e-11,3.456e-10
fortran_omp,16,256,rough0.02,0.020000,0.007117,1.1321,32,pcg_rbgs,169,2.210900e-02,8.709e-11,3.456e-10
fortran_omp,32,256,rough0.02,0.020000,0.007117,1.1321,32,pcg_rbgs,169,4.767890e-02,8.709e-11,3.456e-10
fortran_serial,1,256,rough0.02,0.020000,0.007117,1.1321,32,pcg_rbgs,169,9.936690e-02,8.709e-11,3.456e-10
openacc,0,256,rough0.02,0.020000,0.007117,1.1321,32,pcg_rbgs,169,3.000490e-02,8.709e-11,3.456e-10
cuda,0,256,rough0.02,0.020000,0.007117,1.1321,32,pcg_rbgs,169,1.075891e-02,8.709e-11,3.456e-10
fortran_omp,1,256,rough0.02,0.020000,0.007117,1.1321,32,multigrid,10,2.373790e-02,7.131e-11,1.483e-10
fortran_omp,16,256,rough0.02,0.020000,0.007117,1.1321,32,multigrid,10,3.395000e-03,7.131e-11,1.483e-10
fortran_omp,32,256,rough0.02,0.020000,0.007117,1.1321,32,multigrid,10,2.889100e-03,7.131e-11,1.483e-10
fortran_serial,1,256,rough0.02,0.020000,0.007117,1.1321,32,multigrid,10,1.803390e-02,7.131e-11,1.483e-10
openacc,0,256,rough0.02,0.020000,0.007117,1.1321,32,multigrid,10,1.578690e-02,7.131e-11,1.483e-10
cuda,0,256,rough0.02,0.020000,0.007117,1.1321,32,multigrid,10,2.731992e-03,7.131e-11,1.483e-10
fortran_omp,1,256,rough0.02,0.020000,0.007117,1.1321,128,pcg_jacobi,831,4.551899e-01,9.366e-11,1.534e-10
fortran_omp,16,256,rough0.02,0.020000,0.007117,1.1321,128,pcg_jacobi,831,4.857710e-02,9.366e-11,1.534e-10
fortran_omp,32,256,rough0.02,0.020000,0.007117,1.1321,128,pcg_jacobi,831,5.002910e-02,9.366e-11,1.534e-10
fortran_serial,1,256,rough0.02,0.020000,0.007117,1.1321,128,pcg_jacobi,831,8.819200e-02,9.366e-11,1.534e-10
openacc,0,256,rough0.02,0.020000,0.007117,1.1321,128,pcg_jacobi,831,7.712010e-02,9.366e-11,1.534e-10
cuda,0,256,rough0.02,0.020000,0.007117,1.1321,128,pcg_jacobi,831,3.716864e-02,9.366e-11,1.534e-10
fortran_omp,1,256,rough0.02,0.020000,0.007117,1.1321,128,pcg_rbgs,415,4.893498e-01,9.807e-11,1.577e-10
fortran_omp,16,256,rough0.02,0.020000,0.007117,1.1321,128,pcg_rbgs,415,5.276020e-02,9.807e-11,1.577e-10
fortran_omp,32,256,rough0.02,0.020000,0.007117,1.1321,128,pcg_rbgs,415,3.952890e-02,9.807e-11,1.577e-10
fortran_serial,1,256,rough0.02,0.020000,0.007117,1.1321,128,pcg_rbgs,415,2.443591e-01,9.807e-11,1.577e-10
openacc,0,256,rough0.02,0.020000,0.007117,1.1321,128,pcg_rbgs,415,7.408910e-02,9.807e-11,1.577e-10
cuda,0,256,rough0.02,0.020000,0.007117,1.1321,128,pcg_rbgs,415,2.611558e-02,9.807e-11,1.577e-10
fortran_omp,1,256,rough0.02,0.020000,0.007117,1.1321,128,multigrid,12,2.817910e-02,4.847e-11,4.369e-09
fortran_omp,16,256,rough0.02,0.020000,0.007117,1.1321,128,multigrid,12,3.173900e-03,4.847e-11,4.369e-09
fortran_omp,32,256,rough0.02,0.020000,0.007117,1.1321,128,multigrid,12,3.108000e-03,4.847e-11,4.369e-09
fortran_serial,1,256,rough0.02,0.020000,0.007117,1.1321,128,multigrid,12,2.156020e-02,4.847e-11,4.369e-09
openacc,0,256,rough0.02,0.020000,0.007117,1.1321,128,multigrid,12,1.903790e-02,4.847e-11,4.369e-09
cuda,0,256,rough0.02,0.020000,0.007117,1.1321,128,multigrid,12,3.276697e-03,4.847e-11,4.369e-09
fortran_omp,1,256,rough0.05,0.050000,0.018475,1.3640,2,pcg_jacobi,24,1.323000e-02,4.199e-11,5.210e-11
fortran_omp,16,256,rough0.05,0.050000,0.018475,1.3640,2,pcg_jacobi,24,1.470800e-03,4.199e-11,5.210e-11
fortran_omp,32,256,rough0.05,0.050000,0.018475,1.3640,2,pcg_jacobi,24,1.865100e-03,4.199e-11,5.210e-11
fortran_serial,1,256,rough0.05,0.050000,0.018475,1.3640,2,pcg_jacobi,24,2.540100e-03,4.199e-11,5.210e-11
openacc,0,256,rough0.05,0.050000,0.018475,1.3640,2,pcg_jacobi,24,2.300000e-03,4.199e-11,5.210e-11
cuda,0,256,rough0.05,0.050000,0.018475,1.3640,2,pcg_jacobi,24,1.124120e-03,4.199e-11,5.210e-11
fortran_omp,1,256,rough0.05,0.050000,0.018475,1.3640,2,pcg_rbgs,12,1.435090e-02,3.132e-11,3.866e-11
fortran_omp,16,256,rough0.05,0.050000,0.018475,1.3640,2,pcg_rbgs,12,1.647000e-03,3.132e-11,3.866e-11
fortran_omp,32,256,rough0.05,0.050000,0.018475,1.3640,2,pcg_rbgs,12,2.259000e-03,3.132e-11,3.866e-11
fortran_serial,1,256,rough0.05,0.050000,0.018475,1.3640,2,pcg_rbgs,12,6.868100e-03,3.132e-11,3.866e-11
openacc,0,256,rough0.05,0.050000,0.018475,1.3640,2,pcg_rbgs,12,2.194000e-03,3.132e-11,3.866e-11
cuda,0,256,rough0.05,0.050000,0.018475,1.3640,2,pcg_rbgs,12,7.853180e-04,3.132e-11,3.866e-11
fortran_omp,1,256,rough0.05,0.050000,0.018475,1.3640,2,multigrid,5,1.180190e-02,5.427e-11,8.008e-11
fortran_omp,16,256,rough0.05,0.050000,0.018475,1.3640,2,multigrid,5,1.814100e-03,5.427e-11,8.008e-11
fortran_omp,32,256,rough0.05,0.050000,0.018475,1.3640,2,multigrid,5,2.143900e-03,5.427e-11,8.008e-11
fortran_serial,1,256,rough0.05,0.050000,0.018475,1.3640,2,multigrid,5,9.135100e-03,5.427e-11,8.008e-11
openacc,0,256,rough0.05,0.050000,0.018475,1.3640,2,multigrid,5,8.394900e-03,5.427e-11,8.008e-11
cuda,0,256,rough0.05,0.050000,0.018475,1.3640,2,multigrid,5,1.373938e-03,5.427e-11,8.008e-11
fortran_omp,1,256,rough0.05,0.050000,0.018475,1.3640,8,pcg_jacobi,87,4.733990e-02,8.084e-11,1.957e-10
fortran_omp,16,256,rough0.05,0.050000,0.018475,1.3640,8,pcg_jacobi,87,4.763100e-03,8.084e-11,1.957e-10
fortran_omp,32,256,rough0.05,0.050000,0.018475,1.3640,8,pcg_jacobi,87,5.270000e-03,8.084e-11,1.957e-10
fortran_serial,1,256,rough0.05,0.050000,0.018475,1.3640,8,pcg_jacobi,87,9.259900e-03,8.084e-11,1.957e-10
openacc,0,256,rough0.05,0.050000,0.018475,1.3640,8,pcg_jacobi,87,8.221100e-03,8.084e-11,1.957e-10
cuda,0,256,rough0.05,0.050000,0.018475,1.3640,8,pcg_jacobi,87,4.007913e-03,8.084e-11,1.957e-10
fortran_omp,1,256,rough0.05,0.050000,0.018475,1.3640,8,pcg_rbgs,43,5.078100e-02,9.756e-11,2.365e-10
fortran_omp,16,256,rough0.05,0.050000,0.018475,1.3640,8,pcg_rbgs,43,6.261900e-03,9.756e-11,2.365e-10
fortran_omp,32,256,rough0.05,0.050000,0.018475,1.3640,8,pcg_rbgs,43,6.762000e-03,9.756e-11,2.365e-10
fortran_serial,1,256,rough0.05,0.050000,0.018475,1.3640,8,pcg_rbgs,43,2.489520e-02,9.756e-11,2.365e-10
openacc,0,256,rough0.05,0.050000,0.018475,1.3640,8,pcg_rbgs,43,7.798000e-03,9.756e-11,2.365e-10
cuda,0,256,rough0.05,0.050000,0.018475,1.3640,8,pcg_rbgs,43,2.767827e-03,9.756e-11,2.365e-10
fortran_omp,1,256,rough0.05,0.050000,0.018475,1.3640,8,multigrid,9,2.116610e-02,6.498e-11,1.301e-10
fortran_omp,16,256,rough0.05,0.050000,0.018475,1.3640,8,multigrid,9,3.025100e-03,6.498e-11,1.301e-10
fortran_omp,32,256,rough0.05,0.050000,0.018475,1.3640,8,multigrid,9,2.350100e-03,6.498e-11,1.301e-10
fortran_serial,1,256,rough0.05,0.050000,0.018475,1.3640,8,multigrid,9,1.618910e-02,6.498e-11,1.301e-10
openacc,0,256,rough0.05,0.050000,0.018475,1.3640,8,multigrid,9,1.467210e-02,6.498e-11,1.301e-10
cuda,0,256,rough0.05,0.050000,0.018475,1.3640,8,multigrid,9,2.458650e-03,6.498e-11,1.301e-10
fortran_omp,1,256,rough0.05,0.050000,0.018475,1.3640,32,pcg_jacobi,327,1.781029e-01,9.869e-11,4.314e-10
fortran_omp,16,256,rough0.05,0.050000,0.018475,1.3640,32,pcg_jacobi,327,1.769900e-02,9.869e-11,4.314e-10
fortran_omp,32,256,rough0.05,0.050000,0.018475,1.3640,32,pcg_jacobi,327,2.489800e-02,9.869e-11,4.314e-10
fortran_serial,1,256,rough0.05,0.050000,0.018475,1.3640,32,pcg_jacobi,327,3.544090e-02,9.869e-11,4.314e-10
openacc,0,256,rough0.05,0.050000,0.018475,1.3640,32,pcg_jacobi,327,3.067210e-02,9.869e-11,4.314e-10
cuda,0,256,rough0.05,0.050000,0.018475,1.3640,32,pcg_jacobi,327,1.488037e-02,9.869e-11,4.314e-10
fortran_omp,1,256,rough0.05,0.050000,0.018475,1.3640,32,pcg_rbgs,164,1.936450e-01,9.161e-11,3.952e-10
fortran_omp,16,256,rough0.05,0.050000,0.018475,1.3640,32,pcg_rbgs,164,1.660390e-02,9.161e-11,3.952e-10
fortran_omp,32,256,rough0.05,0.050000,0.018475,1.3640,32,pcg_rbgs,164,2.680680e-02,9.161e-11,3.952e-10
fortran_serial,1,256,rough0.05,0.050000,0.018475,1.3640,32,pcg_rbgs,164,9.547090e-02,9.161e-11,3.952e-10
openacc,0,256,rough0.05,0.050000,0.018475,1.3640,32,pcg_rbgs,164,2.949720e-02,9.161e-11,3.952e-10
cuda,0,256,rough0.05,0.050000,0.018475,1.3640,32,pcg_rbgs,164,1.043125e-02,9.161e-11,3.952e-10
fortran_omp,1,256,rough0.05,0.050000,0.018475,1.3640,32,multigrid,10,2.345300e-02,6.954e-11,1.448e-10
fortran_omp,16,256,rough0.05,0.050000,0.018475,1.3640,32,multigrid,10,3.495000e-03,6.954e-11,1.448e-10
fortran_omp,32,256,rough0.05,0.050000,0.018475,1.3640,32,multigrid,10,2.584000e-03,6.954e-11,1.448e-10
fortran_serial,1,256,rough0.05,0.050000,0.018475,1.3640,32,multigrid,10,1.806090e-02,6.954e-11,1.448e-10
openacc,0,256,rough0.05,0.050000,0.018475,1.3640,32,multigrid,10,1.606300e-02,6.954e-11,1.448e-10
cuda,0,256,rough0.05,0.050000,0.018475,1.3640,32,multigrid,10,2.733434e-03,6.954e-11,1.448e-10
fortran_omp,1,256,rough0.05,0.050000,0.018475,1.3640,128,pcg_jacobi,832,4.528968e-01,9.813e-11,4.626e-10
fortran_omp,16,256,rough0.05,0.050000,0.018475,1.3640,128,pcg_jacobi,832,4.547000e-02,9.813e-11,4.626e-10
fortran_omp,32,256,rough0.05,0.050000,0.018475,1.3640,128,pcg_jacobi,832,4.343710e-02,9.813e-11,4.626e-10
fortran_serial,1,256,rough0.05,0.050000,0.018475,1.3640,128,pcg_jacobi,832,8.932810e-02,9.813e-11,4.626e-10
openacc,0,256,rough0.05,0.050000,0.018475,1.3640,128,pcg_jacobi,832,7.706410e-02,9.813e-11,4.626e-10
cuda,0,256,rough0.05,0.050000,0.018475,1.3640,128,pcg_jacobi,832,3.770429e-02,9.813e-11,4.626e-10
fortran_omp,1,256,rough0.05,0.050000,0.018475,1.3640,128,pcg_rbgs,416,4.918291e-01,9.729e-11,4.612e-10
fortran_omp,16,256,rough0.05,0.050000,0.018475,1.3640,128,pcg_rbgs,416,4.338690e-02,9.729e-11,4.612e-10
fortran_omp,32,256,rough0.05,0.050000,0.018475,1.3640,128,pcg_rbgs,416,7.804800e-02,9.729e-11,4.612e-10
fortran_serial,1,256,rough0.05,0.050000,0.018475,1.3640,128,pcg_rbgs,416,2.447522e-01,9.729e-11,4.612e-10
openacc,0,256,rough0.05,0.050000,0.018475,1.3640,128,pcg_rbgs,416,7.400710e-02,9.729e-11,4.612e-10
cuda,0,256,rough0.05,0.050000,0.018475,1.3640,128,pcg_rbgs,416,2.602634e-02,9.729e-11,4.612e-10
fortran_omp,1,256,rough0.05,0.050000,0.018475,1.3640,128,multigrid,12,2.875010e-02,4.241e-11,3.592e-09
fortran_omp,16,256,rough0.05,0.050000,0.018475,1.3640,128,multigrid,12,4.042200e-03,4.241e-11,3.592e-09
fortran_omp,32,256,rough0.05,0.050000,0.018475,1.3640,128,multigrid,12,5.024900e-03,4.241e-11,3.592e-09
fortran_serial,1,256,rough0.05,0.050000,0.018475,1.3640,128,multigrid,12,2.168510e-02,4.241e-11,3.592e-09
openacc,0,256,rough0.05,0.050000,0.018475,1.3640,128,multigrid,12,1.912910e-02,4.241e-11,3.592e-09
cuda,0,256,rough0.05,0.050000,0.018475,1.3640,128,multigrid,12,3.276556e-03,4.241e-11,3.592e-09
fortran_omp,1,256,rough0.10,0.100000,0.039471,1.8776,2,pcg_jacobi,23,1.263710e-02,7.656e-11,9.313e-11
fortran_omp,16,256,rough0.10,0.100000,0.039471,1.8776,2,pcg_jacobi,23,1.261000e-03,7.656e-11,9.313e-11
fortran_omp,32,256,rough0.10,0.100000,0.039471,1.8776,2,pcg_jacobi,23,1.137000e-03,7.656e-11,9.313e-11
fortran_serial,1,256,rough0.10,0.100000,0.039471,1.8776,2,pcg_jacobi,23,2.392000e-03,7.656e-11,9.313e-11
openacc,0,256,rough0.10,0.100000,0.039471,1.8776,2,pcg_jacobi,23,2.200100e-03,7.656e-11,9.313e-11
cuda,0,256,rough0.10,0.100000,0.039471,1.8776,2,pcg_jacobi,23,1.088396e-03,7.656e-11,9.313e-11
fortran_omp,1,256,rough0.10,0.100000,0.039471,1.8776,2,pcg_rbgs,12,1.475290e-02,2.199e-11,2.687e-11
fortran_omp,16,256,rough0.10,0.100000,0.039471,1.8776,2,pcg_rbgs,12,1.272900e-03,2.199e-11,2.687e-11
fortran_omp,32,256,rough0.10,0.100000,0.039471,1.8776,2,pcg_rbgs,12,1.145100e-03,2.199e-11,2.687e-11
fortran_serial,1,256,rough0.10,0.100000,0.039471,1.8776,2,pcg_rbgs,12,6.957100e-03,2.199e-11,2.687e-11
openacc,0,256,rough0.10,0.100000,0.039471,1.8776,2,pcg_rbgs,12,2.208000e-03,2.199e-11,2.687e-11
cuda,0,256,rough0.10,0.100000,0.039471,1.8776,2,pcg_rbgs,12,7.893240e-04,2.199e-11,2.687e-11
fortran_omp,1,256,rough0.10,0.100000,0.039471,1.8776,2,multigrid,5,1.188210e-02,2.468e-11,3.449e-11
fortran_omp,16,256,rough0.10,0.100000,0.039471,1.8776,2,multigrid,5,1.322000e-03,2.468e-11,3.449e-11
fortran_omp,32,256,rough0.10,0.100000,0.039471,1.8776,2,multigrid,5,1.360900e-03,2.468e-11,3.449e-11
fortran_serial,1,256,rough0.10,0.100000,0.039471,1.8776,2,multigrid,5,9.033900e-03,2.468e-11,3.449e-11
openacc,0,256,rough0.10,0.100000,0.039471,1.8776,2,multigrid,5,8.280100e-03,2.468e-11,3.449e-11
cuda,0,256,rough0.10,0.100000,0.039471,1.8776,2,multigrid,5,1.370963e-03,2.468e-11,3.449e-11
fortran_omp,1,256,rough0.10,0.100000,0.039471,1.8776,8,pcg_jacobi,84,4.580710e-02,9.413e-11,2.253e-10
fortran_omp,16,256,rough0.10,0.100000,0.039471,1.8776,8,pcg_jacobi,84,4.560000e-03,9.413e-11,2.253e-10
fortran_omp,32,256,rough0.10,0.100000,0.039471,1.8776,8,pcg_jacobi,84,4.106100e-03,9.413e-11,2.253e-10
fortran_serial,1,256,rough0.10,0.100000,0.039471,1.8776,8,pcg_jacobi,84,8.960100e-03,9.413e-11,2.253e-10
openacc,0,256,rough0.10,0.100000,0.039471,1.8776,8,pcg_jacobi,84,7.844900e-03,9.413e-11,2.253e-10
cuda,0,256,rough0.10,0.100000,0.039471,1.8776,8,pcg_jacobi,84,3.903284e-03,9.413e-11,2.253e-10
fortran_omp,1,256,rough0.10,0.100000,0.039471,1.8776,8,pcg_rbgs,42,4.983280e-02,8.747e-11,2.089e-10
fortran_omp,16,256,rough0.10,0.100000,0.039471,1.8776,8,pcg_rbgs,42,4.346200e-03,8.747e-11,2.089e-10
fortran_omp,32,256,rough0.10,0.100000,0.039471,1.8776,8,pcg_rbgs,42,4.020200e-03,8.747e-11,2.089e-10
fortran_serial,1,256,rough0.10,0.100000,0.039471,1.8776,8,pcg_rbgs,42,2.449200e-02,8.747e-11,2.089e-10
openacc,0,256,rough0.10,0.100000,0.039471,1.8776,8,pcg_rbgs,42,7.014000e-03,8.747e-11,2.089e-10
cuda,0,256,rough0.10,0.100000,0.039471,1.8776,8,pcg_rbgs,42,2.707215e-03,8.747e-11,2.089e-10
fortran_omp,1,256,rough0.10,0.100000,0.039471,1.8776,8,multigrid,9,4.028790e-02,5.237e-11,1.022e-10
fortran_omp,16,256,rough0.10,0.100000,0.039471,1.8776,8,multigrid,9,3.226000e-03,5.237e-11,1.022e-10
fortran_omp,32,256,rough0.10,0.100000,0.039471,1.8776,8,multigrid,9,2.462200e-03,5.237e-11,1.022e-10
fortran_serial,1,256,rough0.10,0.100000,0.039471,1.8776,8,multigrid,9,1.611300e-02,5.237e-11,1.022e-10
openacc,0,256,rough0.10,0.100000,0.039471,1.8776,8,multigrid,9,1.441590e-02,5.237e-11,1.022e-10
cuda,0,256,rough0.10,0.100000,0.039471,1.8776,8,multigrid,9,2.459460e-03,5.237e-11,1.022e-10
fortran_omp,1,256,rough0.10,0.100000,0.039471,1.8776,32,pcg_jacobi,314,1.701629e-01,9.881e-11,4.161e-10
fortran_omp,16,256,rough0.10,0.100000,0.039471,1.8776,32,pcg_jacobi,314,1.914590e-02,9.881e-11,4.161e-10
fortran_omp,32,256,rough0.10,0.100000,0.039471,1.8776,32,pcg_jacobi,314,1.564600e-02,9.881e-11,4.161e-10
fortran_serial,1,256,rough0.10,0.100000,0.039471,1.8776,32,pcg_jacobi,314,3.435300e-02,9.881e-11,4.161e-10
openacc,0,256,rough0.10,0.100000,0.039471,1.8776,32,pcg_jacobi,314,2.946500e-02,9.881e-11,4.161e-10
cuda,0,256,rough0.10,0.100000,0.039471,1.8776,32,pcg_jacobi,314,1.435095e-02,9.881e-11,4.161e-10
fortran_omp,1,256,rough0.10,0.100000,0.039471,1.8776,32,pcg_rbgs,157,1.867590e-01,9.717e-11,4.078e-10
fortran_omp,16,256,rough0.10,0.100000,0.039471,1.8776,32,pcg_rbgs,157,1.664990e-02,9.717e-11,4.078e-10
fortran_omp,32,256,rough0.10,0.100000,0.039471,1.8776,32,pcg_rbgs,157,1.522900e-02,9.717e-11,4.078e-10
fortran_serial,1,256,rough0.10,0.100000,0.039471,1.8776,32,pcg_rbgs,157,9.059590e-02,9.717e-11,4.078e-10
openacc,0,256,rough0.10,0.100000,0.039471,1.8776,32,pcg_rbgs,157,2.813600e-02,9.717e-11,4.078e-10
cuda,0,256,rough0.10,0.100000,0.039471,1.8776,32,pcg_rbgs,157,9.967387e-03,9.717e-11,4.078e-10
fortran_omp,1,256,rough0.10,0.100000,0.039471,1.8776,32,multigrid,10,2.365300e-02,6.691e-11,1.390e-10
fortran_omp,16,256,rough0.10,0.100000,0.039471,1.8776,32,multigrid,10,3.589000e-03,6.691e-11,1.390e-10
fortran_omp,32,256,rough0.10,0.100000,0.039471,1.8776,32,multigrid,10,4.585000e-03,6.691e-11,1.390e-10
fortran_serial,1,256,rough0.10,0.100000,0.039471,1.8776,32,multigrid,10,1.796790e-02,6.691e-11,1.390e-10
openacc,0,256,rough0.10,0.100000,0.039471,1.8776,32,multigrid,10,1.604010e-02,6.691e-11,1.390e-10
cuda,0,256,rough0.10,0.100000,0.039471,1.8776,32,multigrid,10,2.733885e-03,6.691e-11,1.390e-10
fortran_omp,1,256,rough0.10,0.100000,0.039471,1.8776,128,pcg_jacobi,869,4.742670e-01,9.889e-11,3.829e-10
fortran_omp,16,256,rough0.10,0.100000,0.039471,1.8776,128,pcg_jacobi,869,5.092000e-02,9.889e-11,3.829e-10
fortran_omp,32,256,rough0.10,0.100000,0.039471,1.8776,128,pcg_jacobi,869,6.978200e-02,9.889e-11,3.829e-10
fortran_serial,1,256,rough0.10,0.100000,0.039471,1.8776,128,pcg_jacobi,869,9.277920e-02,9.889e-11,3.829e-10
openacc,0,256,rough0.10,0.100000,0.039471,1.8776,128,pcg_jacobi,869,8.077190e-02,9.889e-11,3.829e-10
cuda,0,256,rough0.10,0.100000,0.039471,1.8776,128,pcg_jacobi,869,3.907636e-02,9.889e-11,3.829e-10
fortran_omp,1,256,rough0.10,0.100000,0.039471,1.8776,128,pcg_rbgs,435,5.135360e-01,9.340e-11,3.675e-10
fortran_omp,16,256,rough0.10,0.100000,0.039471,1.8776,128,pcg_rbgs,435,5.819290e-02,9.340e-11,3.675e-10
fortran_omp,32,256,rough0.10,0.100000,0.039471,1.8776,128,pcg_rbgs,435,6.256610e-02,9.340e-11,3.675e-10
fortran_serial,1,256,rough0.10,0.100000,0.039471,1.8776,128,pcg_rbgs,435,2.517960e-01,9.340e-11,3.675e-10
openacc,0,256,rough0.10,0.100000,0.039471,1.8776,128,pcg_rbgs,435,7.770590e-02,9.340e-11,3.675e-10
cuda,0,256,rough0.10,0.100000,0.039471,1.8776,128,pcg_rbgs,435,2.718776e-02,9.340e-11,3.675e-10
fortran_omp,1,256,rough0.10,0.100000,0.039471,1.8776,128,multigrid,11,2.608110e-02,6.312e-11,4.738e-09
fortran_omp,16,256,rough0.10,0.100000,0.039471,1.8776,128,multigrid,11,3.910100e-03,6.312e-11,4.738e-09
fortran_omp,32,256,rough0.10,0.100000,0.039471,1.8776,128,multigrid,11,5.108100e-03,6.312e-11,4.738e-09
fortran_serial,1,256,rough0.10,0.100000,0.039471,1.8776,128,multigrid,11,2.002190e-02,6.312e-11,4.738e-09
openacc,0,256,rough0.10,0.100000,0.039471,1.8776,128,multigrid,11,1.786390e-02,6.312e-11,4.738e-09
cuda,0,256,rough0.10,0.100000,0.039471,1.8776,128,multigrid,11,2.983623e-03,6.312e-11,4.738e-09
fortran_omp,1,256,rough0.20,0.200000,0.100884,3.9806,2,pcg_jacobi,23,1.281500e-02,4.214e-11,4.923e-11
fortran_omp,16,256,rough0.20,0.200000,0.100884,3.9806,2,pcg_jacobi,23,1.405000e-03,4.214e-11,4.923e-11
fortran_omp,32,256,rough0.20,0.200000,0.100884,3.9806,2,pcg_jacobi,23,1.125100e-03,4.214e-11,4.923e-11
fortran_serial,1,256,rough0.20,0.200000,0.100884,3.9806,2,pcg_jacobi,23,2.519100e-03,4.214e-11,4.923e-11
openacc,0,256,rough0.20,0.200000,0.100884,3.9806,2,pcg_jacobi,23,2.194900e-03,4.214e-11,4.923e-11
cuda,0,256,rough0.20,0.200000,0.100884,3.9806,2,pcg_jacobi,23,1.065813e-03,4.214e-11,4.923e-11
fortran_omp,1,256,rough0.20,0.200000,0.100884,3.9806,2,pcg_rbgs,11,1.308890e-02,9.163e-11,1.075e-10
fortran_omp,16,256,rough0.20,0.200000,0.100884,3.9806,2,pcg_rbgs,11,1.524900e-03,9.163e-11,1.075e-10
fortran_omp,32,256,rough0.20,0.200000,0.100884,3.9806,2,pcg_rbgs,11,1.095100e-03,9.163e-11,1.075e-10
fortran_serial,1,256,rough0.20,0.200000,0.100884,3.9806,2,pcg_rbgs,11,6.534900e-03,9.163e-11,1.075e-10
openacc,0,256,rough0.20,0.200000,0.100884,3.9806,2,pcg_rbgs,11,2.028900e-03,9.163e-11,1.075e-10
cuda,0,256,rough0.20,0.200000,0.100884,3.9806,2,pcg_rbgs,11,7.174150e-04,9.163e-11,1.075e-10
fortran_omp,1,256,rough0.20,0.200000,0.100884,3.9806,2,multigrid,5,1.177590e-02,9.975e-12,1.264e-11
fortran_omp,16,256,rough0.20,0.200000,0.100884,3.9806,2,multigrid,5,1.844200e-03,9.975e-12,1.264e-11
fortran_omp,32,256,rough0.20,0.200000,0.100884,3.9806,2,multigrid,5,1.349900e-03,9.975e-12,1.264e-11
fortran_serial,1,256,rough0.20,0.200000,0.100884,3.9806,2,multigrid,5,9.012900e-03,9.975e-12,1.264e-11
openacc,0,256,rough0.20,0.200000,0.100884,3.9806,2,multigrid,5,8.385900e-03,9.975e-12,1.264e-11
cuda,0,256,rough0.20,0.200000,0.100884,3.9806,2,multigrid,5,1.375470e-03,9.975e-12,1.264e-11
fortran_omp,1,256,rough0.20,0.200000,0.100884,3.9806,8,pcg_jacobi,81,4.437710e-02,8.709e-11,2.053e-10
fortran_omp,16,256,rough0.20,0.200000,0.100884,3.9806,8,pcg_jacobi,81,4.943900e-03,8.709e-11,2.053e-10
fortran_omp,32,256,rough0.20,0.200000,0.100884,3.9806,8,pcg_jacobi,81,5.677900e-03,8.709e-11,2.053e-10
fortran_serial,1,256,rough0.20,0.200000,0.100884,3.9806,8,pcg_jacobi,81,8.551900e-03,8.709e-11,2.053e-10
openacc,0,256,rough0.20,0.200000,0.100884,3.9806,8,pcg_jacobi,81,7.690900e-03,8.709e-11,2.053e-10
cuda,0,256,rough0.20,0.200000,0.100884,3.9806,8,pcg_jacobi,81,3.707488e-03,8.709e-11,2.053e-10
fortran_omp,1,256,rough0.20,0.200000,0.100884,3.9806,8,pcg_rbgs,41,4.862000e-02,6.141e-11,1.448e-10
fortran_omp,16,256,rough0.20,0.200000,0.100884,3.9806,8,pcg_rbgs,41,5.239900e-03,6.141e-11,1.448e-10
fortran_omp,32,256,rough0.20,0.200000,0.100884,3.9806,8,pcg_rbgs,41,6.743000e-03,6.141e-11,1.448e-10
fortran_serial,1,256,rough0.20,0.200000,0.100884,3.9806,8,pcg_rbgs,41,2.395700e-02,6.141e-11,1.448e-10
openacc,0,256,rough0.20,0.200000,0.100884,3.9806,8,pcg_rbgs,41,7.448900e-03,6.141e-11,1.448e-10
cuda,0,256,rough0.20,0.200000,0.100884,3.9806,8,pcg_rbgs,41,2.621646e-03,6.141e-11,1.448e-10
fortran_omp,1,256,rough0.20,0.200000,0.100884,3.9806,8,multigrid,9,2.123190e-02,3.630e-11,6.641e-11
fortran_omp,16,256,rough0.20,0.200000,0.100884,3.9806,8,multigrid,9,2.362000e-03,3.630e-11,6.641e-11
fortran_omp,32,256,rough0.20,0.200000,0.100884,3.9806,8,multigrid,9,2.430000e-03,3.630e-11,6.641e-11
fortran_serial,1,256,rough0.20,0.200000,0.100884,3.9806,8,multigrid,9,1.626080e-02,3.630e-11,6.641e-11
openacc,0,256,rough0.20,0.200000,0.100884,3.9806,8,multigrid,9,1.471090e-02,3.630e-11,6.641e-11
cuda,0,256,rough0.20,0.200000,0.100884,3.9806,8,multigrid,9,2.458229e-03,3.630e-11,6.641e-11
fortran_omp,1,256,rough0.20,0.200000,0.100884,3.9806,32,pcg_jacobi,295,1.609969e-01,9.714e-11,3.738e-10
fortran_omp,16,256,rough0.20,0.200000,0.100884,3.9806,32,pcg_jacobi,295,1.600100e-02,9.714e-11,3.738e-10
fortran_omp,32,256,rough0.20,0.200000,0.100884,3.9806,32,pcg_jacobi,295,2.951410e-02,9.714e-11,3.738e-10
fortran_serial,1,256,rough0.20,0.200000,0.100884,3.9806,32,pcg_jacobi,295,3.147000e-02,9.714e-11,3.738e-10
openacc,0,256,rough0.20,0.200000,0.100884,3.9806,32,pcg_jacobi,295,2.773400e-02,9.714e-11,3.738e-10
cuda,0,256,rough0.20,0.200000,0.100884,3.9806,32,pcg_jacobi,295,1.348890e-02,9.714e-11,3.738e-10
fortran_omp,1,256,rough0.20,0.200000,0.100884,3.9806,32,pcg_rbgs,148,1.749329e-01,8.773e-11,3.369e-10
fortran_omp,16,256,rough0.20,0.200000,0.100884,3.9806,32,pcg_rbgs,148,2.082010e-02,8.773e-11,3.369e-10
fortran_omp,32,256,rough0.20,0.200000,0.100884,3.9806,32,pcg_rbgs,148,1.464700e-02,8.773e-11,3.369e-10
fortran_serial,1,256,rough0.20,0.200000,0.100884,3.9806,32,pcg_rbgs,148,8.573790e-02,8.773e-11,3.369e-10
openacc,0,256,rough0.20,0.200000,0.100884,3.9806,32,pcg_rbgs,148,2.617100e-02,8.773e-11,3.369e-10
cuda,0,256,rough0.20,0.200000,0.100884,3.9806,32,pcg_rbgs,148,9.409353e-03,8.773e-11,3.369e-10
fortran_omp,1,256,rough0.20,0.200000,0.100884,3.9806,32,multigrid,10,2.368210e-02,6.265e-11,1.282e-10
fortran_omp,16,256,rough0.20,0.200000,0.100884,3.9806,32,multigrid,10,3.325000e-03,6.265e-11,1.282e-10
fortran_omp,32,256,rough0.20,0.200000,0.100884,3.9806,32,multigrid,10,2.632100e-03,6.265e-11,1.282e-10
fortran_serial,1,256,rough0.20,0.200000,0.100884,3.9806,32,multigrid,10,1.792900e-02,6.265e-11,1.282e-10
openacc,0,256,rough0.20,0.200000,0.100884,3.9806,32,multigrid,10,1.623520e-02,6.265e-11,1.282e-10
cuda,0,256,rough0.20,0.200000,0.100884,3.9806,32,multigrid,10,2.729519e-03,6.265e-11,1.282e-10
fortran_omp,1,256,rough0.20,0.200000,0.100884,3.9806,128,pcg_jacobi,855,4.672611e-01,9.826e-11,4.097e-10
fortran_omp,16,256,rough0.20,0.200000,0.100884,3.9806,128,pcg_jacobi,855,5.030390e-02,9.826e-11,4.097e-10
fortran_omp,32,256,rough0.20,0.200000,0.100884,3.9806,128,pcg_jacobi,855,7.735800e-02,9.826e-11,4.097e-10
fortran_serial,1,256,rough0.20,0.200000,0.100884,3.9806,128,pcg_jacobi,855,9.085200e-02,9.826e-11,4.097e-10
openacc,0,256,rough0.20,0.200000,0.100884,3.9806,128,pcg_jacobi,855,7.938790e-02,9.826e-11,4.097e-10
cuda,0,256,rough0.20,0.200000,0.100884,3.9806,128,pcg_jacobi,855,3.842541e-02,9.826e-11,4.097e-10
fortran_omp,1,256,rough0.20,0.200000,0.100884,3.9806,128,pcg_rbgs,428,5.046358e-01,9.517e-11,3.952e-10
fortran_omp,16,256,rough0.20,0.200000,0.100884,3.9806,128,pcg_rbgs,428,4.975010e-02,9.517e-11,3.952e-10
fortran_omp,32,256,rough0.20,0.200000,0.100884,3.9806,128,pcg_rbgs,428,5.067400e-02,9.517e-11,3.952e-10
fortran_serial,1,256,rough0.20,0.200000,0.100884,3.9806,128,pcg_rbgs,428,2.497330e-01,9.517e-11,3.952e-10
openacc,0,256,rough0.20,0.200000,0.100884,3.9806,128,pcg_rbgs,428,7.673690e-02,9.517e-11,3.952e-10
cuda,0,256,rough0.20,0.200000,0.100884,3.9806,128,pcg_rbgs,428,2.672112e-02,9.517e-11,3.952e-10
fortran_omp,1,256,rough0.20,0.200000,0.100884,3.9806,128,multigrid,11,2.577300e-02,1.719e-11,5.903e-10
fortran_omp,16,256,rough0.20,0.200000,0.100884,3.9806,128,multigrid,11,3.814900e-03,1.719e-11,5.903e-10
fortran_omp,32,256,rough0.20,0.200000,0.100884,3.9806,128,multigrid,11,5.750900e-03,1.719e-11,5.903e-10
fortran_serial,1,256,rough0.20,0.200000,0.100884,3.9806,128,multigrid,11,2.005010e-02,1.719e-11,5.903e-10
openacc,0,256,rough0.20,0.200000,0.100884,3.9806,128,multigrid,11,1.776890e-02,1.719e-11,5.903e-10
cuda,0,256,rough0.20,0.200000,0.100884,3.9806,128,multigrid,11,3.001280e-03,1.719e-11,5.903e-10
fortran_omp,1,256,rough0.40,0.398819,0.492183,23.2213,2,pcg_jacobi,22,1.205710e-02,6.321e-11,6.814e-11
fortran_omp,16,256,rough0.40,0.398819,0.492183,23.2213,2,pcg_jacobi,22,1.198000e-03,6.321e-11,6.814e-11
fortran_omp,32,256,rough0.40,0.398819,0.492183,23.2213,2,pcg_jacobi,22,1.082200e-03,6.321e-11,6.814e-11
fortran_serial,1,256,rough0.40,0.398819,0.492183,23.2213,2,pcg_jacobi,22,2.326000e-03,6.321e-11,6.814e-11
openacc,0,256,rough0.40,0.398819,0.492183,23.2213,2,pcg_jacobi,22,2.116000e-03,6.321e-11,6.814e-11
cuda,0,256,rough0.40,0.398819,0.492183,23.2213,2,pcg_jacobi,22,1.055467e-03,6.321e-11,6.814e-11
fortran_omp,1,256,rough0.40,0.398819,0.492183,23.2213,2,pcg_rbgs,11,1.312590e-02,4.841e-11,5.195e-11
fortran_omp,16,256,rough0.40,0.398819,0.492183,23.2213,2,pcg_rbgs,11,1.483900e-03,4.841e-11,5.195e-11
fortran_omp,32,256,rough0.40,0.398819,0.492183,23.2213,2,pcg_rbgs,11,1.091000e-03,4.841e-11,5.195e-11
fortran_serial,1,256,rough0.40,0.398819,0.492183,23.2213,2,pcg_rbgs,11,6.302100e-03,4.841e-11,5.195e-11
openacc,0,256,rough0.40,0.398819,0.492183,23.2213,2,pcg_rbgs,11,2.020200e-03,4.841e-11,5.195e-11
cuda,0,256,rough0.40,0.398819,0.492183,23.2213,2,pcg_rbgs,11,7.172660e-04,4.841e-11,5.195e-11
fortran_omp,1,256,rough0.40,0.398819,0.492183,23.2213,2,multigrid,5,1.179490e-02,4.436e-12,4.823e-12
fortran_omp,16,256,rough0.40,0.398819,0.492183,23.2213,2,multigrid,5,1.807900e-03,4.436e-12,4.823e-12
fortran_omp,32,256,rough0.40,0.398819,0.492183,23.2213,2,multigrid,5,1.333900e-03,4.436e-12,4.823e-12
fortran_serial,1,256,rough0.40,0.398819,0.492183,23.2213,2,multigrid,5,9.083100e-03,4.436e-12,4.823e-12
openacc,0,256,rough0.40,0.398819,0.492183,23.2213,2,multigrid,5,8.353900e-03,4.436e-12,4.823e-12
cuda,0,256,rough0.40,0.398819,0.492183,23.2213,2,multigrid,5,1.372957e-03,4.436e-12,4.823e-12
fortran_omp,1,256,rough0.40,0.398819,0.492183,23.2213,8,pcg_jacobi,78,4.253600e-02,9.059e-11,1.935e-10
fortran_omp,16,256,rough0.40,0.398819,0.492183,23.2213,8,pcg_jacobi,78,4.628900e-03,9.059e-11,1.935e-10
fortran_omp,32,256,rough0.40,0.398819,0.492183,23.2213,8,pcg_jacobi,78,3.819900e-03,9.059e-11,1.935e-10
fortran_serial,1,256,rough0.40,0.398819,0.492183,23.2213,8,pcg_jacobi,78,8.770000e-03,9.059e-11,1.935e-10
openacc,0,256,rough0.40,0.398819,0.492183,23.2213,8,pcg_jacobi,78,7.398900e-03,9.059e-11,1.935e-10
cuda,0,256,rough0.40,0.398819,0.492183,23.2213,8,pcg_jacobi,78,3.545593e-03,9.059e-11,1.935e-10
fortran_omp,1,256,rough0.40,0.398819,0.492183,23.2213,8,pcg_rbgs,39,4.582590e-02,8.291e-11,1.765e-10
fortran_omp,16,256,rough0.40,0.398819,0.492183,23.2213,8,pcg_rbgs,39,5.402100e-03,8.291e-11,1.765e-10
fortran_omp,32,256,rough0.40,0.398819,0.492183,23.2213,8,pcg_rbgs,39,3.795900e-03,8.291e-11,1.765e-10
fortran_serial,1,256,rough0.40,0.398819,0.492183,23.2213,8,pcg_rbgs,39,2.207210e-02,8.291e-11,1.765e-10
openacc,0,256,rough0.40,0.398819,0.492183,23.2213,8,pcg_rbgs,39,7.026900e-03,8.291e-11,1.765e-10
cuda,0,256,rough0.40,0.398819,0.492183,23.2213,8,pcg_rbgs,39,2.511679e-03,8.291e-11,1.765e-10
fortran_omp,1,256,rough0.40,0.398819,0.492183,23.2213,8,multigrid,9,2.109690e-02,2.250e-11,3.274e-11
fortran_omp,16,256,rough0.40,0.398819,0.492183,23.2213,8,multigrid,9,3.282100e-03,2.250e-11,3.274e-11
fortran_omp,32,256,rough0.40,0.398819,0.492183,23.2213,8,multigrid,9,2.408900e-03,2.250e-11,3.274e-11
fortran_serial,1,256,rough0.40,0.398819,0.492183,23.2213,8,multigrid,9,1.627310e-02,2.250e-11,3.274e-11
openacc,0,256,rough0.40,0.398819,0.492183,23.2213,8,multigrid,9,1.439000e-02,2.250e-11,3.274e-11
cuda,0,256,rough0.40,0.398819,0.492183,23.2213,8,multigrid,9,2.459400e-03,2.250e-11,3.274e-11
fortran_omp,1,256,rough0.40,0.398819,0.492183,23.2213,32,pcg_jacobi,270,1.466520e-01,9.801e-11,3.191e-10
fortran_omp,16,256,rough0.40,0.398819,0.492183,23.2213,32,pcg_jacobi,270,1.667290e-02,9.801e-11,3.191e-10
fortran_omp,32,256,rough0.40,0.398819,0.492183,23.2213,32,pcg_jacobi,270,1.952000e-02,9.801e-11,3.191e-10
fortran_serial,1,256,rough0.40,0.398819,0.492183,23.2213,32,pcg_jacobi,270,2.867690e-02,9.801e-11,3.191e-10
openacc,0,256,rough0.40,0.398819,0.492183,23.2213,32,pcg_jacobi,270,2.530500e-02,9.801e-11,3.191e-10
cuda,0,256,rough0.40,0.398819,0.492183,23.2213,32,pcg_jacobi,270,1.238783e-02,9.801e-11,3.191e-10
fortran_omp,1,256,rough0.40,0.398819,0.492183,23.2213,32,pcg_rbgs,135,1.598571e-01,9.512e-11,3.112e-10
fortran_omp,16,256,rough0.40,0.398819,0.492183,23.2213,32,pcg_rbgs,135,1.592580e-02,9.512e-11,3.112e-10
fortran_omp,32,256,rough0.40,0.398819,0.492183,23.2213,32,pcg_rbgs,135,2.474280e-02,9.512e-11,3.112e-10
fortran_serial,1,256,rough0.40,0.398819,0.492183,23.2213,32,pcg_rbgs,135,7.889200e-02,9.512e-11,3.112e-10
openacc,0,256,rough0.40,0.398819,0.492183,23.2213,32,pcg_rbgs,135,2.417800e-02,9.512e-11,3.112e-10
cuda,0,256,rough0.40,0.398819,0.492183,23.2213,32,pcg_rbgs,135,8.603103e-03,9.512e-11,3.112e-10
fortran_omp,1,256,rough0.40,0.398819,0.492183,23.2213,32,multigrid,10,2.346300e-02,5.712e-11,1.102e-10
fortran_omp,16,256,rough0.40,0.398819,0.492183,23.2213,32,multigrid,10,3.515000e-03,5.712e-11,1.102e-10
fortran_omp,32,256,rough0.40,0.398819,0.492183,23.2213,32,multigrid,10,2.707000e-03,5.712e-11,1.102e-10
fortran_serial,1,256,rough0.40,0.398819,0.492183,23.2213,32,multigrid,10,1.859780e-02,5.712e-11,1.102e-10
openacc,0,256,rough0.40,0.398819,0.492183,23.2213,32,multigrid,10,1.591710e-02,5.712e-11,1.102e-10
cuda,0,256,rough0.40,0.398819,0.492183,23.2213,32,multigrid,10,2.731582e-03,5.712e-11,1.102e-10
fortran_omp,1,256,rough0.40,0.398819,0.492183,23.2213,128,pcg_jacobi,811,4.397402e-01,9.709e-11,4.069e-10
fortran_omp,16,256,rough0.40,0.398819,0.492183,23.2213,128,pcg_jacobi,811,4.428700e-02,9.709e-11,4.069e-10
fortran_omp,32,256,rough0.40,0.398819,0.492183,23.2213,128,pcg_jacobi,811,8.648300e-02,9.709e-11,4.069e-10
fortran_serial,1,256,rough0.40,0.398819,0.492183,23.2213,128,pcg_jacobi,811,8.710510e-02,9.709e-11,4.069e-10
openacc,0,256,rough0.40,0.398819,0.492183,23.2213,128,pcg_jacobi,811,7.524300e-02,9.709e-11,4.069e-10
cuda,0,256,rough0.40,0.398819,0.492183,23.2213,128,pcg_jacobi,811,3.641618e-02,9.709e-11,4.069e-10
fortran_omp,1,256,rough0.40,0.398819,0.492183,23.2213,128,pcg_rbgs,406,4.787559e-01,9.255e-11,3.954e-10
fortran_omp,16,256,rough0.40,0.398819,0.492183,23.2213,128,pcg_rbgs,406,4.121900e-02,9.255e-11,3.954e-10
fortran_omp,32,256,rough0.40,0.398819,0.492183,23.2213,128,pcg_rbgs,406,7.980800e-02,9.255e-11,3.954e-10
fortran_serial,1,256,rough0.40,0.398819,0.492183,23.2213,128,pcg_rbgs,406,2.371271e-01,9.255e-11,3.954e-10
openacc,0,256,rough0.40,0.398819,0.492183,23.2213,128,pcg_rbgs,406,7.232720e-02,9.255e-11,3.954e-10
cuda,0,256,rough0.40,0.398819,0.492183,23.2213,128,pcg_rbgs,406,2.571081e-02,9.255e-11,3.954e-10
fortran_omp,1,256,rough0.40,0.398819,0.492183,23.2213,128,multigrid,11,2.588390e-02,2.089e-11,6.310e-11
fortran_omp,16,256,rough0.40,0.398819,0.492183,23.2213,128,multigrid,11,2.846000e-03,2.089e-11,6.310e-11
fortran_omp,32,256,rough0.40,0.398819,0.492183,23.2213,128,multigrid,11,4.844900e-03,2.089e-11,6.310e-11
fortran_serial,1,256,rough0.40,0.398819,0.492183,23.2213,128,multigrid,11,1.976800e-02,2.089e-11,6.310e-11
openacc,0,256,rough0.40,0.398819,0.492183,23.2213,128,multigrid,11,1.743880e-02,2.089e-11,6.310e-11
cuda,0,256,rough0.40,0.398819,0.492183,23.2213,128,multigrid,11,3.003443e-03,2.089e-11,6.310e-11
fortran_omp,1,256,seamount,0.112374,0.054026,9.9318,2,pcg_jacobi,24,1.317310e-02,9.498e-11,1.171e-10
fortran_omp,16,256,seamount,0.112374,0.054026,9.9318,2,pcg_jacobi,24,1.499200e-03,9.498e-11,1.171e-10
fortran_omp,32,256,seamount,0.112374,0.054026,9.9318,2,pcg_jacobi,24,1.641100e-03,9.498e-11,1.171e-10
fortran_serial,1,256,seamount,0.112374,0.054026,9.9318,2,pcg_jacobi,24,2.542000e-03,9.498e-11,1.171e-10
openacc,0,256,seamount,0.112374,0.054026,9.9318,2,pcg_jacobi,24,2.311000e-03,9.498e-11,1.171e-10
cuda,0,256,seamount,0.112374,0.054026,9.9318,2,pcg_jacobi,24,1.129309e-03,9.498e-11,1.171e-10
fortran_omp,1,256,seamount,0.112374,0.054026,9.9318,2,pcg_rbgs,12,1.444220e-02,7.685e-11,9.458e-11
fortran_omp,16,256,seamount,0.112374,0.054026,9.9318,2,pcg_rbgs,12,1.720000e-03,7.685e-11,9.458e-11
fortran_omp,32,256,seamount,0.112374,0.054026,9.9318,2,pcg_rbgs,12,1.852000e-03,7.685e-11,9.458e-11
fortran_serial,1,256,seamount,0.112374,0.054026,9.9318,2,pcg_rbgs,12,7.206900e-03,7.685e-11,9.458e-11
openacc,0,256,seamount,0.112374,0.054026,9.9318,2,pcg_rbgs,12,2.202000e-03,7.685e-11,9.458e-11
cuda,0,256,seamount,0.112374,0.054026,9.9318,2,pcg_rbgs,12,7.850780e-04,7.685e-11,9.458e-11
fortran_omp,1,256,seamount,0.112374,0.054026,9.9318,2,multigrid,6,1.412890e-02,2.524e-12,3.832e-12
fortran_omp,16,256,seamount,0.112374,0.054026,9.9318,2,multigrid,6,2.136900e-03,2.524e-12,3.832e-12
fortran_omp,32,256,seamount,0.112374,0.054026,9.9318,2,multigrid,6,1.610000e-03,2.524e-12,3.832e-12
fortran_serial,1,256,seamount,0.112374,0.054026,9.9318,2,multigrid,6,1.124720e-02,2.524e-12,3.832e-12
openacc,0,256,seamount,0.112374,0.054026,9.9318,2,multigrid,6,9.707900e-03,2.524e-12,3.832e-12
cuda,0,256,seamount,0.112374,0.054026,9.9318,2,multigrid,6,1.646450e-03,2.524e-12,3.832e-12
fortran_omp,1,256,seamount,0.112374,0.054026,9.9318,8,pcg_jacobi,91,4.963590e-02,9.111e-11,2.138e-10
fortran_omp,16,256,seamount,0.112374,0.054026,9.9318,8,pcg_jacobi,91,5.765200e-03,9.111e-11,2.138e-10
fortran_omp,32,256,seamount,0.112374,0.054026,9.9318,8,pcg_jacobi,91,4.504900e-03,9.111e-11,2.138e-10
fortran_serial,1,256,seamount,0.112374,0.054026,9.9318,8,pcg_jacobi,91,9.615900e-03,9.111e-11,2.138e-10
openacc,0,256,seamount,0.112374,0.054026,9.9318,8,pcg_jacobi,91,8.619100e-03,9.111e-11,2.138e-10
cuda,0,256,seamount,0.112374,0.054026,9.9318,8,pcg_jacobi,91,4.173443e-03,9.111e-11,2.138e-10
fortran_omp,1,256,seamount,0.112374,0.054026,9.9318,8,pcg_rbgs,46,5.436200e-02,6.573e-11,1.551e-10
fortran_omp,16,256,seamount,0.112374,0.054026,9.9318,8,pcg_rbgs,46,6.466100e-03,6.573e-11,1.551e-10
fortran_omp,32,256,seamount,0.112374,0.054026,9.9318,8,pcg_rbgs,46,4.370200e-03,6.573e-11,1.551e-10
fortran_serial,1,256,seamount,0.112374,0.054026,9.9318,8,pcg_rbgs,46,2.580720e-02,6.573e-11,1.551e-10
openacc,0,256,seamount,0.112374,0.054026,9.9318,8,pcg_rbgs,46,8.270000e-03,6.573e-11,1.551e-10
cuda,0,256,seamount,0.112374,0.054026,9.9318,8,pcg_rbgs,46,2.956231e-03,6.573e-11,1.551e-10
fortran_omp,1,256,seamount,0.112374,0.054026,9.9318,8,multigrid,9,2.118590e-02,7.984e-11,1.588e-10
fortran_omp,16,256,seamount,0.112374,0.054026,9.9318,8,multigrid,9,3.259200e-03,7.984e-11,1.588e-10
fortran_omp,32,256,seamount,0.112374,0.054026,9.9318,8,multigrid,9,3.862800e-03,7.984e-11,1.588e-10
fortran_serial,1,256,seamount,0.112374,0.054026,9.9318,8,multigrid,9,1.638510e-02,7.984e-11,1.588e-10
openacc,0,256,seamount,0.112374,0.054026,9.9318,8,multigrid,9,1.445700e-02,7.984e-11,1.588e-10
cuda,0,256,seamount,0.112374,0.054026,9.9318,8,multigrid,9,2.462205e-03,7.984e-11,1.588e-10
fortran_omp,1,256,seamount,0.112374,0.054026,9.9318,32,pcg_jacobi,341,1.853352e-01,9.567e-11,3.616e-10
fortran_omp,16,256,seamount,0.112374,0.054026,9.9318,32,pcg_jacobi,341,2.106000e-02,9.567e-11,3.616e-10
fortran_omp,32,256,seamount,0.112374,0.054026,9.9318,32,pcg_jacobi,341,1.660400e-02,9.567e-11,3.616e-10
fortran_serial,1,256,seamount,0.112374,0.054026,9.9318,32,pcg_jacobi,341,3.638600e-02,9.567e-11,3.616e-10
openacc,0,256,seamount,0.112374,0.054026,9.9318,32,pcg_jacobi,341,3.193300e-02,9.567e-11,3.616e-10
cuda,0,256,seamount,0.112374,0.054026,9.9318,32,pcg_jacobi,341,1.554728e-02,9.567e-11,3.616e-10
fortran_omp,1,256,seamount,0.112374,0.054026,9.9318,32,pcg_rbgs,171,2.015059e-01,8.834e-11,3.306e-10
fortran_omp,16,256,seamount,0.112374,0.054026,9.9318,32,pcg_rbgs,171,1.769500e-02,8.834e-11,3.306e-10
fortran_omp,32,256,seamount,0.112374,0.054026,9.9318,32,pcg_rbgs,171,1.675100e-02,8.834e-11,3.306e-10
fortran_serial,1,256,seamount,0.112374,0.054026,9.9318,32,pcg_rbgs,171,1.015060e-01,8.834e-11,3.306e-10
openacc,0,256,seamount,0.112374,0.054026,9.9318,32,pcg_rbgs,171,3.074700e-02,8.834e-11,3.306e-10
cuda,0,256,seamount,0.112374,0.054026,9.9318,32,pcg_rbgs,171,1.085907e-02,8.834e-11,3.306e-10
fortran_omp,1,256,seamount,0.112374,0.054026,9.9318,32,multigrid,10,2.388190e-02,7.143e-11,1.491e-10
fortran_omp,16,256,seamount,0.112374,0.054026,9.9318,32,multigrid,10,3.551000e-03,7.143e-11,1.491e-10
fortran_omp,32,256,seamount,0.112374,0.054026,9.9318,32,multigrid,10,2.631000e-03,7.143e-11,1.491e-10
fortran_serial,1,256,seamount,0.112374,0.054026,9.9318,32,multigrid,10,1.808000e-02,7.143e-11,1.491e-10
openacc,0,256,seamount,0.112374,0.054026,9.9318,32,multigrid,10,1.616880e-02,7.143e-11,1.491e-10
cuda,0,256,seamount,0.112374,0.054026,9.9318,32,multigrid,10,2.732123e-03,7.143e-11,1.491e-10
fortran_omp,1,256,seamount,0.112374,0.054026,9.9318,128,pcg_jacobi,864,4.688220e-01,9.767e-11,3.199e-10
fortran_omp,16,256,seamount,0.112374,0.054026,9.9318,128,pcg_jacobi,864,4.723600e-02,9.767e-11,3.199e-10
fortran_omp,32,256,seamount,0.112374,0.054026,9.9318,128,pcg_jacobi,864,6.327390e-02,9.767e-11,3.199e-10
fortran_serial,1,256,seamount,0.112374,0.054026,9.9318,128,pcg_jacobi,864,9.282590e-02,9.767e-11,3.199e-10
openacc,0,256,seamount,0.112374,0.054026,9.9318,128,pcg_jacobi,864,7.951090e-02,9.767e-11,3.199e-10
cuda,0,256,seamount,0.112374,0.054026,9.9318,128,pcg_jacobi,864,3.932921e-02,9.767e-11,3.199e-10
fortran_omp,1,256,seamount,0.112374,0.054026,9.9318,128,pcg_rbgs,432,5.102110e-01,9.621e-11,3.179e-10
fortran_omp,16,256,seamount,0.112374,0.054026,9.9318,128,pcg_rbgs,432,4.511190e-02,9.621e-11,3.179e-10
fortran_omp,32,256,seamount,0.112374,0.054026,9.9318,128,pcg_rbgs,432,4.172810e-02,9.621e-11,3.179e-10
fortran_serial,1,256,seamount,0.112374,0.054026,9.9318,128,pcg_rbgs,432,2.520170e-01,9.621e-11,3.179e-10
openacc,0,256,seamount,0.112374,0.054026,9.9318,128,pcg_rbgs,432,7.673480e-02,9.621e-11,3.179e-10
cuda,0,256,seamount,0.112374,0.054026,9.9318,128,pcg_rbgs,432,2.734570e-02,9.621e-11,3.179e-10
fortran_omp,1,256,seamount,0.112374,0.054026,9.9318,128,multigrid,13,3.100200e-02,8.527e-11,7.807e-09
fortran_omp,16,256,seamount,0.112374,0.054026,9.9318,128,multigrid,13,4.523000e-03,8.527e-11,7.807e-09
fortran_omp,32,256,seamount,0.112374,0.054026,9.9318,128,multigrid,13,5.490000e-03,8.527e-11,7.807e-09
fortran_serial,1,256,seamount,0.112374,0.054026,9.9318,128,multigrid,13,2.418590e-02,8.527e-11,7.807e-09
openacc,0,256,seamount,0.112374,0.054026,9.9318,128,multigrid,13,2.046490e-02,8.527e-11,7.807e-09
cuda,0,256,seamount,0.112374,0.054026,9.9318,128,multigrid,13,3.544782e-03,8.527e-11,7.807e-09
fortran_omp,1,256,ridge,0.328159,0.054138,9.9658,2,pcg_jacobi,24,1.318290e-02,8.737e-11,1.008e-10
fortran_omp,16,256,ridge,0.328159,0.054138,9.9658,2,pcg_jacobi,24,1.312000e-03,8.737e-11,1.008e-10
fortran_omp,32,256,ridge,0.328159,0.054138,9.9658,2,pcg_jacobi,24,1.180900e-03,8.737e-11,1.008e-10
fortran_serial,1,256,ridge,0.328159,0.054138,9.9658,2,pcg_jacobi,24,2.534200e-03,8.737e-11,1.008e-10
openacc,0,256,ridge,0.328159,0.054138,9.9658,2,pcg_jacobi,24,2.293900e-03,8.737e-11,1.008e-10
cuda,0,256,ridge,0.328159,0.054138,9.9658,2,pcg_jacobi,24,1.127295e-03,8.737e-11,1.008e-10
fortran_omp,1,256,ridge,0.328159,0.054138,9.9658,2,pcg_rbgs,12,1.437800e-02,7.072e-11,8.149e-11
fortran_omp,16,256,ridge,0.328159,0.054138,9.9658,2,pcg_rbgs,12,1.216000e-03,7.072e-11,8.149e-11
fortran_omp,32,256,ridge,0.328159,0.054138,9.9658,2,pcg_rbgs,12,1.147100e-03,7.072e-11,8.149e-11
fortran_serial,1,256,ridge,0.328159,0.054138,9.9658,2,pcg_rbgs,12,6.994000e-03,7.072e-11,8.149e-11
openacc,0,256,ridge,0.328159,0.054138,9.9658,2,pcg_rbgs,12,2.208900e-03,7.072e-11,8.149e-11
cuda,0,256,ridge,0.328159,0.054138,9.9658,2,pcg_rbgs,12,7.858490e-04,7.072e-11,8.149e-11
fortran_omp,1,256,ridge,0.328159,0.054138,9.9658,2,multigrid,6,1.412390e-02,2.119e-12,2.823e-12
fortran_omp,16,256,ridge,0.328159,0.054138,9.9658,2,multigrid,6,2.098800e-03,2.119e-12,2.823e-12
fortran_omp,32,256,ridge,0.328159,0.054138,9.9658,2,multigrid,6,2.549200e-03,2.119e-12,2.823e-12
fortran_serial,1,256,ridge,0.328159,0.054138,9.9658,2,multigrid,6,1.134390e-02,2.119e-12,2.823e-12
openacc,0,256,ridge,0.328159,0.054138,9.9658,2,multigrid,6,9.852900e-03,2.119e-12,2.823e-12
cuda,0,256,ridge,0.328159,0.054138,9.9658,2,multigrid,6,1.644297e-03,2.119e-12,2.823e-12
fortran_omp,1,256,ridge,0.328159,0.054138,9.9658,8,pcg_jacobi,91,4.956600e-02,8.495e-11,1.682e-10
fortran_omp,16,256,ridge,0.328159,0.054138,9.9658,8,pcg_jacobi,91,4.909900e-03,8.495e-11,1.682e-10
fortran_omp,32,256,ridge,0.328159,0.054138,9.9658,8,pcg_jacobi,91,4.738100e-03,8.495e-11,1.682e-10
fortran_serial,1,256,ridge,0.328159,0.054138,9.9658,8,pcg_jacobi,91,9.795900e-03,8.495e-11,1.682e-10
openacc,0,256,ridge,0.328159,0.054138,9.9658,8,pcg_jacobi,91,8.596000e-03,8.495e-11,1.682e-10
cuda,0,256,ridge,0.328159,0.054138,9.9658,8,pcg_jacobi,91,4.158129e-03,8.495e-11,1.682e-10
fortran_omp,1,256,ridge,0.328159,0.054138,9.9658,8,pcg_rbgs,46,5.440400e-02,6.140e-11,1.222e-10
fortran_omp,16,256,ridge,0.328159,0.054138,9.9658,8,pcg_rbgs,46,4.821100e-03,6.140e-11,1.222e-10
fortran_omp,32,256,ridge,0.328159,0.054138,9.9658,8,pcg_rbgs,46,4.521100e-03,6.140e-11,1.222e-10
fortran_serial,1,256,ridge,0.328159,0.054138,9.9658,8,pcg_rbgs,46,2.666520e-02,6.140e-11,1.222e-10
openacc,0,256,ridge,0.328159,0.054138,9.9658,8,pcg_rbgs,46,8.371100e-03,6.140e-11,1.222e-10
cuda,0,256,ridge,0.328159,0.054138,9.9658,8,pcg_rbgs,46,2.947108e-03,6.140e-11,1.222e-10
fortran_omp,1,256,ridge,0.328159,0.054138,9.9658,8,multigrid,9,2.113010e-02,6.874e-11,1.071e-10
fortran_omp,16,256,ridge,0.328159,0.054138,9.9658,8,multigrid,9,3.254900e-03,6.874e-11,1.071e-10
fortran_omp,32,256,ridge,0.328159,0.054138,9.9658,8,multigrid,9,2.371100e-03,6.874e-11,1.071e-10
fortran_serial,1,256,ridge,0.328159,0.054138,9.9658,8,multigrid,9,1.641590e-02,6.874e-11,1.071e-10
openacc,0,256,ridge,0.328159,0.054138,9.9658,8,multigrid,9,1.451610e-02,6.874e-11,1.071e-10
cuda,0,256,ridge,0.328159,0.054138,9.9658,8,multigrid,9,2.463767e-03,6.874e-11,1.071e-10
fortran_omp,1,256,ridge,0.328159,0.054138,9.9658,32,pcg_jacobi,343,1.869250e-01,9.965e-11,3.428e-10
fortran_omp,16,256,ridge,0.328159,0.054138,9.9658,32,pcg_jacobi,343,1.855300e-02,9.965e-11,3.428e-10
fortran_omp,32,256,ridge,0.328159,0.054138,9.9658,32,pcg_jacobi,343,3.511280e-02,9.965e-11,3.428e-10
fortran_serial,1,256,ridge,0.328159,0.054138,9.9658,32,pcg_jacobi,343,3.614020e-02,9.965e-11,3.428e-10
openacc,0,256,ridge,0.328159,0.054138,9.9658,32,pcg_jacobi,343,3.215380e-02,9.965e-11,3.428e-10
cuda,0,256,ridge,0.328159,0.054138,9.9658,32,pcg_jacobi,343,1.563296e-02,9.965e-11,3.428e-10
fortran_omp,1,256,ridge,0.328159,0.054138,9.9658,32,pcg_rbgs,172,2.034380e-01,9.154e-11,3.106e-10
fortran_omp,16,256,ridge,0.328159,0.054138,9.9658,32,pcg_rbgs,172,1.822800e-02,9.154e-11,3.106e-10
fortran_omp,32,256,ridge,0.328159,0.054138,9.9658,32,pcg_rbgs,172,3.264090e-02,9.154e-11,3.106e-10
fortran_serial,1,256,ridge,0.328159,0.054138,9.9658,32,pcg_rbgs,172,9.975200e-02,9.154e-11,3.106e-10
openacc,0,256,ridge,0.328159,0.054138,9.9658,32,pcg_rbgs,172,3.082680e-02,9.154e-11,3.106e-10
cuda,0,256,ridge,0.328159,0.054138,9.9658,32,pcg_rbgs,172,1.092982e-02,9.154e-11,3.106e-10
fortran_omp,1,256,ridge,0.328159,0.054138,9.9658,32,multigrid,10,2.348110e-02,6.686e-11,1.268e-10
fortran_omp,16,256,ridge,0.328159,0.054138,9.9658,32,multigrid,10,3.541000e-03,6.686e-11,1.268e-10
fortran_omp,32,256,ridge,0.328159,0.054138,9.9658,32,multigrid,10,4.316800e-03,6.686e-11,1.268e-10
fortran_serial,1,256,ridge,0.328159,0.054138,9.9658,32,multigrid,10,1.804400e-02,6.686e-11,1.268e-10
openacc,0,256,ridge,0.328159,0.054138,9.9658,32,multigrid,10,1.604420e-02,6.686e-11,1.268e-10
cuda,0,256,ridge,0.328159,0.054138,9.9658,32,multigrid,10,2.730100e-03,6.686e-11,1.268e-10
fortran_omp,1,256,ridge,0.328159,0.054138,9.9658,128,pcg_jacobi,877,4.784119e-01,9.690e-11,1.503e-10
fortran_omp,16,256,ridge,0.328159,0.054138,9.9658,128,pcg_jacobi,877,5.145400e-02,9.690e-11,1.503e-10
fortran_omp,32,256,ridge,0.328159,0.054138,9.9658,128,pcg_jacobi,877,4.295580e-02,9.690e-11,1.503e-10
fortran_serial,1,256,ridge,0.328159,0.054138,9.9658,128,pcg_jacobi,877,9.482410e-02,9.690e-11,1.503e-10
openacc,0,256,ridge,0.328159,0.054138,9.9658,128,pcg_jacobi,877,8.119390e-02,9.690e-11,1.503e-10
cuda,0,256,ridge,0.328159,0.054138,9.9658,128,pcg_jacobi,877,3.946259e-02,9.690e-11,1.503e-10
fortran_omp,1,256,ridge,0.328159,0.054138,9.9658,128,pcg_rbgs,439,5.160100e-01,9.076e-11,1.411e-10
fortran_omp,16,256,ridge,0.328159,0.054138,9.9658,128,pcg_rbgs,439,6.254200e-02,9.076e-11,1.411e-10
fortran_omp,32,256,ridge,0.328159,0.054138,9.9658,128,pcg_rbgs,439,4.304220e-02,9.076e-11,1.411e-10
fortran_serial,1,256,ridge,0.328159,0.054138,9.9658,128,pcg_rbgs,439,2.621431e-01,9.076e-11,1.411e-10
openacc,0,256,ridge,0.328159,0.054138,9.9658,128,pcg_rbgs,439,7.851200e-02,9.076e-11,1.411e-10
cuda,0,256,ridge,0.328159,0.054138,9.9658,128,pcg_rbgs,439,2.735285e-02,9.076e-11,1.411e-10
fortran_omp,1,256,ridge,0.328159,0.054138,9.9658,128,multigrid,13,3.050990e-02,4.595e-11,3.397e-09
fortran_omp,16,256,ridge,0.328159,0.054138,9.9658,128,multigrid,13,4.463900e-03,4.595e-11,3.397e-09
fortran_omp,32,256,ridge,0.328159,0.054138,9.9658,128,multigrid,13,7.239100e-03,4.595e-11,3.397e-09
fortran_serial,1,256,ridge,0.328159,0.054138,9.9658,128,multigrid,13,2.331090e-02,4.595e-11,3.397e-09
openacc,0,256,ridge,0.328159,0.054138,9.9658,128,multigrid,13,2.057320e-02,4.595e-11,3.397e-09
cuda,0,256,ridge,0.328159,0.054138,9.9658,128,multigrid,13,3.548928e-03,4.595e-11,3.397e-09
fortran_omp,1,512,flat,0.000000,0.000000,1.0000,2,pcg_jacobi,24,5.216780e-02,9.618e-11,1.187e-10
fortran_omp,16,512,flat,0.000000,0.000000,1.0000,2,pcg_jacobi,24,4.015000e-03,9.618e-11,1.187e-10
fortran_omp,32,512,flat,0.000000,0.000000,1.0000,2,pcg_jacobi,24,3.275200e-03,9.618e-11,1.187e-10
fortran_serial,1,512,flat,0.000000,0.000000,1.0000,2,pcg_jacobi,24,9.920100e-03,9.618e-11,1.187e-10
openacc,0,512,flat,0.000000,0.000000,1.0000,2,pcg_jacobi,24,2.590900e-03,9.618e-11,1.187e-10
cuda,0,512,flat,0.000000,0.000000,1.0000,2,pcg_jacobi,24,1.536704e-03,9.618e-11,1.187e-10
fortran_omp,1,512,flat,0.000000,0.000000,1.0000,2,pcg_rbgs,12,5.644590e-02,7.742e-11,9.552e-11
fortran_omp,16,512,flat,0.000000,0.000000,1.0000,2,pcg_rbgs,12,4.304900e-03,7.742e-11,9.552e-11
fortran_omp,32,512,flat,0.000000,0.000000,1.0000,2,pcg_rbgs,12,3.687100e-03,7.742e-11,9.552e-11
fortran_serial,1,512,flat,0.000000,0.000000,1.0000,2,pcg_rbgs,12,2.753710e-02,7.742e-11,9.552e-11
openacc,0,512,flat,0.000000,0.000000,1.0000,2,pcg_rbgs,12,2.480000e-03,7.742e-11,9.552e-11
cuda,0,512,flat,0.000000,0.000000,1.0000,2,pcg_rbgs,12,1.348420e-03,7.742e-11,9.552e-11
fortran_omp,1,512,flat,0.000000,0.000000,1.0000,2,multigrid,6,5.636900e-02,2.651e-12,4.126e-12
fortran_omp,16,512,flat,0.000000,0.000000,1.0000,2,multigrid,6,4.827900e-03,2.651e-12,4.126e-12
fortran_omp,32,512,flat,0.000000,0.000000,1.0000,2,multigrid,6,5.234000e-03,2.651e-12,4.126e-12
fortran_serial,1,512,flat,0.000000,0.000000,1.0000,2,multigrid,6,4.365500e-02,2.651e-12,4.126e-12
openacc,0,512,flat,0.000000,0.000000,1.0000,2,multigrid,6,1.439410e-02,2.651e-12,4.126e-12
cuda,0,512,flat,0.000000,0.000000,1.0000,2,multigrid,6,2.406500e-03,2.651e-12,4.126e-12
fortran_omp,1,512,flat,0.000000,0.000000,1.0000,8,pcg_jacobi,91,1.963558e-01,9.293e-11,2.260e-10
fortran_omp,16,512,flat,0.000000,0.000000,1.0000,8,pcg_jacobi,91,1.800510e-02,9.293e-11,2.260e-10
fortran_omp,32,512,flat,0.000000,0.000000,1.0000,8,pcg_jacobi,91,2.101090e-02,9.293e-11,2.260e-10
fortran_serial,1,512,flat,0.000000,0.000000,1.0000,8,pcg_jacobi,91,3.670280e-02,9.293e-11,2.260e-10
openacc,0,512,flat,0.000000,0.000000,1.0000,8,pcg_jacobi,91,9.541000e-03,9.293e-11,2.260e-10
cuda,0,512,flat,0.000000,0.000000,1.0000,8,pcg_jacobi,91,5.711650e-03,9.293e-11,2.260e-10
fortran_omp,1,512,flat,0.000000,0.000000,1.0000,8,pcg_rbgs,46,2.154050e-01,6.762e-11,1.639e-10
fortran_omp,16,512,flat,0.000000,0.000000,1.0000,8,pcg_rbgs,46,2.390220e-02,6.762e-11,1.639e-10
fortran_omp,32,512,flat,0.000000,0.000000,1.0000,8,pcg_rbgs,46,1.412200e-02,6.762e-11,1.639e-10
fortran_serial,1,512,flat,0.000000,0.000000,1.0000,8,pcg_rbgs,46,1.049859e-01,6.762e-11,1.639e-10
openacc,0,512,flat,0.000000,0.000000,1.0000,8,pcg_rbgs,46,9.443100e-03,6.762e-11,1.639e-10
cuda,0,512,flat,0.000000,0.000000,1.0000,8,pcg_rbgs,46,5.046013e-03,6.762e-11,1.639e-10
fortran_omp,1,512,flat,0.000000,0.000000,1.0000,8,multigrid,9,8.551910e-02,7.926e-11,1.627e-10
fortran_omp,16,512,flat,0.000000,0.000000,1.0000,8,multigrid,9,7.044100e-03,7.926e-11,1.627e-10
fortran_omp,32,512,flat,0.000000,0.000000,1.0000,8,multigrid,9,6.802000e-03,7.926e-11,1.627e-10
fortran_serial,1,512,flat,0.000000,0.000000,1.0000,8,multigrid,9,6.521910e-02,7.926e-11,1.627e-10
openacc,0,512,flat,0.000000,0.000000,1.0000,8,multigrid,9,2.155120e-02,7.926e-11,1.627e-10
cuda,0,512,flat,0.000000,0.000000,1.0000,8,multigrid,9,3.597281e-03,7.926e-11,1.627e-10
fortran_omp,1,512,flat,0.000000,0.000000,1.0000,32,pcg_jacobi,348,7.494252e-01,9.933e-11,4.778e-10
fortran_omp,16,512,flat,0.000000,0.000000,1.0000,32,pcg_jacobi,348,6.412500e-02,9.933e-11,4.778e-10
fortran_omp,32,512,flat,0.000000,0.000000,1.0000,32,pcg_jacobi,348,4.737400e-02,9.933e-11,4.778e-10
fortran_serial,1,512,flat,0.000000,0.000000,1.0000,32,pcg_jacobi,348,1.423600e-01,9.933e-11,4.778e-10
openacc,0,512,flat,0.000000,0.000000,1.0000,32,pcg_jacobi,348,3.589480e-02,9.933e-11,4.778e-10
cuda,0,512,flat,0.000000,0.000000,1.0000,32,pcg_jacobi,348,2.164991e-02,9.933e-11,4.778e-10
fortran_omp,1,512,flat,0.000000,0.000000,1.0000,32,pcg_rbgs,174,8.198149e-01,9.738e-11,4.699e-10
fortran_omp,16,512,flat,0.000000,0.000000,1.0000,32,pcg_rbgs,174,6.147500e-02,9.738e-11,4.699e-10
fortran_omp,32,512,flat,0.000000,0.000000,1.0000,32,pcg_rbgs,174,8.679800e-02,9.738e-11,4.699e-10
fortran_serial,1,512,flat,0.000000,0.000000,1.0000,32,pcg_rbgs,174,4.043870e-01,9.738e-11,4.699e-10
openacc,0,512,flat,0.000000,0.000000,1.0000,32,pcg_rbgs,174,3.500010e-02,9.738e-11,4.699e-10
cuda,0,512,flat,0.000000,0.000000,1.0000,32,pcg_rbgs,174,1.893231e-02,9.738e-11,4.699e-10
fortran_omp,1,512,flat,0.000000,0.000000,1.0000,32,multigrid,10,9.370300e-02,6.961e-11,1.630e-10
fortran_omp,16,512,flat,0.000000,0.000000,1.0000,32,multigrid,10,1.181690e-02,6.961e-11,1.630e-10
fortran_omp,32,512,flat,0.000000,0.000000,1.0000,32,multigrid,10,1.352220e-02,6.961e-11,1.630e-10
fortran_serial,1,512,flat,0.000000,0.000000,1.0000,32,multigrid,10,7.332680e-02,6.961e-11,1.630e-10
openacc,0,512,flat,0.000000,0.000000,1.0000,32,multigrid,10,2.355500e-02,6.961e-11,1.630e-10
cuda,0,512,flat,0.000000,0.000000,1.0000,32,multigrid,10,3.993490e-03,6.961e-11,1.630e-10
fortran_omp,1,512,flat,0.000000,0.000000,1.0000,128,pcg_jacobi,948,2.041189e+00,9.949e-11,2.258e-10
fortran_omp,16,512,flat,0.000000,0.000000,1.0000,128,pcg_jacobi,948,1.753800e-01,9.949e-11,2.258e-10
fortran_omp,32,512,flat,0.000000,0.000000,1.0000,128,pcg_jacobi,948,1.534231e-01,9.949e-11,2.258e-10
fortran_serial,1,512,flat,0.000000,0.000000,1.0000,128,pcg_jacobi,948,3.860941e-01,9.949e-11,2.258e-10
openacc,0,512,flat,0.000000,0.000000,1.0000,128,pcg_jacobi,948,9.915710e-02,9.949e-11,2.258e-10
cuda,0,512,flat,0.000000,0.000000,1.0000,128,pcg_jacobi,948,5.885598e-02,9.949e-11,2.258e-10
fortran_omp,1,512,flat,0.000000,0.000000,1.0000,128,pcg_rbgs,515,2.410742e+00,9.575e-11,2.340e-10
fortran_omp,16,512,flat,0.000000,0.000000,1.0000,128,pcg_rbgs,515,2.183852e-01,9.575e-11,2.340e-10
fortran_omp,32,512,flat,0.000000,0.000000,1.0000,128,pcg_rbgs,515,2.454440e-01,9.575e-11,2.340e-10
fortran_serial,1,512,flat,0.000000,0.000000,1.0000,128,pcg_rbgs,515,1.180940e+00,9.575e-11,2.340e-10
openacc,0,512,flat,0.000000,0.000000,1.0000,128,pcg_rbgs,515,1.027319e-01,9.575e-11,2.340e-10
cuda,0,512,flat,0.000000,0.000000,1.0000,128,pcg_rbgs,515,5.602083e-02,9.575e-11,2.340e-10
fortran_omp,1,512,flat,0.000000,0.000000,1.0000,128,multigrid,11,1.033392e-01,1.289e-11,3.270e-11
fortran_omp,16,512,flat,0.000000,0.000000,1.0000,128,multigrid,11,1.427410e-02,1.289e-11,3.270e-11
fortran_omp,32,512,flat,0.000000,0.000000,1.0000,128,multigrid,11,1.666100e-02,1.289e-11,3.270e-11
fortran_serial,1,512,flat,0.000000,0.000000,1.0000,128,multigrid,11,8.028010e-02,1.289e-11,3.270e-11
openacc,0,512,flat,0.000000,0.000000,1.0000,128,multigrid,11,2.546620e-02,1.289e-11,3.270e-11
cuda,0,512,flat,0.000000,0.000000,1.0000,128,multigrid,11,4.393806e-03,1.289e-11,3.270e-11
fortran_omp,1,512,rough0.02,0.020000,0.004840,1.1293,2,pcg_jacobi,24,5.216390e-02,6.195e-11,7.673e-11
fortran_omp,16,512,rough0.02,0.020000,0.004840,1.1293,2,pcg_jacobi,24,4.817000e-03,6.195e-11,7.673e-11
fortran_omp,32,512,rough0.02,0.020000,0.004840,1.1293,2,pcg_jacobi,24,3.269000e-03,6.195e-11,7.673e-11
fortran_serial,1,512,rough0.02,0.020000,0.004840,1.1293,2,pcg_jacobi,24,9.521900e-03,6.195e-11,7.673e-11
openacc,0,512,rough0.02,0.020000,0.004840,1.1293,2,pcg_jacobi,24,2.573000e-03,6.195e-11,7.673e-11
cuda,0,512,rough0.02,0.020000,0.004840,1.1293,2,pcg_jacobi,24,1.541011e-03,6.195e-11,7.673e-11
fortran_omp,1,512,rough0.02,0.020000,0.004840,1.1293,2,pcg_rbgs,12,5.650810e-02,5.003e-11,6.194e-11
fortran_omp,16,512,rough0.02,0.020000,0.004840,1.1293,2,pcg_rbgs,12,6.439000e-03,5.003e-11,6.194e-11
fortran_omp,32,512,rough0.02,0.020000,0.004840,1.1293,2,pcg_rbgs,12,3.689000e-03,5.003e-11,6.194e-11
fortran_serial,1,512,rough0.02,0.020000,0.004840,1.1293,2,pcg_rbgs,12,2.739790e-02,5.003e-11,6.194e-11
openacc,0,512,rough0.02,0.020000,0.004840,1.1293,2,pcg_rbgs,12,2.254000e-03,5.003e-11,6.194e-11
cuda,0,512,rough0.02,0.020000,0.004840,1.1293,2,pcg_rbgs,12,1.358615e-03,5.003e-11,6.194e-11
fortran_omp,1,512,rough0.02,0.020000,0.004840,1.1293,2,multigrid,5,4.728910e-02,9.981e-11,1.522e-10
fortran_omp,16,512,rough0.02,0.020000,0.004840,1.1293,2,multigrid,5,4.000900e-03,9.981e-11,1.522e-10
fortran_omp,32,512,rough0.02,0.020000,0.004840,1.1293,2,multigrid,5,5.019900e-03,9.981e-11,1.522e-10
fortran_serial,1,512,rough0.02,0.020000,0.004840,1.1293,2,multigrid,5,3.649600e-02,9.981e-11,1.522e-10
openacc,0,512,rough0.02,0.020000,0.004840,1.1293,2,multigrid,5,1.229000e-02,9.981e-11,1.522e-10
cuda,0,512,rough0.02,0.020000,0.004840,1.1293,2,multigrid,5,1.998593e-03,9.981e-11,1.522e-10
fortran_omp,1,512,rough0.02,0.020000,0.004840,1.1293,8,pcg_jacobi,89,1.919461e-01,9.553e-11,2.327e-10
fortran_omp,16,512,rough0.02,0.020000,0.004840,1.1293,8,pcg_jacobi,89,1.497610e-02,9.553e-11,2.327e-10
fortran_omp,32,512,rough0.02,0.020000,0.004840,1.1293,8,pcg_jacobi,89,2.419090e-02,9.553e-11,2.327e-10
fortran_serial,1,512,rough0.02,0.020000,0.004840,1.1293,8,pcg_jacobi,89,3.583380e-02,9.553e-11,2.327e-10
openacc,0,512,rough0.02,0.020000,0.004840,1.1293,8,pcg_jacobi,89,9.471900e-03,9.553e-11,2.327e-10
cuda,0,512,rough0.02,0.020000,0.004840,1.1293,8,pcg_jacobi,89,5.577346e-03,9.553e-11,2.327e-10
fortran_omp,1,512,rough0.02,0.020000,0.004840,1.1293,8,pcg_rbgs,45,2.112238e-01,6.894e-11,1.681e-10
fortran_omp,16,512,rough0.02,0.020000,0.004840,1.1293,8,pcg_rbgs,45,1.578590e-02,6.894e-11,1.681e-10
fortran_omp,32,512,rough0.02,0.020000,0.004840,1.1293,8,pcg_rbgs,45,2.462890e-02,6.894e-11,1.681e-10
fortran_serial,1,512,rough0.02,0.020000,0.004840,1.1293,8,pcg_rbgs,45,1.029260e-01,6.894e-11,1.681e-10
openacc,0,512,rough0.02,0.020000,0.004840,1.1293,8,pcg_rbgs,45,9.237000e-03,6.894e-11,1.681e-10
cuda,0,512,rough0.02,0.020000,0.004840,1.1293,8,pcg_rbgs,45,4.934404e-03,6.894e-11,1.681e-10
fortran_omp,1,512,rough0.02,0.020000,0.004840,1.1293,8,multigrid,9,8.459990e-02,7.146e-11,1.450e-10
fortran_omp,16,512,rough0.02,0.020000,0.004840,1.1293,8,multigrid,9,7.159000e-03,7.146e-11,1.450e-10
fortran_omp,32,512,rough0.02,0.020000,0.004840,1.1293,8,multigrid,9,6.746000e-03,7.146e-11,1.450e-10
fortran_serial,1,512,rough0.02,0.020000,0.004840,1.1293,8,multigrid,9,6.581410e-02,7.146e-11,1.450e-10
openacc,0,512,rough0.02,0.020000,0.004840,1.1293,8,multigrid,9,2.162290e-02,7.146e-11,1.450e-10
cuda,0,512,rough0.02,0.020000,0.004840,1.1293,8,multigrid,9,3.603641e-03,7.146e-11,1.450e-10
fortran_omp,1,512,rough0.02,0.020000,0.004840,1.1293,32,pcg_jacobi,343,7.387478e-01,9.735e-11,4.907e-10
fortran_omp,16,512,rough0.02,0.020000,0.004840,1.1293,32,pcg_jacobi,343,5.686000e-02,9.735e-11,4.907e-10
fortran_omp,32,512,rough0.02,0.020000,0.004840,1.1293,32,pcg_jacobi,343,4.628990e-02,9.735e-11,4.907e-10
fortran_serial,1,512,rough0.02,0.020000,0.004840,1.1293,32,pcg_jacobi,343,1.370310e-01,9.735e-11,4.907e-10
openacc,0,512,rough0.02,0.020000,0.004840,1.1293,32,pcg_jacobi,343,3.643710e-02,9.735e-11,4.907e-10
cuda,0,512,rough0.02,0.020000,0.004840,1.1293,32,pcg_jacobi,343,2.145352e-02,9.735e-11,4.907e-10
fortran_omp,1,512,rough0.02,0.020000,0.004840,1.1293,32,pcg_rbgs,172,8.041161e-01,8.983e-11,4.539e-10
fortran_omp,16,512,rough0.02,0.020000,0.004840,1.1293,32,pcg_rbgs,172,6.249100e-02,8.983e-11,4.539e-10
fortran_omp,32,512,rough0.02,0.020000,0.004840,1.1293,32,pcg_rbgs,172,5.695610e-02,8.983e-11,4.539e-10
fortran_serial,1,512,rough0.02,0.020000,0.004840,1.1293,32,pcg_rbgs,172,3.986740e-01,8.983e-11,4.539e-10
openacc,0,512,rough0.02,0.020000,0.004840,1.1293,32,pcg_rbgs,172,3.489310e-02,8.983e-11,4.539e-10
cuda,0,512,rough0.02,0.020000,0.004840,1.1293,32,pcg_rbgs,172,1.874079e-02,8.983e-11,4.539e-10
fortran_omp,1,512,rough0.02,0.020000,0.004840,1.1293,32,multigrid,10,9.413510e-02,6.823e-11,1.598e-10
fortran_omp,16,512,rough0.02,0.020000,0.004840,1.1293,32,multigrid,10,1.198190e-02,6.823e-11,1.598e-10
fortran_omp,32,512,rough0.02,0.020000,0.004840,1.1293,32,multigrid,10,1.307510e-02,6.823e-11,1.598e-10
fortran_serial,1,512,rough0.02,0.020000,0.004840,1.1293,32,multigrid,10,7.303110e-02,6.823e-11,1.598e-10
openacc,0,512,rough0.02,0.020000,0.004840,1.1293,32,multigrid,10,2.365180e-02,6.823e-11,1.598e-10
cuda,0,512,rough0.02,0.020000,0.004840,1.1293,32,multigrid,10,4.002754e-03,6.823e-11,1.598e-10
fortran_omp,1,512,rough0.02,0.020000,0.004840,1.1293,128,pcg_jacobi,1148,2.479483e+00,9.958e-11,5.719e-10
fortran_omp,16,512,rough0.02,0.020000,0.004840,1.1293,128,pcg_jacobi,1148,2.408609e-01,9.958e-11,5.719e-10
fortran_omp,32,512,rough0.02,0.020000,0.004840,1.1293,128,pcg_jacobi,1148,2.824600e-01,9.958e-11,5.719e-10
fortran_serial,1,512,rough0.02,0.020000,0.004840,1.1293,128,pcg_jacobi,1148,4.638729e-01,9.958e-11,5.719e-10
openacc,0,512,rough0.02,0.020000,0.004840,1.1293,128,pcg_jacobi,1148,1.195350e-01,9.958e-11,5.719e-10
cuda,0,512,rough0.02,0.020000,0.004840,1.1293,128,pcg_jacobi,1148,7.128451e-02,9.958e-11,5.719e-10
fortran_omp,1,512,rough0.02,0.020000,0.004840,1.1293,128,pcg_rbgs,574,2.685251e+00,9.876e-11,5.697e-10
fortran_omp,16,512,rough0.02,0.020000,0.004840,1.1293,128,pcg_rbgs,574,2.428160e-01,9.876e-11,5.697e-10
fortran_omp,32,512,rough0.02,0.020000,0.004840,1.1293,128,pcg_rbgs,574,2.547829e-01,9.876e-11,5.697e-10
fortran_serial,1,512,rough0.02,0.020000,0.004840,1.1293,128,pcg_rbgs,574,1.326622e+00,9.876e-11,5.697e-10
openacc,0,512,rough0.02,0.020000,0.004840,1.1293,128,pcg_rbgs,574,1.150360e-01,9.876e-11,5.697e-10
cuda,0,512,rough0.02,0.020000,0.004840,1.1293,128,pcg_rbgs,574,6.221252e-02,9.876e-11,5.697e-10
fortran_omp,1,512,rough0.02,0.020000,0.004840,1.1293,128,multigrid,11,1.031540e-01,1.284e-11,3.241e-11
fortran_omp,16,512,rough0.02,0.020000,0.004840,1.1293,128,multigrid,11,1.308830e-02,1.284e-11,3.241e-11
fortran_omp,32,512,rough0.02,0.020000,0.004840,1.1293,128,multigrid,11,8.232800e-03,1.284e-11,3.241e-11
fortran_serial,1,512,rough0.02,0.020000,0.004840,1.1293,128,multigrid,11,8.025820e-02,1.284e-11,3.241e-11
openacc,0,512,rough0.02,0.020000,0.004840,1.1293,128,multigrid,11,2.590510e-02,1.284e-11,3.241e-11
cuda,0,512,rough0.02,0.020000,0.004840,1.1293,128,multigrid,11,4.397882e-03,1.284e-11,3.241e-11
fortran_omp,1,512,rough0.05,0.050000,0.012420,1.3525,2,pcg_jacobi,24,5.238000e-02,4.244e-11,5.243e-11
fortran_omp,16,512,rough0.05,0.050000,0.012420,1.3525,2,pcg_jacobi,24,4.724000e-03,4.244e-11,5.243e-11
fortran_omp,32,512,rough0.05,0.050000,0.012420,1.3525,2,pcg_jacobi,24,3.272100e-03,4.244e-11,5.243e-11
fortran_serial,1,512,rough0.05,0.050000,0.012420,1.3525,2,pcg_jacobi,24,9.951100e-03,4.244e-11,5.243e-11
openacc,0,512,rough0.05,0.050000,0.012420,1.3525,2,pcg_jacobi,24,2.584000e-03,4.244e-11,5.243e-11
cuda,0,512,rough0.05,0.050000,0.012420,1.3525,2,pcg_jacobi,24,1.543845e-03,4.244e-11,5.243e-11
fortran_omp,1,512,rough0.05,0.050000,0.012420,1.3525,2,pcg_rbgs,12,5.645590e-02,3.441e-11,4.262e-11
fortran_omp,16,512,rough0.05,0.050000,0.012420,1.3525,2,pcg_rbgs,12,6.064200e-03,3.441e-11,4.262e-11
fortran_omp,32,512,rough0.05,0.050000,0.012420,1.3525,2,pcg_rbgs,12,7.139000e-03,3.441e-11,4.262e-11
fortran_serial,1,512,rough0.05,0.050000,0.012420,1.3525,2,pcg_rbgs,12,2.737090e-02,3.441e-11,4.262e-11
openacc,0,512,rough0.05,0.050000,0.012420,1.3525,2,pcg_rbgs,12,2.475000e-03,3.441e-11,4.262e-11
cuda,0,512,rough0.05,0.050000,0.012420,1.3525,2,pcg_rbgs,12,1.324804e-03,3.441e-11,4.262e-11
fortran_omp,1,512,rough0.05,0.050000,0.012420,1.3525,2,multigrid,5,4.709010e-02,5.122e-11,7.568e-11
fortran_omp,16,512,rough0.05,0.050000,0.012420,1.3525,2,multigrid,5,6.130200e-03,5.122e-11,7.568e-11
fortran_omp,32,512,rough0.05,0.050000,0.012420,1.3525,2,multigrid,5,7.096000e-03,5.122e-11,7.568e-11
fortran_serial,1,512,rough0.05,0.050000,0.012420,1.3525,2,multigrid,5,3.668410e-02,5.122e-11,7.568e-11
openacc,0,512,rough0.05,0.050000,0.012420,1.3525,2,multigrid,5,1.225800e-02,5.122e-11,7.568e-11
cuda,0,512,rough0.05,0.050000,0.012420,1.3525,2,multigrid,5,2.006746e-03,5.122e-11,7.568e-11
fortran_omp,1,512,rough0.05,0.050000,0.012420,1.3525,8,pcg_jacobi,87,1.882050e-01,9.845e-11,2.403e-10
fortran_omp,16,512,rough0.05,0.050000,0.012420,1.3525,8,pcg_jacobi,87,1.731490e-02,9.845e-11,2.403e-10
fortran_omp,32,512,rough0.05,0.050000,0.012420,1.3525,8,pcg_jacobi,87,2.421210e-02,9.845e-11,2.403e-10
fortran_serial,1,512,rough0.05,0.050000,0.012420,1.3525,8,pcg_jacobi,87,3.474000e-02,9.845e-11,2.403e-10
openacc,0,512,rough0.05,0.050000,0.012420,1.3525,8,pcg_jacobi,87,9.212000e-03,9.845e-11,2.403e-10
cuda,0,512,rough0.05,0.050000,0.012420,1.3525,8,pcg_jacobi,87,5.392006e-03,9.845e-11,2.403e-10
fortran_omp,1,512,rough0.05,0.050000,0.012420,1.3525,8,pcg_rbgs,44,2.065930e-01,7.060e-11,1.724e-10
fortran_omp,16,512,rough0.05,0.050000,0.012420,1.3525,8,pcg_rbgs,44,1.567690e-02,7.060e-11,1.724e-10
fortran_omp,32,512,rough0.05,0.050000,0.012420,1.3525,8,pcg_rbgs,44,1.347090e-02,7.060e-11,1.724e-10
fortran_serial,1,512,rough0.05,0.050000,0.012420,1.3525,8,pcg_rbgs,44,1.001980e-01,7.060e-11,1.724e-10
openacc,0,512,rough0.05,0.050000,0.012420,1.3525,8,pcg_rbgs,44,8.912100e-03,7.060e-11,1.724e-10
cuda,0,512,rough0.05,0.050000,0.012420,1.3525,8,pcg_rbgs,44,4.815554e-03,7.060e-11,1.724e-10
fortran_omp,1,512,rough0.05,0.050000,0.012420,1.3525,8,multigrid,9,8.446190e-02,6.166e-11,1.230e-10
fortran_omp,16,512,rough0.05,0.050000,0.012420,1.3525,8,multigrid,9,9.068100e-03,6.166e-11,1.230e-10
fortran_omp,32,512,rough0.05,0.050000,0.012420,1.3525,8,multigrid,9,1.071910e-02,6.166e-11,1.230e-10
fortran_serial,1,512,rough0.05,0.050000,0.012420,1.3525,8,multigrid,9,6.580810e-02,6.166e-11,1.230e-10
openacc,0,512,rough0.05,0.050000,0.012420,1.3525,8,multigrid,9,2.129480e-02,6.166e-11,1.230e-10
cuda,0,512,rough0.05,0.050000,0.012420,1.3525,8,multigrid,9,3.597422e-03,6.166e-11,1.230e-10
fortran_omp,1,512,rough0.05,0.050000,0.012420,1.3525,32,pcg_jacobi,336,7.253561e-01,9.513e-11,4.476e-10
fortran_omp,16,512,rough0.05,0.050000,0.012420,1.3525,32,pcg_jacobi,336,6.481700e-02,9.513e-11,4.476e-10
fortran_omp,32,512,rough0.05,0.050000,0.012420,1.3525,32,pcg_jacobi,336,6.644890e-02,9.513e-11,4.476e-10
fortran_serial,1,512,rough0.05,0.050000,0.012420,1.3525,32,pcg_jacobi,336,1.377950e-01,9.513e-11,4.476e-10
openacc,0,512,rough0.05,0.050000,0.012420,1.3525,32,pcg_jacobi,336,3.443510e-02,9.513e-11,4.476e-10
cuda,0,512,rough0.05,0.050000,0.012420,1.3525,32,pcg_jacobi,336,2.092416e-02,9.513e-11,4.476e-10
fortran_omp,1,512,rough0.05,0.050000,0.012420,1.3525,32,pcg_rbgs,168,7.914140e-01,9.349e-11,4.386e-10
fortran_omp,16,512,rough0.05,0.050000,0.012420,1.3525,32,pcg_rbgs,168,6.265870e-02,9.349e-11,4.386e-10
fortran_omp,32,512,rough0.05,0.050000,0.012420,1.3525,32,pcg_rbgs,168,5.190800e-02,9.349e-11,4.386e-10
fortran_serial,1,512,rough0.05,0.050000,0.012420,1.3525,32,pcg_rbgs,168,3.857510e-01,9.349e-11,4.386e-10
openacc,0,512,rough0.05,0.050000,0.012420,1.3525,32,pcg_rbgs,168,3.384400e-02,9.349e-11,4.386e-10
cuda,0,512,rough0.05,0.050000,0.012420,1.3525,32,pcg_rbgs,168,1.829265e-02,9.349e-11,4.386e-10
fortran_omp,1,512,rough0.05,0.050000,0.012420,1.3525,32,multigrid,10,9.399300e-02,6.627e-11,1.550e-10
fortran_omp,16,512,rough0.05,0.050000,0.012420,1.3525,32,multigrid,10,1.065990e-02,6.627e-11,1.550e-10
fortran_omp,32,512,rough0.05,0.050000,0.012420,1.3525,32,multigrid,10,7.391000e-03,6.627e-11,1.550e-10
fortran_serial,1,512,rough0.05,0.050000,0.012420,1.3525,32,multigrid,10,7.284120e-02,6.627e-11,1.550e-10
openacc,0,512,rough0.05,0.050000,0.012420,1.3525,32,multigrid,10,2.351900e-02,6.627e-11,1.550e-10
cuda,0,512,rough0.05,0.050000,0.012420,1.3525,32,multigrid,10,3.999359e-03,6.627e-11,1.550e-10
fortran_omp,1,512,rough0.05,0.050000,0.012420,1.3525,128,pcg_jacobi,1138,2.450482e+00,9.826e-11,6.511e-10
fortran_omp,16,512,rough0.05,0.050000,0.012420,1.3525,128,pcg_jacobi,1138,2.077220e-01,9.826e-11,6.511e-10
fortran_omp,32,512,rough0.05,0.050000,0.012420,1.3525,128,pcg_jacobi,1138,2.214031e-01,9.826e-11,6.511e-10
fortran_serial,1,512,rough0.05,0.050000,0.012420,1.3525,128,pcg_jacobi,1138,4.622109e-01,9.826e-11,6.511e-10
openacc,0,512,rough0.05,0.050000,0.012420,1.3525,128,pcg_jacobi,1138,1.182042e-01,9.826e-11,6.511e-10
cuda,0,512,rough0.05,0.050000,0.012420,1.3525,128,pcg_jacobi,1138,7.082229e-02,9.826e-11,6.511e-10
fortran_omp,1,512,rough0.05,0.050000,0.012420,1.3525,128,pcg_rbgs,569,2.675910e+00,9.684e-11,6.486e-10
fortran_omp,16,512,rough0.05,0.050000,0.012420,1.3525,128,pcg_rbgs,569,2.535181e-01,9.684e-11,6.486e-10
fortran_omp,32,512,rough0.05,0.050000,0.012420,1.3525,128,pcg_rbgs,569,2.932989e-01,9.684e-11,6.486e-10
fortran_serial,1,512,rough0.05,0.050000,0.012420,1.3525,128,pcg_rbgs,569,1.305579e+00,9.684e-11,6.486e-10
openacc,0,512,rough0.05,0.050000,0.012420,1.3525,128,pcg_rbgs,569,1.137300e-01,9.684e-11,6.486e-10
cuda,0,512,rough0.05,0.050000,0.012420,1.3525,128,pcg_rbgs,569,6.180758e-02,9.684e-11,6.486e-10
fortran_omp,1,512,rough0.05,0.050000,0.012420,1.3525,128,multigrid,10,9.421490e-02,9.983e-11,2.497e-10
fortran_omp,16,512,rough0.05,0.050000,0.012420,1.3525,128,multigrid,10,1.205180e-02,9.983e-11,2.497e-10
fortran_omp,32,512,rough0.05,0.050000,0.012420,1.3525,128,multigrid,10,8.145100e-03,9.983e-11,2.497e-10
fortran_serial,1,512,rough0.05,0.050000,0.012420,1.3525,128,multigrid,10,7.285000e-02,9.983e-11,2.497e-10
openacc,0,512,rough0.05,0.050000,0.012420,1.3525,128,multigrid,10,2.368180e-02,9.983e-11,2.497e-10
cuda,0,512,rough0.05,0.050000,0.012420,1.3525,128,multigrid,10,3.994522e-03,9.983e-11,2.497e-10
fortran_omp,1,512,rough0.10,0.100000,0.025982,1.8303,2,pcg_jacobi,23,5.020300e-02,7.543e-11,9.264e-11
fortran_omp,16,512,rough0.10,0.100000,0.025982,1.8303,2,pcg_jacobi,23,4.620100e-03,7.543e-11,9.264e-11
fortran_omp,32,512,rough0.10,0.100000,0.025982,1.8303,2,pcg_jacobi,23,3.425800e-03,7.543e-11,9.264e-11
fortran_serial,1,512,rough0.10,0.100000,0.025982,1.8303,2,pcg_jacobi,23,9.114000e-03,7.543e-11,9.264e-11
openacc,0,512,rough0.10,0.100000,0.025982,1.8303,2,pcg_jacobi,23,2.464000e-03,7.543e-11,9.264e-11
cuda,0,512,rough0.10,0.100000,0.025982,1.8303,2,pcg_jacobi,23,1.475402e-03,7.543e-11,9.264e-11
fortran_omp,1,512,rough0.10,0.100000,0.025982,1.8303,2,pcg_rbgs,12,5.665400e-02,2.343e-11,2.881e-11
fortran_omp,16,512,rough0.10,0.100000,0.025982,1.8303,2,pcg_rbgs,12,5.888000e-03,2.343e-11,2.881e-11
fortran_omp,32,512,rough0.10,0.100000,0.025982,1.8303,2,pcg_rbgs,12,4.000000e-03,2.343e-11,2.881e-11
fortran_serial,1,512,rough0.10,0.100000,0.025982,1.8303,2,pcg_rbgs,12,2.811000e-02,2.343e-11,2.881e-11
openacc,0,512,rough0.10,0.100000,0.025982,1.8303,2,pcg_rbgs,12,2.598100e-03,2.343e-11,2.881e-11
cuda,0,512,rough0.10,0.100000,0.025982,1.8303,2,pcg_rbgs,12,1.350513e-03,2.343e-11,2.881e-11
fortran_omp,1,512,rough0.10,0.100000,0.025982,1.8303,2,multigrid,5,4.743600e-02,2.468e-11,3.445e-11
fortran_omp,16,512,rough0.10,0.100000,0.025982,1.8303,2,multigrid,5,4.159000e-03,2.468e-11,3.445e-11
fortran_omp,32,512,rough0.10,0.100000,0.025982,1.8303,2,multigrid,5,6.852800e-03,2.468e-11,3.445e-11
fortran_serial,1,512,rough0.10,0.100000,0.025982,1.8303,2,multigrid,5,3.658700e-02,2.468e-11,3.445e-11
openacc,0,512,rough0.10,0.100000,0.025982,1.8303,2,multigrid,5,1.231810e-02,2.468e-11,3.445e-11
cuda,0,512,rough0.10,0.100000,0.025982,1.8303,2,multigrid,5,2.010121e-03,2.468e-11,3.445e-11
fortran_omp,1,512,rough0.10,0.100000,0.025982,1.8303,8,pcg_jacobi,85,1.838081e-01,9.560e-11,2.389e-10
fortran_omp,16,512,rough0.10,0.100000,0.025982,1.8303,8,pcg_jacobi,85,1.696590e-02,9.560e-11,2.389e-10
fortran_omp,32,512,rough0.10,0.100000,0.025982,1.8303,8,pcg_jacobi,85,1.737490e-02,9.560e-11,2.389e-10
fortran_serial,1,512,rough0.10,0.100000,0.025982,1.8303,8,pcg_jacobi,85,3.406210e-02,9.560e-11,2.389e-10
openacc,0,512,rough0.10,0.100000,0.025982,1.8303,8,pcg_jacobi,85,8.957900e-03,9.560e-11,2.389e-10
cuda,0,512,rough0.10,0.100000,0.025982,1.8303,8,pcg_jacobi,85,5.334018e-03,9.560e-11,2.389e-10
fortran_omp,1,512,rough0.10,0.100000,0.025982,1.8303,8,pcg_rbgs,43,2.011568e-01,6.897e-11,1.728e-10
fortran_omp,16,512,rough0.10,0.100000,0.025982,1.8303,8,pcg_rbgs,43,2.213500e-02,6.897e-11,1.728e-10
fortran_omp,32,512,rough0.10,0.100000,0.025982,1.8303,8,pcg_rbgs,43,1.318000e-02,6.897e-11,1.728e-10
fortran_serial,1,512,rough0.10,0.100000,0.025982,1.8303,8,pcg_rbgs,43,9.844680e-02,6.897e-11,1.728e-10
openacc,0,512,rough0.10,0.100000,0.025982,1.8303,8,pcg_rbgs,43,8.637900e-03,6.897e-11,1.728e-10
cuda,0,512,rough0.10,0.100000,0.025982,1.8303,8,pcg_rbgs,43,4.710115e-03,6.897e-11,1.728e-10
fortran_omp,1,512,rough0.10,0.100000,0.025982,1.8303,8,multigrid,9,8.477620e-02,4.917e-11,9.532e-11
fortran_omp,16,512,rough0.10,0.100000,0.025982,1.8303,8,multigrid,9,7.148000e-03,4.917e-11,9.532e-11
fortran_omp,32,512,rough0.10,0.100000,0.025982,1.8303,8,multigrid,9,7.170900e-03,4.917e-11,9.532e-11
fortran_serial,1,512,rough0.10,0.100000,0.025982,1.8303,8,multigrid,9,6.581220e-02,4.917e-11,9.532e-11
openacc,0,512,rough0.10,0.100000,0.025982,1.8303,8,multigrid,9,2.138690e-02,4.917e-11,9.532e-11
cuda,0,512,rough0.10,0.100000,0.025982,1.8303,8,multigrid,9,3.601568e-03,4.917e-11,9.532e-11
fortran_omp,1,512,rough0.10,0.100000,0.025982,1.8303,32,pcg_jacobi,325,6.998101e-01,9.417e-11,4.225e-10
fortran_omp,16,512,rough0.10,0.100000,0.025982,1.8303,32,pcg_jacobi,325,5.401000e-02,9.417e-11,4.225e-10
fortran_omp,32,512,rough0.10,0.100000,0.025982,1.8303,32,pcg_jacobi,325,7.927900e-02,9.417e-11,4.225e-10
fortran_serial,1,512,rough0.10,0.100000,0.025982,1.8303,32,pcg_jacobi,325,1.304450e-01,9.417e-11,4.225e-10
openacc,0,512,rough0.10,0.100000,0.025982,1.8303,32,pcg_jacobi,325,3.448010e-02,9.417e-11,4.225e-10
cuda,0,512,rough0.10,0.100000,0.025982,1.8303,32,pcg_jacobi,325,2.031899e-02,9.417e-11,4.225e-10
fortran_omp,1,512,rough0.10,0.100000,0.025982,1.8303,32,pcg_rbgs,162,7.577901e-01,9.897e-11,4.441e-10
fortran_omp,16,512,rough0.10,0.100000,0.025982,1.8303,32,pcg_rbgs,162,5.725820e-02,9.897e-11,4.441e-10
fortran_omp,32,512,rough0.10,0.100000,0.025982,1.8303,32,pcg_rbgs,162,8.996610e-02,9.897e-11,4.441e-10
fortran_serial,1,512,rough0.10,0.100000,0.025982,1.8303,32,pcg_rbgs,162,3.729291e-01,9.897e-11,4.441e-10
openacc,0,512,rough0.10,0.100000,0.025982,1.8303,32,pcg_rbgs,162,3.214100e-02,9.897e-11,4.441e-10
cuda,0,512,rough0.10,0.100000,0.025982,1.8303,32,pcg_rbgs,162,1.768221e-02,9.897e-11,4.441e-10
fortran_omp,1,512,rough0.10,0.100000,0.025982,1.8303,32,multigrid,10,9.408020e-02,6.330e-11,1.473e-10
fortran_omp,16,512,rough0.10,0.100000,0.025982,1.8303,32,multigrid,10,8.038100e-03,6.330e-11,1.473e-10
fortran_omp,32,512,rough0.10,0.100000,0.025982,1.8303,32,multigrid,10,1.567200e-02,6.330e-11,1.473e-10
fortran_serial,1,512,rough0.10,0.100000,0.025982,1.8303,32,multigrid,10,7.238600e-02,6.330e-11,1.473e-10
openacc,0,512,rough0.10,0.100000,0.025982,1.8303,32,multigrid,10,2.349490e-02,6.330e-11,1.473e-10
cuda,0,512,rough0.10,0.100000,0.025982,1.8303,32,multigrid,10,3.994892e-03,6.330e-11,1.473e-10
fortran_omp,1,512,rough0.10,0.100000,0.025982,1.8303,128,pcg_jacobi,1105,2.385238e+00,9.991e-11,6.256e-10
fortran_omp,16,512,rough0.10,0.100000,0.025982,1.8303,128,pcg_jacobi,1105,2.005020e-01,9.991e-11,6.256e-10
fortran_omp,32,512,rough0.10,0.100000,0.025982,1.8303,128,pcg_jacobi,1105,2.409301e-01,9.991e-11,6.256e-10
fortran_serial,1,512,rough0.10,0.100000,0.025982,1.8303,128,pcg_jacobi,1105,4.531770e-01,9.991e-11,6.256e-10
openacc,0,512,rough0.10,0.100000,0.025982,1.8303,128,pcg_jacobi,1105,1.149180e-01,9.991e-11,6.256e-10
cuda,0,512,rough0.10,0.100000,0.025982,1.8303,128,pcg_jacobi,1105,6.882712e-02,9.991e-11,6.256e-10
fortran_omp,1,512,rough0.10,0.100000,0.025982,1.8303,128,pcg_rbgs,553,2.603685e+00,9.694e-11,6.087e-10
fortran_omp,16,512,rough0.10,0.100000,0.025982,1.8303,128,pcg_rbgs,553,2.406440e-01,9.694e-11,6.087e-10
fortran_omp,32,512,rough0.10,0.100000,0.025982,1.8303,128,pcg_rbgs,553,2.406551e-01,9.694e-11,6.087e-10
fortran_serial,1,512,rough0.10,0.100000,0.025982,1.8303,128,pcg_rbgs,553,1.289930e+00,9.694e-11,6.087e-10
openacc,0,512,rough0.10,0.100000,0.025982,1.8303,128,pcg_rbgs,553,1.104729e-01,9.694e-11,6.087e-10
cuda,0,512,rough0.10,0.100000,0.025982,1.8303,128,pcg_rbgs,553,6.007633e-02,9.694e-11,6.087e-10
fortran_omp,1,512,rough0.10,0.100000,0.025982,1.8303,128,multigrid,10,9.463600e-02,9.939e-11,2.459e-10
fortran_omp,16,512,rough0.10,0.100000,0.025982,1.8303,128,multigrid,10,1.213780e-02,9.939e-11,2.459e-10
fortran_omp,32,512,rough0.10,0.100000,0.025982,1.8303,128,multigrid,10,7.458000e-03,9.939e-11,2.459e-10
fortran_serial,1,512,rough0.10,0.100000,0.025982,1.8303,128,multigrid,10,7.299590e-02,9.939e-11,2.459e-10
openacc,0,512,rough0.10,0.100000,0.025982,1.8303,128,multigrid,10,2.359010e-02,9.939e-11,2.459e-10
cuda,0,512,rough0.10,0.100000,0.025982,1.8303,128,multigrid,10,3.995333e-03,9.939e-11,2.459e-10
fortran_omp,1,512,rough0.20,0.200000,0.057918,3.5754,2,pcg_jacobi,23,5.003210e-02,4.752e-11,5.645e-11
fortran_omp,16,512,rough0.20,0.200000,0.057918,3.5754,2,pcg_jacobi,23,4.516100e-03,4.752e-11,5.645e-11
fortran_omp,32,512,rough0.20,0.200000,0.057918,3.5754,2,pcg_jacobi,23,4.710200e-03,4.752e-11,5.645e-11
fortran_serial,1,512,rough0.20,0.200000,0.057918,3.5754,2,pcg_jacobi,23,9.237100e-03,4.752e-11,5.645e-11
openacc,0,512,rough0.20,0.200000,0.057918,3.5754,2,pcg_jacobi,23,2.486000e-03,4.752e-11,5.645e-11
cuda,0,512,rough0.20,0.200000,0.057918,3.5754,2,pcg_jacobi,23,1.454931e-03,4.752e-11,5.645e-11
fortran_omp,1,512,rough0.20,0.200000,0.057918,3.5754,2,pcg_rbgs,12,5.643980e-02,1.462e-11,1.725e-11
fortran_omp,16,512,rough0.20,0.200000,0.057918,3.5754,2,pcg_rbgs,12,6.017900e-03,1.462e-11,1.725e-11
fortran_omp,32,512,rough0.20,0.200000,0.057918,3.5754,2,pcg_rbgs,12,3.695000e-03,1.462e-11,1.725e-11
fortran_serial,1,512,rough0.20,0.200000,0.057918,3.5754,2,pcg_rbgs,12,2.789590e-02,1.462e-11,1.725e-11
openacc,0,512,rough0.20,0.200000,0.057918,3.5754,2,pcg_rbgs,12,2.460900e-03,1.462e-11,1.725e-11
cuda,0,512,rough0.20,0.200000,0.057918,3.5754,2,pcg_rbgs,12,1.331705e-03,1.462e-11,1.725e-11
fortran_omp,1,512,rough0.20,0.200000,0.057918,3.5754,2,multigrid,5,4.722690e-02,1.179e-11,1.492e-11
fortran_omp,16,512,rough0.20,0.200000,0.057918,3.5754,2,multigrid,5,6.363800e-03,1.179e-11,1.492e-11
fortran_omp,32,512,rough0.20,0.200000,0.057918,3.5754,2,multigrid,5,3.805200e-03,1.179e-11,1.492e-11
fortran_serial,1,512,rough0.20,0.200000,0.057918,3.5754,2,multigrid,5,3.643800e-02,1.179e-11,1.492e-11
openacc,0,512,rough0.20,0.200000,0.057918,3.5754,2,multigrid,5,1.244590e-02,1.179e-11,1.492e-11
cuda,0,512,rough0.20,0.200000,0.057918,3.5754,2,multigrid,5,2.009760e-03,1.179e-11,1.492e-11
fortran_omp,1,512,rough0.20,0.200000,0.057918,3.5754,8,pcg_jacobi,83,1.790750e-01,9.555e-11,2.386e-10
fortran_omp,16,512,rough0.20,0.200000,0.057918,3.5754,8,pcg_jacobi,83,1.384400e-02,9.555e-11,2.386e-10
fortran_omp,32,512,rough0.20,0.200000,0.057918,3.5754,8,pcg_jacobi,83,2.000190e-02,9.555e-11,2.386e-10
fortran_serial,1,512,rough0.20,0.200000,0.057918,3.5754,8,pcg_jacobi,83,3.309510e-02,9.555e-11,2.386e-10
openacc,0,512,rough0.20,0.200000,0.057918,3.5754,8,pcg_jacobi,83,8.780900e-03,9.555e-11,2.386e-10
cuda,0,512,rough0.20,0.200000,0.057918,3.5754,8,pcg_jacobi,83,5.186155e-03,9.555e-11,2.386e-10
fortran_omp,1,512,rough0.20,0.200000,0.057918,3.5754,8,pcg_rbgs,42,1.967869e-01,6.896e-11,1.712e-10
fortran_omp,16,512,rough0.20,0.200000,0.057918,3.5754,8,pcg_rbgs,42,2.171200e-02,6.896e-11,1.712e-10
fortran_omp,32,512,rough0.20,0.200000,0.057918,3.5754,8,pcg_rbgs,42,1.303600e-02,6.896e-11,1.712e-10
fortran_serial,1,512,rough0.20,0.200000,0.057918,3.5754,8,pcg_rbgs,42,9.544490e-02,6.896e-11,1.712e-10
openacc,0,512,rough0.20,0.200000,0.057918,3.5754,8,pcg_rbgs,42,8.555900e-03,6.896e-11,1.712e-10
cuda,0,512,rough0.20,0.200000,0.057918,3.5754,8,pcg_rbgs,42,4.597454e-03,6.896e-11,1.712e-10
fortran_omp,1,512,rough0.20,0.200000,0.057918,3.5754,8,multigrid,9,8.445000e-02,3.373e-11,6.077e-11
fortran_omp,16,512,rough0.20,0.200000,0.057918,3.5754,8,multigrid,9,7.731900e-03,3.373e-11,6.077e-11
fortran_omp,32,512,rough0.20,0.200000,0.057918,3.5754,8,multigrid,9,1.205490e-02,3.373e-11,6.077e-11
fortran_serial,1,512,rough0.20,0.200000,0.057918,3.5754,8,multigrid,9,6.579080e-02,3.373e-11,6.077e-11
openacc,0,512,rough0.20,0.200000,0.057918,3.5754,8,multigrid,9,2.148200e-02,3.373e-11,6.077e-11
cuda,0,512,rough0.20,0.200000,0.057918,3.5754,8,multigrid,9,3.598263e-03,3.373e-11,6.077e-11
fortran_omp,1,512,rough0.20,0.200000,0.057918,3.5754,32,pcg_jacobi,310,6.697340e-01,9.560e-11,4.254e-10
fortran_omp,16,512,rough0.20,0.200000,0.057918,3.5754,32,pcg_jacobi,310,6.105300e-02,9.560e-11,4.254e-10
fortran_omp,32,512,rough0.20,0.200000,0.057918,3.5754,32,pcg_jacobi,310,4.215820e-02,9.560e-11,4.254e-10
fortran_serial,1,512,rough0.20,0.200000,0.057918,3.5754,32,pcg_jacobi,310,1.243250e-01,9.560e-11,4.254e-10
openacc,0,512,rough0.20,0.200000,0.057918,3.5754,32,pcg_jacobi,310,3.277990e-02,9.560e-11,4.254e-10
cuda,0,512,rough0.20,0.200000,0.057918,3.5754,32,pcg_jacobi,310,1.932980e-02,9.560e-11,4.254e-10
fortran_omp,1,512,rough0.20,0.200000,0.057918,3.5754,32,pcg_rbgs,155,7.289451e-01,9.342e-11,4.162e-10
fortran_omp,16,512,rough0.20,0.200000,0.057918,3.5754,32,pcg_rbgs,155,5.508510e-02,9.342e-11,4.162e-10
fortran_omp,32,512,rough0.20,0.200000,0.057918,3.5754,32,pcg_rbgs,155,4.888010e-02,9.342e-11,4.162e-10
fortran_serial,1,512,rough0.20,0.200000,0.057918,3.5754,32,pcg_rbgs,155,3.565221e-01,9.342e-11,4.162e-10
openacc,0,512,rough0.20,0.200000,0.057918,3.5754,32,pcg_rbgs,155,3.135300e-02,9.342e-11,4.162e-10
cuda,0,512,rough0.20,0.200000,0.057918,3.5754,32,pcg_rbgs,155,1.687128e-02,9.342e-11,4.162e-10
fortran_omp,1,512,rough0.20,0.200000,0.057918,3.5754,32,multigrid,10,9.399080e-02,5.808e-11,1.328e-10
fortran_omp,16,512,rough0.20,0.200000,0.057918,3.5754,32,multigrid,10,1.221010e-02,5.808e-11,1.328e-10
fortran_omp,32,512,rough0.20,0.200000,0.057918,3.5754,32,multigrid,10,7.506100e-03,5.808e-11,1.328e-10
fortran_serial,1,512,rough0.20,0.200000,0.057918,3.5754,32,multigrid,10,7.329710e-02,5.808e-11,1.328e-10
openacc,0,512,rough0.20,0.200000,0.057918,3.5754,32,multigrid,10,2.362890e-02,5.808e-11,1.328e-10
cuda,0,512,rough0.20,0.200000,0.057918,3.5754,32,multigrid,10,3.997497e-03,5.808e-11,1.328e-10
fortran_omp,1,512,rough0.20,0.200000,0.057918,3.5754,128,pcg_jacobi,1043,2.250990e+00,9.860e-11,5.969e-10
fortran_omp,16,512,rough0.20,0.200000,0.057918,3.5754,128,pcg_jacobi,1043,1.861009e-01,9.860e-11,5.969e-10
fortran_omp,32,512,rough0.20,0.200000,0.057918,3.5754,128,pcg_jacobi,1043,1.687119e-01,9.860e-11,5.969e-10
fortran_serial,1,512,rough0.20,0.200000,0.057918,3.5754,128,pcg_jacobi,1043,4.172120e-01,9.860e-11,5.969e-10
openacc,0,512,rough0.20,0.200000,0.057918,3.5754,128,pcg_jacobi,1043,1.094320e-01,9.860e-11,5.969e-10
cuda,0,512,rough0.20,0.200000,0.057918,3.5754,128,pcg_jacobi,1043,6.528856e-02,9.860e-11,5.969e-10
fortran_omp,1,512,rough0.20,0.200000,0.057918,3.5754,128,pcg_rbgs,522,2.458079e+00,9.562e-11,5.753e-10
fortran_omp,16,512,rough0.20,0.200000,0.057918,3.5754,128,pcg_rbgs,522,2.226498e-01,9.562e-11,5.753e-10
fortran_omp,32,512,rough0.20,0.200000,0.057918,3.5754,128,pcg_rbgs,522,2.681901e-01,9.562e-11,5.753e-10
fortran_serial,1,512,rough0.20,0.200000,0.057918,3.5754,128,pcg_rbgs,522,1.204713e+00,9.562e-11,5.753e-10
openacc,0,512,rough0.20,0.200000,0.057918,3.5754,128,pcg_rbgs,522,1.048751e-01,9.562e-11,5.753e-10
cuda,0,512,rough0.20,0.200000,0.057918,3.5754,128,pcg_rbgs,522,5.656841e-02,9.562e-11,5.753e-10
fortran_omp,1,512,rough0.20,0.200000,0.057918,3.5754,128,multigrid,10,9.400910e-02,9.951e-11,2.427e-10
fortran_omp,16,512,rough0.20,0.200000,0.057918,3.5754,128,multigrid,10,1.024600e-02,9.951e-11,2.427e-10
fortran_omp,32,512,rough0.20,0.200000,0.057918,3.5754,128,multigrid,10,1.304890e-02,9.951e-11,2.427e-10
fortran_serial,1,512,rough0.20,0.200000,0.057918,3.5754,128,multigrid,10,7.288190e-02,9.951e-11,2.427e-10
openacc,0,512,rough0.20,0.200000,0.057918,3.5754,128,multigrid,10,2.358010e-02,9.951e-11,2.427e-10
cuda,0,512,rough0.20,0.200000,0.057918,3.5754,128,multigrid,10,3.999670e-03,9.951e-11,2.427e-10
fortran_omp,1,512,rough0.40,0.399868,0.359320,24.0217,2,pcg_jacobi,22,4.798490e-02,7.867e-11,8.481e-11
fortran_omp,16,512,rough0.40,0.399868,0.359320,24.0217,2,pcg_jacobi,22,4.331100e-03,7.867e-11,8.481e-11
fortran_omp,32,512,rough0.40,0.399868,0.359320,24.0217,2,pcg_jacobi,22,4.511900e-03,7.867e-11,8.481e-11
fortran_serial,1,512,rough0.40,0.399868,0.359320,24.0217,2,pcg_jacobi,22,8.827000e-03,7.867e-11,8.481e-11
openacc,0,512,rough0.40,0.399868,0.359320,24.0217,2,pcg_jacobi,22,2.377100e-03,7.867e-11,8.481e-11
cuda,0,512,rough0.40,0.399868,0.359320,24.0217,2,pcg_jacobi,22,1.416142e-03,7.867e-11,8.481e-11
fortran_omp,1,512,rough0.40,0.399868,0.359320,24.0217,2,pcg_rbgs,11,5.200990e-02,6.453e-11,6.942e-11
fortran_omp,16,512,rough0.40,0.399868,0.359320,24.0217,2,pcg_rbgs,11,3.969900e-03,6.453e-11,6.942e-11
fortran_omp,32,512,rough0.40,0.399868,0.359320,24.0217,2,pcg_rbgs,11,3.380100e-03,6.453e-11,6.942e-11
fortran_serial,1,512,rough0.40,0.399868,0.359320,24.0217,2,pcg_rbgs,11,2.561300e-02,6.453e-11,6.942e-11
openacc,0,512,rough0.40,0.399868,0.359320,24.0217,2,pcg_rbgs,11,2.268100e-03,6.453e-11,6.942e-11
cuda,0,512,rough0.40,0.399868,0.359320,24.0217,2,pcg_rbgs,11,1.214216e-03,6.453e-11,6.942e-11
fortran_omp,1,512,rough0.40,0.399868,0.359320,24.0217,2,multigrid,5,4.711700e-02,6.211e-12,6.773e-12
fortran_omp,16,512,rough0.40,0.399868,0.359320,24.0217,2,multigrid,5,5.967100e-03,6.211e-12,6.773e-12
fortran_omp,32,512,rough0.40,0.399868,0.359320,24.0217,2,multigrid,5,6.736000e-03,6.211e-12,6.773e-12
fortran_serial,1,512,rough0.40,0.399868,0.359320,24.0217,2,multigrid,5,3.784900e-02,6.211e-12,6.773e-12
openacc,0,512,rough0.40,0.399868,0.359320,24.0217,2,multigrid,5,1.266700e-02,6.211e-12,6.773e-12
cuda,0,512,rough0.40,0.399868,0.359320,24.0217,2,multigrid,5,2.009750e-03,6.211e-12,6.773e-12
fortran_omp,1,512,rough0.40,0.399868,0.359320,24.0217,8,pcg_jacobi,81,1.750829e-01,7.907e-11,1.743e-10
fortran_omp,16,512,rough0.40,0.399868,0.359320,24.0217,8,pcg_jacobi,81,1.414590e-02,7.907e-11,1.743e-10
fortran_omp,32,512,rough0.40,0.399868,0.359320,24.0217,8,pcg_jacobi,81,1.676200e-02,7.907e-11,1.743e-10
fortran_serial,1,512,rough0.40,0.399868,0.359320,24.0217,8,pcg_jacobi,81,3.285810e-02,7.907e-11,1.743e-10
openacc,0,512,rough0.40,0.399868,0.359320,24.0217,8,pcg_jacobi,81,8.502900e-03,7.907e-11,1.743e-10
cuda,0,512,rough0.40,0.399868,0.359320,24.0217,8,pcg_jacobi,81,5.097100e-03,7.907e-11,1.743e-10
fortran_omp,1,512,rough0.40,0.399868,0.359320,24.0217,8,pcg_rbgs,40,1.880137e-01,9.701e-11,2.132e-10
fortran_omp,16,512,rough0.40,0.399868,0.359320,24.0217,8,pcg_rbgs,40,2.068210e-02,9.701e-11,2.132e-10
fortran_omp,32,512,rough0.40,0.399868,0.359320,24.0217,8,pcg_rbgs,40,1.230220e-02,9.701e-11,2.132e-10
fortran_serial,1,512,rough0.40,0.399868,0.359320,24.0217,8,pcg_rbgs,40,9.155390e-02,9.701e-11,2.132e-10
openacc,0,512,rough0.40,0.399868,0.359320,24.0217,8,pcg_rbgs,40,8.000100e-03,9.701e-11,2.132e-10
cuda,0,512,rough0.40,0.399868,0.359320,24.0217,8,pcg_rbgs,40,4.411333e-03,9.701e-11,2.132e-10
fortran_omp,1,512,rough0.40,0.399868,0.359320,24.0217,8,multigrid,9,8.455810e-02,2.150e-11,3.050e-11
fortran_omp,16,512,rough0.40,0.399868,0.359320,24.0217,8,multigrid,9,1.064620e-02,2.150e-11,3.050e-11
fortran_omp,32,512,rough0.40,0.399868,0.359320,24.0217,8,multigrid,9,1.164000e-02,2.150e-11,3.050e-11
fortran_serial,1,512,rough0.40,0.399868,0.359320,24.0217,8,multigrid,9,6.580310e-02,2.150e-11,3.050e-11
openacc,0,512,rough0.40,0.399868,0.359320,24.0217,8,multigrid,9,2.172300e-02,2.150e-11,3.050e-11
cuda,0,512,rough0.40,0.399868,0.359320,24.0217,8,multigrid,9,3.599094e-03,2.150e-11,3.050e-11
fortran_omp,1,512,rough0.40,0.399868,0.359320,24.0217,32,pcg_jacobi,294,6.336600e-01,9.727e-11,3.771e-10
fortran_omp,16,512,rough0.40,0.399868,0.359320,24.0217,32,pcg_jacobi,294,4.914490e-02,9.727e-11,3.771e-10
fortran_omp,32,512,rough0.40,0.399868,0.359320,24.0217,32,pcg_jacobi,294,6.214100e-02,9.727e-11,3.771e-10
fortran_serial,1,512,rough0.40,0.399868,0.359320,24.0217,32,pcg_jacobi,294,1.174462e-01,9.727e-11,3.771e-10
openacc,0,512,rough0.40,0.399868,0.359320,24.0217,32,pcg_jacobi,294,3.113890e-02,9.727e-11,3.771e-10
cuda,0,512,rough0.40,0.399868,0.359320,24.0217,32,pcg_jacobi,294,1.834363e-02,9.727e-11,3.771e-10
fortran_omp,1,512,rough0.40,0.399868,0.359320,24.0217,32,pcg_rbgs,147,6.881129e-01,9.496e-11,3.682e-10
fortran_omp,16,512,rough0.40,0.399868,0.359320,24.0217,32,pcg_rbgs,147,5.177300e-02,9.496e-11,3.682e-10
fortran_omp,32,512,rough0.40,0.399868,0.359320,24.0217,32,pcg_rbgs,147,9.253000e-02,9.496e-11,3.682e-10
fortran_serial,1,512,rough0.40,0.399868,0.359320,24.0217,32,pcg_rbgs,147,3.389390e-01,9.496e-11,3.682e-10
openacc,0,512,rough0.40,0.399868,0.359320,24.0217,32,pcg_rbgs,147,2.968600e-02,9.496e-11,3.682e-10
cuda,0,512,rough0.40,0.399868,0.359320,24.0217,32,pcg_rbgs,147,1.603679e-02,9.496e-11,3.682e-10
fortran_omp,1,512,rough0.40,0.399868,0.359320,24.0217,32,multigrid,10,9.389090e-02,4.980e-11,1.047e-10
fortran_omp,16,512,rough0.40,0.399868,0.359320,24.0217,32,multigrid,10,1.206010e-02,4.980e-11,1.047e-10
fortran_omp,32,512,rough0.40,0.399868,0.359320,24.0217,32,multigrid,10,1.313800e-02,4.980e-11,1.047e-10
fortran_serial,1,512,rough0.40,0.399868,0.359320,24.0217,32,multigrid,10,7.322410e-02,4.980e-11,1.047e-10
openacc,0,512,rough0.40,0.399868,0.359320,24.0217,32,multigrid,10,2.360890e-02,4.980e-11,1.047e-10
cuda,0,512,rough0.40,0.399868,0.359320,24.0217,32,multigrid,10,3.994502e-03,4.980e-11,1.047e-10
fortran_omp,1,512,rough0.40,0.399868,0.359320,24.0217,128,pcg_jacobi,946,2.041150e+00,9.898e-11,5.943e-10
fortran_omp,16,512,rough0.40,0.399868,0.359320,24.0217,128,pcg_jacobi,946,1.683509e-01,9.898e-11,5.943e-10
fortran_omp,32,512,rough0.40,0.399868,0.359320,24.0217,128,pcg_jacobi,946,1.819031e-01,9.898e-11,5.943e-10
fortran_serial,1,512,rough0.40,0.399868,0.359320,24.0217,128,pcg_jacobi,946,3.780670e-01,9.898e-11,5.943e-10
openacc,0,512,rough0.40,0.399868,0.359320,24.0217,128,pcg_jacobi,946,9.903500e-02,9.898e-11,5.943e-10
cuda,0,512,rough0.40,0.399868,0.359320,24.0217,128,pcg_jacobi,946,5.913252e-02,9.898e-11,5.943e-10
fortran_omp,1,512,rough0.40,0.399868,0.359320,24.0217,128,pcg_rbgs,473,2.215374e+00,9.830e-11,5.900e-10
fortran_omp,16,512,rough0.40,0.399868,0.359320,24.0217,128,pcg_rbgs,473,1.939540e-01,9.830e-11,5.900e-10
fortran_omp,32,512,rough0.40,0.399868,0.359320,24.0217,128,pcg_rbgs,473,2.140510e-01,9.830e-11,5.900e-10
fortran_serial,1,512,rough0.40,0.399868,0.359320,24.0217,128,pcg_rbgs,473,1.097796e+00,9.830e-11,5.900e-10
openacc,0,512,rough0.40,0.399868,0.359320,24.0217,128,pcg_rbgs,473,9.497690e-02,9.830e-11,5.900e-10
cuda,0,512,rough0.40,0.399868,0.359320,24.0217,128,pcg_rbgs,473,5.150148e-02,9.830e-11,5.900e-10
fortran_omp,1,512,rough0.40,0.399868,0.359320,24.0217,128,multigrid,11,1.032540e-01,1.381e-11,3.829e-11
fortran_omp,16,512,rough0.40,0.399868,0.359320,24.0217,128,multigrid,11,1.330800e-02,1.381e-11,3.829e-11
fortran_omp,32,512,rough0.40,0.399868,0.359320,24.0217,128,multigrid,11,8.153000e-03,1.381e-11,3.829e-11
fortran_serial,1,512,rough0.40,0.399868,0.359320,24.0217,128,multigrid,11,8.039190e-02,1.381e-11,3.829e-11
openacc,0,512,rough0.40,0.399868,0.359320,24.0217,128,multigrid,11,2.572800e-02,1.381e-11,3.829e-11
cuda,0,512,rough0.40,0.399868,0.359320,24.0217,128,multigrid,11,4.403902e-03,1.381e-11,3.829e-11
fortran_omp,1,512,seamount,0.112374,0.027131,9.9829,2,pcg_jacobi,24,5.219290e-02,9.382e-11,1.150e-10
fortran_omp,16,512,seamount,0.112374,0.027131,9.9829,2,pcg_jacobi,24,4.769100e-03,9.382e-11,1.150e-10
fortran_omp,32,512,seamount,0.112374,0.027131,9.9829,2,pcg_jacobi,24,3.268000e-03,9.382e-11,1.150e-10
fortran_serial,1,512,seamount,0.112374,0.027131,9.9829,2,pcg_jacobi,24,9.438000e-03,9.382e-11,1.150e-10
openacc,0,512,seamount,0.112374,0.027131,9.9829,2,pcg_jacobi,24,2.558900e-03,9.382e-11,1.150e-10
cuda,0,512,seamount,0.112374,0.027131,9.9829,2,pcg_jacobi,24,1.529193e-03,9.382e-11,1.150e-10
fortran_omp,1,512,seamount,0.112374,0.027131,9.9829,2,pcg_rbgs,12,5.663610e-02,7.542e-11,9.246e-11
fortran_omp,16,512,seamount,0.112374,0.027131,9.9829,2,pcg_rbgs,12,6.099900e-03,7.542e-11,9.246e-11
fortran_omp,32,512,seamount,0.112374,0.027131,9.9829,2,pcg_rbgs,12,3.895000e-03,7.542e-11,9.246e-11
fortran_serial,1,512,seamount,0.112374,0.027131,9.9829,2,pcg_rbgs,12,2.751200e-02,7.542e-11,9.246e-11
openacc,0,512,seamount,0.112374,0.027131,9.9829,2,pcg_rbgs,12,2.467000e-03,7.542e-11,9.246e-11
cuda,0,512,seamount,0.112374,0.027131,9.9829,2,pcg_rbgs,12,1.281669e-03,7.542e-11,9.246e-11
fortran_omp,1,512,seamount,0.112374,0.027131,9.9829,2,multigrid,6,5.643490e-02,2.497e-12,3.799e-12
fortran_omp,16,512,seamount,0.112374,0.027131,9.9829,2,multigrid,6,4.821100e-03,2.497e-12,3.799e-12
fortran_omp,32,512,seamount,0.112374,0.027131,9.9829,2,multigrid,6,4.545000e-03,2.497e-12,3.799e-12
fortran_serial,1,512,seamount,0.112374,0.027131,9.9829,2,multigrid,6,4.383300e-02,2.497e-12,3.799e-12
openacc,0,512,seamount,0.112374,0.027131,9.9829,2,multigrid,6,1.445110e-02,2.497e-12,3.799e-12
cuda,0,512,seamount,0.112374,0.027131,9.9829,2,multigrid,6,2.406961e-03,2.497e-12,3.799e-12
fortran_omp,1,512,seamount,0.112374,0.027131,9.9829,8,pcg_jacobi,91,1.962480e-01,8.947e-11,2.159e-10
fortran_omp,16,512,seamount,0.112374,0.027131,9.9829,8,pcg_jacobi,91,1.809120e-02,8.947e-11,2.159e-10
fortran_omp,32,512,seamount,0.112374,0.027131,9.9829,8,pcg_jacobi,91,1.279400e-02,8.947e-11,2.159e-10
fortran_serial,1,512,seamount,0.112374,0.027131,9.9829,8,pcg_jacobi,91,3.629900e-02,8.947e-11,2.159e-10
openacc,0,512,seamount,0.112374,0.027131,9.9829,8,pcg_jacobi,91,9.685000e-03,8.947e-11,2.159e-10
cuda,0,512,seamount,0.112374,0.027131,9.9829,8,pcg_jacobi,91,5.717418e-03,8.947e-11,2.159e-10
fortran_omp,1,512,seamount,0.112374,0.027131,9.9829,8,pcg_rbgs,46,2.170078e-01,6.516e-11,1.568e-10
fortran_omp,16,512,seamount,0.112374,0.027131,9.9829,8,pcg_rbgs,46,1.704000e-02,6.516e-11,1.568e-10
fortran_omp,32,512,seamount,0.112374,0.027131,9.9829,8,pcg_rbgs,46,1.415200e-02,6.516e-11,1.568e-10
fortran_serial,1,512,seamount,0.112374,0.027131,9.9829,8,pcg_rbgs,46,1.049661e-01,6.516e-11,1.568e-10
openacc,0,512,seamount,0.112374,0.027131,9.9829,8,pcg_rbgs,46,9.521900e-03,6.516e-11,1.568e-10
cuda,0,512,seamount,0.112374,0.027131,9.9829,8,pcg_rbgs,46,5.039973e-03,6.516e-11,1.568e-10
fortran_omp,1,512,seamount,0.112374,0.027131,9.9829,8,multigrid,9,8.444210e-02,7.703e-11,1.526e-10
fortran_omp,16,512,seamount,0.112374,0.027131,9.9829,8,multigrid,9,1.093100e-02,7.703e-11,1.526e-10
fortran_omp,32,512,seamount,0.112374,0.027131,9.9829,8,multigrid,9,1.168020e-02,7.703e-11,1.526e-10
fortran_serial,1,512,seamount,0.112374,0.027131,9.9829,8,multigrid,9,6.686090e-02,7.703e-11,1.526e-10
openacc,0,512,seamount,0.112374,0.027131,9.9829,8,multigrid,9,2.251600e-02,7.703e-11,1.526e-10
cuda,0,512,seamount,0.112374,0.027131,9.9829,8,multigrid,9,3.599995e-03,7.703e-11,1.526e-10
fortran_omp,1,512,seamount,0.112374,0.027131,9.9829,32,pcg_jacobi,348,7.503039e-01,9.947e-11,4.653e-10
fortran_omp,16,512,seamount,0.112374,0.027131,9.9829,32,pcg_jacobi,348,5.914810e-02,9.947e-11,4.653e-10
fortran_omp,32,512,seamount,0.112374,0.027131,9.9829,32,pcg_jacobi,348,7.952810e-02,9.947e-11,4.653e-10
fortran_serial,1,512,seamount,0.112374,0.027131,9.9829,32,pcg_jacobi,348,1.436451e-01,9.947e-11,4.653e-10
openacc,0,512,seamount,0.112374,0.027131,9.9829,32,pcg_jacobi,348,3.696900e-02,9.947e-11,4.653e-10
cuda,0,512,seamount,0.112374,0.027131,9.9829,32,pcg_jacobi,348,2.178541e-02,9.947e-11,4.653e-10
fortran_omp,1,512,seamount,0.112374,0.027131,9.9829,32,pcg_rbgs,174,8.139960e-01,9.749e-11,4.574e-10
fortran_omp,16,512,seamount,0.112374,0.027131,9.9829,32,pcg_rbgs,174,5.994200e-02,9.749e-11,4.574e-10
fortran_omp,32,512,seamount,0.112374,0.027131,9.9829,32,pcg_rbgs,174,6.007410e-02,9.749e-11,4.574e-10
fortran_serial,1,512,seamount,0.112374,0.027131,9.9829,32,pcg_rbgs,174,3.993058e-01,9.749e-11,4.574e-10
openacc,0,512,seamount,0.112374,0.027131,9.9829,32,pcg_rbgs,174,3.521080e-02,9.749e-11,4.574e-10
cuda,0,512,seamount,0.112374,0.027131,9.9829,32,pcg_rbgs,174,1.894987e-02,9.749e-11,4.574e-10
fortran_omp,1,512,seamount,0.112374,0.027131,9.9829,32,multigrid,10,9.412690e-02,6.862e-11,1.581e-10
fortran_omp,16,512,seamount,0.112374,0.027131,9.9829,32,multigrid,10,1.217600e-02,6.862e-11,1.581e-10
fortran_omp,32,512,seamount,0.112374,0.027131,9.9829,32,multigrid,10,9.261900e-03,6.862e-11,1.581e-10
fortran_serial,1,512,seamount,0.112374,0.027131,9.9829,32,multigrid,10,7.349010e-02,6.862e-11,1.581e-10
openacc,0,512,seamount,0.112374,0.027131,9.9829,32,multigrid,10,2.380510e-02,6.862e-11,1.581e-10
cuda,0,512,seamount,0.112374,0.027131,9.9829,32,multigrid,10,3.998849e-03,6.862e-11,1.581e-10
fortran_omp,1,512,seamount,0.112374,0.027131,9.9829,128,pcg_jacobi,1209,2.609343e+00,9.785e-11,4.815e-10
fortran_omp,16,512,seamount,0.112374,0.027131,9.9829,128,pcg_jacobi,1209,2.258380e-01,9.785e-11,4.815e-10
fortran_omp,32,512,seamount,0.112374,0.027131,9.9829,128,pcg_jacobi,1209,2.580049e-01,9.785e-11,4.815e-10
fortran_serial,1,512,seamount,0.112374,0.027131,9.9829,128,pcg_jacobi,1209,4.936540e-01,9.785e-11,4.815e-10
openacc,0,512,seamount,0.112374,0.027131,9.9829,128,pcg_jacobi,1209,1.264902e-01,9.785e-11,4.815e-10
cuda,0,512,seamount,0.112374,0.027131,9.9829,128,pcg_jacobi,1209,7.517900e-02,9.785e-11,4.815e-10
fortran_omp,1,512,seamount,0.112374,0.027131,9.9829,128,pcg_rbgs,604,2.826042e+00,9.974e-11,4.881e-10
fortran_omp,16,512,seamount,0.112374,0.027131,9.9829,128,pcg_rbgs,604,2.812070e-01,9.974e-11,4.881e-10
fortran_omp,32,512,seamount,0.112374,0.027131,9.9829,128,pcg_rbgs,604,2.735300e-01,9.974e-11,4.881e-10
fortran_serial,1,512,seamount,0.112374,0.027131,9.9829,128,pcg_rbgs,604,1.386712e+00,9.974e-11,4.881e-10
openacc,0,512,seamount,0.112374,0.027131,9.9829,128,pcg_rbgs,604,1.215279e-01,9.974e-11,4.881e-10
cuda,0,512,seamount,0.112374,0.027131,9.9829,128,pcg_rbgs,604,6.550966e-02,9.974e-11,4.881e-10
fortran_omp,1,512,seamount,0.112374,0.027131,9.9829,128,multigrid,11,1.033853e-01,1.286e-11,3.121e-11
fortran_omp,16,512,seamount,0.112374,0.027131,9.9829,128,multigrid,11,9.463100e-03,1.286e-11,3.121e-11
fortran_omp,32,512,seamount,0.112374,0.027131,9.9829,128,multigrid,11,8.162000e-03,1.286e-11,3.121e-11
fortran_serial,1,512,seamount,0.112374,0.027131,9.9829,128,multigrid,11,8.042500e-02,1.286e-11,3.121e-11
openacc,0,512,seamount,0.112374,0.027131,9.9829,128,multigrid,11,2.665290e-02,1.286e-11,3.121e-11
cuda,0,512,seamount,0.112374,0.027131,9.9829,128,multigrid,11,4.395769e-03,1.286e-11,3.121e-11
fortran_omp,1,512,ridge,0.328159,0.027146,9.9914,2,pcg_jacobi,24,5.230590e-02,8.616e-11,9.927e-11
fortran_omp,16,512,ridge,0.328159,0.027146,9.9914,2,pcg_jacobi,24,4.711800e-03,8.616e-11,9.927e-11
fortran_omp,32,512,ridge,0.328159,0.027146,9.9914,2,pcg_jacobi,24,3.257900e-03,8.616e-11,9.927e-11
fortran_serial,1,512,ridge,0.328159,0.027146,9.9914,2,pcg_jacobi,24,9.555100e-03,8.616e-11,9.927e-11
openacc,0,512,ridge,0.328159,0.027146,9.9914,2,pcg_jacobi,24,2.579000e-03,8.616e-11,9.927e-11
cuda,0,512,ridge,0.328159,0.027146,9.9914,2,pcg_jacobi,24,1.537906e-03,8.616e-11,9.927e-11
fortran_omp,1,512,ridge,0.328159,0.027146,9.9914,2,pcg_rbgs,12,5.661510e-02,6.933e-11,7.976e-11
fortran_omp,16,512,ridge,0.328159,0.027146,9.9914,2,pcg_rbgs,12,4.299000e-03,6.933e-11,7.976e-11
fortran_omp,32,512,ridge,0.328159,0.027146,9.9914,2,pcg_rbgs,12,3.805900e-03,6.933e-11,7.976e-11
fortran_serial,1,512,ridge,0.328159,0.027146,9.9914,2,pcg_rbgs,12,2.788620e-02,6.933e-11,7.976e-11
openacc,0,512,ridge,0.328159,0.027146,9.9914,2,pcg_rbgs,12,2.482200e-03,6.933e-11,7.976e-11
cuda,0,512,ridge,0.328159,0.027146,9.9914,2,pcg_rbgs,12,1.351094e-03,6.933e-11,7.976e-11
fortran_omp,1,512,ridge,0.328159,0.027146,9.9914,2,multigrid,6,5.673010e-02,2.090e-12,2.795e-12
fortran_omp,16,512,ridge,0.328159,0.027146,9.9914,2,multigrid,6,4.711900e-03,2.090e-12,2.795e-12
fortran_omp,32,512,ridge,0.328159,0.027146,9.9914,2,multigrid,6,5.285000e-03,2.090e-12,2.795e-12
fortran_serial,1,512,ridge,0.328159,0.027146,9.9914,2,multigrid,6,4.405800e-02,2.090e-12,2.795e-12
openacc,0,512,ridge,0.328159,0.027146,9.9914,2,multigrid,6,1.508910e-02,2.090e-12,2.795e-12
cuda,0,512,ridge,0.328159,0.027146,9.9914,2,multigrid,6,2.405989e-03,2.090e-12,2.795e-12
fortran_omp,1,512,ridge,0.328159,0.027146,9.9914,8,pcg_jacobi,91,1.963658e-01,7.812e-11,1.676e-10
fortran_omp,16,512,ridge,0.328159,0.027146,9.9914,8,pcg_jacobi,91,1.803680e-02,7.812e-11,1.676e-10
fortran_omp,32,512,ridge,0.328159,0.027146,9.9914,8,pcg_jacobi,91,2.013800e-02,7.812e-11,1.676e-10
fortran_serial,1,512,ridge,0.328159,0.027146,9.9914,8,pcg_jacobi,91,3.617720e-02,7.812e-11,1.676e-10
openacc,0,512,ridge,0.328159,0.027146,9.9914,8,pcg_jacobi,91,9.735200e-03,7.812e-11,1.676e-10
cuda,0,512,ridge,0.328159,0.027146,9.9914,8,pcg_jacobi,91,5.723978e-03,7.812e-11,1.676e-10
